{"EntityText":"#: E-000-2238712 Date: 12\/13\/2021 Stock: RK2029 RO: F3266645 PO:  (2022 RENAULT KWID ICO 93Y1R3D55NJ029786) Client: FERNANDO","UTCTimestamp":"2022-03-28T04:24:18.940","InspectionId":"0014498E-9C98-456D-83D7-BEA843E75DC2","InspectionNumber":"E-000-2238712","InspectionDate":"2021-12-13","InspectionType":{"Id":"04A19838-AEEC-4B12-BC41-77C52A166A0E","Name":"Hoja de Inspecci�n - check in"},"Amount":0.00,"ApprovedAmount":0.00,"DiscountAmount":0.00000,"TaxAmount":0.00000,"FeesAmount":0.00000,"Employee":{"Id":"D9181D69-A72F-4ED3-B334-455E1E58A55F","Name":"HERTZ F4KJL61QF193","ExternalID":null},"Client":{"Id":"1AD58875-383E-4AB1-946D-3BA3CE9D675F","Name":"FERNANDO","Address":"U HAB MILITAR AREA 7","Phone":"5527027233","ExternalID":null},"Vehicle":{"VIN":"93Y1R3D55NJ029786","Year":2022,"Make":"RENAULT","Model":"KWID ICO","PlateNo":"XXX P\/P","Vehicle":{"Color":null},"Mileage":25,"PaintCode":null},"StockNo":"RK2029","RONo":"F3266645","IsCompleted":false,"PONo":null,"SalesPerson":{"Id":null},"Sales":{"PersonName":null},"Owner":{"Id":null,"Name":null,"Address":"...","Phone":null},"Location":{"Name":null},"ServiceRequest":{"Id":"68EF2DDD-365C-EC11-8103-00155D9EC500","Number":"R-0007923383","LocalId":9958145},"Order":{"Id":null,"No":null},"Invoice":{"Id":null,"No":null},"Insurance":{"Id":null,"Name":null,"Address":null,"ContactInfo":""},"PolicyNumber":null,"ClaimNumber":null,"Deductible":null,"AccidentDate":null,"Inspection_Notes":"Contrato No \/ Rental Agreement: F3266645\r\nEconomico  \/ Stock: RK2029\r\nSeguro  \/ Coverage: CDW-2\r\nCD. Que Renta \/ Rental Location: CAN50\r\nCD. Recibe \/ Return Location: CAN50\r\nKM Salida \/ Mileage: 25\r\nGas Salida \/ Fuel Tank Level: \r\nDatos de contacto \/ Contact info: DREAMS VISTA CANCUN","EStatus":{"Id":5,"Name":"Draft"},"EStatusReason":{"Name":null},"CreateUTCTime":"2021-12-13T17:05:28.740","ModifyUTCTime":"2021-12-13T17:05:28.740","EstimationServices":null,"EstimationQuestions":null}
