{"EntityText":"#: E-000-2221500 Date: 12\/13\/2021 Stock: NM0502 RO: F3260514 PO:  (2020 NSN MARCHABS 3N1CK3CD7LL213481) Client: JUAN PABLO HUERTA SANCHEZ","UTCTimestamp":"2022-03-28T04:20:00.600","InspectionId":"0034DFF7-004F-40DE-A412-0FF67082A70D","InspectionNumber":"E-000-2221500","InspectionDate":"2021-12-13","InspectionType":{"Id":"04A19838-AEEC-4B12-BC41-77C52A166A0E","Name":"Hoja de Inspecci�n - check in"},"Amount":0.00,"ApprovedAmount":0.00,"DiscountAmount":0.00000,"TaxAmount":0.00000,"FeesAmount":0.00000,"Employee":{"Id":"49B21570-7F1F-494A-A33F-DC4D46619B7D","Name":"HERTZ F4KJHXX9F193","ExternalID":null},"Client":{"Id":"B1654F81-E6DA-4B16-A314-72CBBCA4BD17","Name":"JUAN PABLO HUERTA SANCHEZ","Address":"AV TAMAULIPAS 1150 EDIF 2 205","Phone":"5583033496","ExternalID":null},"Vehicle":{"VIN":"3N1CK3CD7LL213481","Year":2020,"Make":"NSN","Model":"MARCHABS","PlateNo":"YZC-629-C","Vehicle":{"Color":null},"Mileage":60677,"PaintCode":null},"StockNo":"NM0502","RONo":"F3260514","IsCompleted":false,"PONo":null,"SalesPerson":{"Id":null},"Sales":{"PersonName":null},"Owner":{"Id":null,"Name":null,"Address":"...","Phone":null},"Location":{"Name":null},"ServiceRequest":{"Id":"BC96FEC6-3C59-EC11-8103-00155D9EC500","Number":"R-0007914776","LocalId":9945955},"Order":{"Id":null,"No":null},"Invoice":{"Id":null,"No":null},"Insurance":{"Id":null,"Name":null,"Address":null,"ContactInfo":""},"PolicyNumber":null,"ClaimNumber":null,"Deductible":null,"AccidentDate":null,"Inspection_Notes":"Contrato No \/ Rental Agreement: F3260514\r\nEconomico  \/ Stock: NM0502\r\nSeguro  \/ Coverage: LDW,B2B\r\nCD. Que Renta \/ Rental Location: DCAN51\r\nCD. Recibe \/ Return Location: DCAN51\r\nKM Salida \/ Mileage: 60677\r\nGas Salida \/ Fuel Tank Level: F\r\nDatos de contacto \/ Contact info: CASA FAMILIAR PDC","EStatus":{"Id":5,"Name":"Draft"},"EStatusReason":{"Name":null},"CreateUTCTime":"2021-12-09T22:10:19.530","ModifyUTCTime":"2021-12-09T22:10:19.530","EstimationServices":null,"EstimationQuestions":null}
