{"EntityText":"#: E-000-2241932 Date: 12\/13\/2021 Stock: CA1007 RO: F3267746 PO:  (2021 CHE CAVALIER LSGKB54H2MV046202) Client: RAUKOVIC BRANKO","UTCTimestamp":"2022-03-28T04:31:09.373","InspectionId":"00374709-1D70-4684-A77B-8D0D8A2527D7","InspectionNumber":"E-000-2241932","InspectionDate":"2021-12-13","InspectionType":{"Id":"04A19838-AEEC-4B12-BC41-77C52A166A0E","Name":"Hoja de Inspecci�n - check in"},"Amount":0.00,"ApprovedAmount":0.00,"DiscountAmount":0.00000,"TaxAmount":0.00000,"FeesAmount":0.00000,"Employee":{"Id":"D9181D69-A72F-4ED3-B334-455E1E58A55F","Name":"HERTZ F4KJL61QF193","ExternalID":null},"Client":{"Id":"004B3BD4-7FC7-4C2A-94D0-DEF883D78E24","Name":"RAUKOVIC BRANKO","Address":"OAK ST STE","Phone":"+14155537133","ExternalID":null},"Vehicle":{"VIN":"LSGKB54H2MV046202","Year":2021,"Make":"CHE","Model":"CAVALIER","PlateNo":"ZCC-939-C","Vehicle":{"Color":null},"Mileage":27904,"PaintCode":null},"StockNo":"CA1007","RONo":"F3267746","IsCompleted":false,"PONo":null,"SalesPerson":{"Id":null},"Sales":{"PersonName":null},"Owner":{"Id":null,"Name":null,"Address":"...","Phone":null},"Location":{"Name":null},"ServiceRequest":{"Id":"A70C6625-805C-EC11-8103-00155D9EC500","Number":"R-0007924993","LocalId":9960658},"Order":{"Id":null,"No":null},"Invoice":{"Id":null,"No":null},"Insurance":{"Id":null,"Name":null,"Address":null,"ContactInfo":""},"PolicyNumber":null,"ClaimNumber":null,"Deductible":null,"AccidentDate":null,"Inspection_Notes":"Contrato No \/ Rental Agreement: F3267746\r\nEconomico  \/ Stock: CA1007\r\nSeguro  \/ Coverage: LDW,B2B\r\nCD. Que Renta \/ Rental Location: TCAN52\r\nCD. Recibe \/ Return Location: TCAN52\r\nKM Salida \/ Mileage: 27904\r\nGas Salida \/ Fuel Tank Level: F\r\nDatos de contacto \/ Contact info: HOTEL KRYSTAL CANCUN","EStatus":{"Id":2,"Name":"Archived"},"EStatusReason":{"Name":"Car Changed"},"CreateUTCTime":"2021-12-14T01:50:08.387","ModifyUTCTime":"2021-12-14T02:00:09.063","EstimationServices":null,"EstimationQuestions":null}
