{"EntityText":"#: E-000-2240554 Date: 12\/13\/2021 Stock: JO8246 RO: F3267271 PO:  (2018 DDG JOURNEY7 3C4BDCAB5JT421232) Client: ROBERTOGILMA","UTCTimestamp":"2022-03-28T04:28:37.390","InspectionId":"0049C527-98BE-4F52-8B5E-5EBA55C0D875","InspectionNumber":"E-000-2240554","InspectionDate":"2021-12-13","InspectionType":{"Id":"04A19838-AEEC-4B12-BC41-77C52A166A0E","Name":"Hoja de Inspecci�n - check in"},"Amount":0.00,"ApprovedAmount":0.00,"DiscountAmount":0.00000,"TaxAmount":0.00000,"FeesAmount":0.00000,"Employee":{"Id":"D9181D69-A72F-4ED3-B334-455E1E58A55F","Name":"HERTZ F4KJL61QF193","ExternalID":null},"Client":{"Id":"3DC23583-0331-42B3-A758-97DAB77BEC61","Name":"ROBERTOGILMA","Address":"RIVER ST","Phone":"+12012438928","ExternalID":null},"Vehicle":{"VIN":"3C4BDCAB5JT421232","Year":2018,"Make":"DDG","Model":"JOURNEY7","PlateNo":"YWV-018-C","Vehicle":{"Color":null},"Mileage":107194,"PaintCode":null},"StockNo":"JO8246","RONo":"F3267271","IsCompleted":false,"PONo":null,"SalesPerson":{"Id":null},"Sales":{"PersonName":null},"Owner":{"Id":null,"Name":null,"Address":"...","Phone":null},"Location":{"Name":null},"ServiceRequest":{"Id":"336B127F-5A5C-EC11-8103-00155D9EC500","Number":"R-0007924304","LocalId":9959587},"Order":{"Id":null,"No":null},"Invoice":{"Id":null,"No":null},"Insurance":{"Id":null,"Name":null,"Address":null,"ContactInfo":""},"PolicyNumber":null,"ClaimNumber":null,"Deductible":null,"AccidentDate":null,"Inspection_Notes":"Contrato No \/ Rental Agreement: F3267271\r\nEconomico  \/ Stock: JO8246\r\nSeguro  \/ Coverage: ALI,TP,LOST USE\r\nCD. Que Renta \/ Rental Location: CAN50\r\nCD. Recibe \/ Return Location: CAN50\r\nKM Salida \/ Mileage: 107194\r\nGas Salida \/ Fuel Tank Level: F\r\nDatos de contacto \/ Contact info: HTL PETITTE LAFITE","EStatus":{"Id":2,"Name":"Archived"},"EStatusReason":{"Name":"Car Changed"},"CreateUTCTime":"2021-12-13T21:20:38.097","ModifyUTCTime":"2021-12-13T21:55:18.070","EstimationServices":null,"EstimationQuestions":null}
