{"EntityText":"#: E-000-2238184 Date: 12\/13\/2021 Stock: AU0948 RO: F3266457 PO:  (2020 CHE AVEOLT LSGHD52HXLD018000) Client: NEVEU","UTCTimestamp":"2022-03-28T04:22:56.547","InspectionId":"004BFF59-AF44-404B-954F-B452F11306F6","InspectionNumber":"E-000-2238184","InspectionDate":"2021-12-13","InspectionType":{"Id":"04A19838-AEEC-4B12-BC41-77C52A166A0E","Name":"Hoja de Inspecci�n - check in"},"Amount":0.00,"ApprovedAmount":0.00,"DiscountAmount":0.00000,"TaxAmount":0.00000,"FeesAmount":0.00000,"Employee":{"Id":"D9181D69-A72F-4ED3-B334-455E1E58A55F","Name":"HERTZ F4KJL61QF193","ExternalID":null},"Client":{"Id":"651226A5-FDB4-404D-AFBA-FA49E3222E57","Name":"NEVEU","Address":"BRUZ LE ROCHE","Phone":"+447469207247","ExternalID":null},"Vehicle":{"VIN":"LSGHD52HXLD018000","Year":2020,"Make":"CHE","Model":"AVEOLT","PlateNo":"YZA-424-C","Vehicle":{"Color":null},"Mileage":53008,"PaintCode":null},"StockNo":"AU0948","RONo":"F3266457","IsCompleted":false,"PONo":null,"SalesPerson":{"Id":null},"Sales":{"PersonName":null},"Owner":{"Id":null,"Name":null,"Address":"...","Phone":null},"Location":{"Name":null},"ServiceRequest":{"Id":"0317BB12-2D5C-EC11-8103-00155D9EC500","Number":"R-0007923119","LocalId":9957742},"Order":{"Id":null,"No":null},"Invoice":{"Id":null,"No":null},"Insurance":{"Id":null,"Name":null,"Address":null,"ContactInfo":""},"PolicyNumber":null,"ClaimNumber":null,"Deductible":null,"AccidentDate":null,"Inspection_Notes":"Contrato No \/ Rental Agreement: F3266457\r\nEconomico  \/ Stock: AU0948\r\nSeguro  \/ Coverage: LDW,B2B,ALI,PAI,RS ASSIST.\r\nCD. Que Renta \/ Rental Location: CAN63\r\nCD. Recibe \/ Return Location: CAN52\r\nKM Salida \/ Mileage: 53008\r\nGas Salida \/ Fuel Tank Level: 3\/8\r\nDatos de contacto \/ Contact info: HOTEL: TULUM","EStatus":{"Id":5,"Name":"Draft"},"EStatusReason":{"Name":null},"CreateUTCTime":"2021-12-13T15:55:26.243","ModifyUTCTime":"2021-12-13T15:55:26.243","EstimationServices":null,"EstimationQuestions":null}
