{"EntityText":"#: E-000-2239526 Date: 12\/13\/2021 Stock: TA1593 RO: F3266913 PO:  (2021 VW TAOS 3VVHB6B28MM006230) Client: ERICK MITZUNORI","UTCTimestamp":"2022-03-28T04:26:09.920","InspectionId":"0055A4C1-3639-4F1B-965D-354AC07D5DD6","InspectionNumber":"E-000-2239526","InspectionDate":"2021-12-13","InspectionType":{"Id":"04A19838-AEEC-4B12-BC41-77C52A166A0E","Name":"Hoja de Inspecci�n - check in"},"Amount":0.00,"ApprovedAmount":0.00,"DiscountAmount":0.00000,"TaxAmount":0.00000,"FeesAmount":0.00000,"Employee":{"Id":"A3FA764F-59C5-4A11-BDC2-8F157B708CCB","Name":"HERTZ MXI50","ExternalID":null},"Client":{"Id":"EBFD3C6C-A270-44CA-8115-5B148F70538F","Name":"ERICK MITZUNORI","Address":"AGUA","Phone":"5554807975","ExternalID":null},"Vehicle":{"VIN":"3VVHB6B28MM006230","Year":2021,"Make":"VW","Model":"TAOS","PlateNo":"DAC-81-15","Vehicle":{"Color":null},"Mileage":24799,"PaintCode":null},"StockNo":"TA1593","RONo":"F3266913","IsCompleted":false,"PONo":null,"SalesPerson":{"Id":null},"Sales":{"PersonName":null},"Owner":{"Id":null,"Name":null,"Address":"...","Phone":null},"Location":{"Name":null},"ServiceRequest":{"Id":"EDF2454F-475C-EC11-8103-00155D9EC500","Number":"R-0007923790","LocalId":9958697},"Order":{"Id":null,"No":null},"Invoice":{"Id":null,"No":null},"Insurance":{"Id":null,"Name":null,"Address":null,"ContactInfo":""},"PolicyNumber":null,"ClaimNumber":null,"Deductible":null,"AccidentDate":null,"Inspection_Notes":"Contrato No \/ Rental Agreement: F3266913\r\nEconomico  \/ Stock: TA1593\r\nSeguro  \/ Coverage: LDWPACK US\r\nCD. Que Renta \/ Rental Location: MXI50\r\nCD. Recibe \/ Return Location: MXI50\r\nKM Salida \/ Mileage: 24799\r\nGas Salida \/ Fuel Tank Level: F\r\nDatos de contacto \/ Contact info: ","EStatus":{"Id":2,"Name":"Archived"},"EStatusReason":{"Name":"Car Changed"},"CreateUTCTime":"2021-12-13T19:03:11.670","ModifyUTCTime":"2021-12-13T19:11:50.377","EstimationServices":null,"EstimationQuestions":null}
