{"EntityText":"#: E-000-2238734 Date: 12\/13\/2021 Stock: AU1202 RO: F3266654 PO:  (2021 CHE AVEOLS LSGHD52HXMD056134) Client: MARIO ALBERTO","UTCTimestamp":"2022-03-28T04:24:18.940","InspectionId":"0069BF2C-E0FD-4BC4-B46D-7F6C92E82311","InspectionNumber":"E-000-2238734","InspectionDate":"2021-12-13","InspectionType":{"Id":"04A19838-AEEC-4B12-BC41-77C52A166A0E","Name":"Hoja de Inspecci�n - check in"},"Amount":0.00,"ApprovedAmount":0.00,"DiscountAmount":0.00000,"TaxAmount":0.00000,"FeesAmount":0.00000,"Employee":{"Id":"D8DE4A66-C3A6-4885-950A-1A40CBBC229C","Name":"HERTZ R52M10TCWQR","ExternalID":null},"Client":{"Id":"7D68BD62-7A61-4F72-9707-51C68A8392B1","Name":"MARIO ALBERTO","Address":"C 91","Phone":"9811693654","ExternalID":null},"Vehicle":{"VIN":"LSGHD52HXMD056134","Year":2021,"Make":"CHE","Model":"AVEOLS","PlateNo":"A-241-TPJ","Vehicle":{"Color":null},"Mileage":34885,"PaintCode":null},"StockNo":"AU1202","RONo":"F3266654","IsCompleted":false,"PONo":null,"SalesPerson":{"Id":null},"Sales":{"PersonName":null},"Owner":{"Id":null,"Name":null,"Address":"...","Phone":null},"Location":{"Name":null},"ServiceRequest":{"Id":"88F7FE83-375C-EC11-8103-00155D9EC500","Number":"R-0007923394","LocalId":9958159},"Order":{"Id":null,"No":null},"Invoice":{"Id":null,"No":null},"Insurance":{"Id":null,"Name":null,"Address":null,"ContactInfo":""},"PolicyNumber":null,"ClaimNumber":null,"Deductible":null,"AccidentDate":null,"Inspection_Notes":"Contrato No \/ Rental Agreement: F3266654\r\nEconomico  \/ Stock: AU1202\r\nSeguro  \/ Coverage: LDW,PAI,TP,B2B\r\nCD. Que Renta \/ Rental Location: MER50\r\nCD. Recibe \/ Return Location: MER50\r\nKM Salida \/ Mileage: 34885\r\nGas Salida \/ Fuel Tank Level: F\r\nDatos de contacto \/ Contact info: CASA","EStatus":{"Id":5,"Name":"Draft"},"EStatusReason":{"Name":null},"CreateUTCTime":"2021-12-13T17:10:15.973","ModifyUTCTime":"2021-12-13T17:10:15.973","EstimationServices":null,"EstimationQuestions":null}
