{"EntityText":"#: E-000-2238831 Date: 12\/13\/2021 Stock: AU1039 RO: F3266687 PO:  (2021 CHE AVEOLS LSGHD52H9MD024484) Client: ARENAS OSVAL","UTCTimestamp":"2022-03-28T04:24:18.940","InspectionId":"007092D5-B56D-4B04-A7D0-10ECB67B729B","InspectionNumber":"E-000-2238831","InspectionDate":"2021-12-13","InspectionType":{"Id":"33034816-D00A-49F6-8AA5-55D54FDE8907","Name":"Hoja de Inspeccion - check out"},"Amount":0.00,"ApprovedAmount":0.00,"DiscountAmount":0.00000,"TaxAmount":0.00000,"FeesAmount":0.00000,"Employee":{"Id":"4C1D4F7F-6DC2-4CCB-B1C9-068DC167B80B","Name":"HERTZ GDL50","ExternalID":null},"Client":{"Id":"BDC0C31B-7A21-468D-9ED5-9585A9B592DE","Name":"ARENAS OSVAL","Address":"AV 5 DE MAYO","Phone":"5548397403","ExternalID":null},"Vehicle":{"VIN":"LSGHD52H9MD024484","Year":2021,"Make":"CHE","Model":"AVEOLS","PlateNo":"YWL-524-D","Vehicle":{"Color":null},"Mileage":43747,"PaintCode":null},"StockNo":"AU1039","RONo":"F3266687","IsCompleted":false,"PONo":null,"SalesPerson":{"Id":null},"Sales":{"PersonName":null},"Owner":{"Id":null,"Name":null,"Address":"...","Phone":null},"Location":{"Name":null},"ServiceRequest":{"Id":"992BA3EF-385C-EC11-8103-00155D9EC500","Number":"R-0007923443","LocalId":9958220},"Order":{"Id":null,"No":null},"Invoice":{"Id":null,"No":null},"Insurance":{"Id":null,"Name":null,"Address":null,"ContactInfo":""},"PolicyNumber":null,"ClaimNumber":null,"Deductible":null,"AccidentDate":null,"Inspection_Notes":"Contrato No \/ Rental Agreement: F3266687\r\nEconomico  \/ Stock: AU1039\r\nSeguro  \/ Coverage: LDW,PAI,TP,B2B\r\nCD. Que Renta \/ Rental Location: GDL50\r\nCD. Recibe \/ Return Location: GDL50\r\nKM Salida \/ Mileage: 43747\r\nGas Salida \/ Fuel Tank Level: F\r\nDatos de contacto \/ Contact info: ","EStatus":{"Id":2,"Name":"Archived"},"EStatusReason":{"Name":"Car Changed"},"CreateUTCTime":"2021-12-13T17:20:25.170","ModifyUTCTime":"2021-12-13T17:30:15.277","EstimationServices":null,"EstimationQuestions":null}
