{"EntityText":"#: E-000-2241755 Date: 12\/13\/2021 Stock: CA1355 RO: F3267683 PO:  (2021 CHE CAVALILT LSGKB54H4MV047271) Client: GUILLERM","UTCTimestamp":"2022-03-28T04:31:09.373","InspectionId":"00986D68-112A-4400-9470-F854011224EE","InspectionNumber":"E-000-2241755","InspectionDate":"2021-12-13","InspectionType":{"Id":"33034816-D00A-49F6-8AA5-55D54FDE8907","Name":"Hoja de Inspeccion - check out"},"Amount":0.00,"ApprovedAmount":0.00,"DiscountAmount":0.00000,"TaxAmount":0.00000,"FeesAmount":0.00000,"Employee":{"Id":"7272EF35-BA42-4012-A525-ECB34FF20C5B","Name":"HERTZ R52M10TDL7W","ExternalID":null},"Client":{"Id":"39CC451C-1ABA-4445-8C2F-51A4BF192370","Name":"GUILLERM","Address":"C FUENTE DE LA LUZ","Phone":"4448173210","ExternalID":null},"Vehicle":{"VIN":"LSGKB54H4MV047271","Year":2021,"Make":"CHE","Model":"CAVALILT","PlateNo":"EPA-80-25","Vehicle":{"Color":null},"Mileage":25948,"PaintCode":null},"StockNo":"CA1355","RONo":"F3267683","IsCompleted":false,"PONo":null,"SalesPerson":{"Id":null},"Sales":{"PersonName":null},"Owner":{"Id":null,"Name":null,"Address":"...","Phone":null},"Location":{"Name":null},"ServiceRequest":{"Id":"A1EB7631-795C-EC11-8103-00155D9EC500","Number":"R-0007924905","LocalId":9960551},"Order":{"Id":null,"No":null},"Invoice":{"Id":null,"No":null},"Insurance":{"Id":null,"Name":null,"Address":null,"ContactInfo":""},"PolicyNumber":null,"ClaimNumber":null,"Deductible":null,"AccidentDate":null,"Inspection_Notes":"Contrato No \/ Rental Agreement: F3267683\r\nEconomico  \/ Stock: CA1355\r\nSeguro  \/ Coverage: CDW-2\r\nCD. Que Renta \/ Rental Location: MTY52\r\nCD. Recibe \/ Return Location: MTY53\r\nKM Salida \/ Mileage: 25948\r\nGas Salida \/ Fuel Tank Level: F\r\nDatos de contacto \/ Contact info: AB&B 2916 MARCOS DE MISA MTY N","EStatus":{"Id":2,"Name":"Archived"},"EStatusReason":{"Name":"Car Changed"},"CreateUTCTime":"2021-12-14T01:00:20.120","ModifyUTCTime":"2021-12-14T01:10:11.283","EstimationServices":null,"EstimationQuestions":null}
