{"EntityText":"#: E-000-1859809 Date: 12\/13\/2021 Stock: AU1036 RO: F3134886 PO:  (2021 CHE AVEOLS LSGHD52HXMD024865) Client: CARLOS","UTCTimestamp":"2022-03-28T04:19:39.813","InspectionId":"009A68D4-2371-4DE9-AAE3-F5A19F4E48B8","InspectionNumber":"E-000-1859809","InspectionDate":"2021-12-13","InspectionType":{"Id":"33034816-D00A-49F6-8AA5-55D54FDE8907","Name":"Hoja de Inspeccion - check out"},"Amount":0.00,"ApprovedAmount":0.00,"DiscountAmount":0.00000,"TaxAmount":0.00000,"FeesAmount":0.00000,"Employee":{"Id":"5743A0B6-7B04-4574-95C1-7ABA2C19E73F","Name":"HERTZ AGU50","ExternalID":null},"Client":{"Id":"42746C2B-9233-4C5F-AC10-1848DFDF3FED","Name":"CARLOS","Address":"CARR MEXICO TOLUCA","Phone":"5523308346","ExternalID":null},"Vehicle":{"VIN":"LSGHD52HXMD024865","Year":2021,"Make":"CHE","Model":"AVEOLS","PlateNo":"YWL-509-D","Vehicle":{"Color":null},"Mileage":31548,"PaintCode":null},"StockNo":"AU1036","RONo":"F3134886","IsCompleted":false,"PONo":null,"SalesPerson":{"Id":null},"Sales":{"PersonName":null},"Owner":{"Id":null,"Name":null,"Address":"...","Phone":null},"Location":{"Name":null},"ServiceRequest":{"Id":"AECC1ECC-8A1C-EC11-80FE-00155D9EC500","Number":"R-0007733901","LocalId":9641045},"Order":{"Id":null,"No":null},"Invoice":{"Id":null,"No":null},"Insurance":{"Id":null,"Name":null,"Address":null,"ContactInfo":""},"PolicyNumber":null,"ClaimNumber":null,"Deductible":null,"AccidentDate":null,"Inspection_Notes":"Contrato No \/ Rental Agreement: F3134886\r\nEconomico  \/ Stock: AU1036\r\nSeguro  \/ Coverage: LDW,PAI\r\nCD. Que Renta \/ Rental Location: ZCL50\r\nCD. Recibe \/ Return Location: ZCL50\r\nKM Salida \/ Mileage: 31548\r\nGas Salida \/ Fuel Tank Level: 3\/4\r\nDatos de contacto \/ Contact info: ZACATECAS","EStatus":{"Id":5,"Name":"Draft"},"EStatusReason":{"Name":null},"CreateUTCTime":"2021-09-23T16:25:10.383","ModifyUTCTime":"2021-09-23T16:25:10.383","EstimationServices":null,"EstimationQuestions":null}
