{"EntityText":"#: E-000-2155184 Date: 12\/13\/2021 Stock: SE1050 RO: ME982612 PO:  (2021 NSN SENTRA 3N1AB8AE6MY335835) Client: ERICK NAVA CRUZ","UTCTimestamp":"2022-03-28T04:19:48.133","InspectionId":"00C314DD-D4B7-46A6-AAAA-2DDBCC4A2EE9","InspectionNumber":"E-000-2155184","InspectionDate":"2021-12-13","InspectionType":{"Id":"04A19838-AEEC-4B12-BC41-77C52A166A0E","Name":"Hoja de Inspecci�n - check in"},"Amount":0.00,"ApprovedAmount":0.00,"DiscountAmount":0.00000,"TaxAmount":0.00000,"FeesAmount":0.00000,"Employee":{"Id":"36D5A659-96CA-4FFC-8E9F-6A4418AB3FA3","Name":"HERTZ MEX51","ExternalID":null},"Client":{"Id":"CF7D5E4D-77AD-427B-A5AB-6FC9467B82D4","Name":"ERICK NAVA CRUZ","Address":"...","Phone":null,"ExternalID":null},"Vehicle":{"VIN":"3N1AB8AE6MY335835","Year":2021,"Make":"NSN","Model":"SENTRA","PlateNo":"ENX-97-38","Vehicle":{"Color":null},"Mileage":5,"PaintCode":null},"StockNo":"SE1050","RONo":"ME982612","IsCompleted":false,"PONo":null,"SalesPerson":{"Id":null},"Sales":{"PersonName":null},"Owner":{"Id":null,"Name":null,"Address":"...","Phone":null},"Location":{"Name":null},"ServiceRequest":{"Id":"2D5CA863-2C4E-EC11-8103-00155D9EC500","Number":"R-0007881617","LocalId":9893731},"Order":{"Id":null,"No":null},"Invoice":{"Id":null,"No":null},"Insurance":{"Id":null,"Name":null,"Address":null,"ContactInfo":""},"PolicyNumber":null,"ClaimNumber":null,"Deductible":null,"AccidentDate":null,"Inspection_Notes":"Contrato No \/ Rental Agreement: ME982612\r\nEconomico  \/ Stock: SE1050\r\nSeguro  \/ Coverage: \r\nCD. Que Renta \/ Rental Location: MEX97\r\nCD. Recibe \/ Return Location: MEX51\r\nKM Salida \/ Mileage: 5\r\nGas Salida \/ Fuel Tank Level: \r\nDatos de contacto \/ Contact info: ","EStatus":{"Id":5,"Name":"Draft"},"EStatusReason":{"Name":null},"CreateUTCTime":"2021-11-25T20:15:20.477","ModifyUTCTime":"2021-11-25T20:15:20.477","EstimationServices":null,"EstimationQuestions":null}
