{"EntityText":"#: E-000-2241623 Date: 12\/13\/2021 Stock: VV0A37 RO: F3267633 PO:  (2020 VW VENTO MEX512605LT040977) Client: CHRISTIANNE","UTCTimestamp":"2022-03-28T04:30:31.747","InspectionId":"00C6B424-EE2D-4697-A1C2-6B0E514024ED","InspectionNumber":"E-000-2241623","InspectionDate":"2021-12-13","InspectionType":{"Id":"33034816-D00A-49F6-8AA5-55D54FDE8907","Name":"Hoja de Inspeccion - check out"},"Amount":0.00,"ApprovedAmount":0.00,"DiscountAmount":0.00000,"TaxAmount":0.00000,"FeesAmount":0.00000,"Employee":{"Id":"49B21570-7F1F-494A-A33F-DC4D46619B7D","Name":"HERTZ F4KJHXX9F193","ExternalID":null},"Client":{"Id":"20A8BE8C-8497-4850-8E2B-8AD566CF3136","Name":"CHRISTIANNE","Address":"LACY WAY","Phone":"5742747166","ExternalID":null},"Vehicle":{"VIN":"MEX512605LT040977","Year":2020,"Make":"VW","Model":"VENTO","PlateNo":"YZF-689-C","Vehicle":{"Color":null},"Mileage":52599,"PaintCode":null},"StockNo":"VV0A37","RONo":"F3267633","IsCompleted":false,"PONo":null,"SalesPerson":{"Id":null},"Sales":{"PersonName":null},"Owner":{"Id":null,"Name":null,"Address":"...","Phone":null},"Location":{"Name":null},"ServiceRequest":{"Id":"30B4ECFD-745C-EC11-8103-00155D9EC500","Number":"R-0007924839","LocalId":9960445},"Order":{"Id":null,"No":null},"Invoice":{"Id":null,"No":null},"Insurance":{"Id":null,"Name":null,"Address":null,"ContactInfo":""},"PolicyNumber":null,"ClaimNumber":null,"Deductible":null,"AccidentDate":null,"Inspection_Notes":"Contrato No \/ Rental Agreement: F3267633\r\nEconomico  \/ Stock: VV0A37\r\nSeguro  \/ Coverage: LDW PACK,RS ASSIST.\r\nCD. Que Renta \/ Rental Location: CAN50\r\nCD. Recibe \/ Return Location: CAN50\r\nKM Salida \/ Mileage: 52599\r\nGas Salida \/ Fuel Tank Level: F\r\nDatos de contacto \/ Contact info: CALLE 10 SUR 11 TULUM","EStatus":{"Id":2,"Name":"Archived"},"EStatusReason":{"Name":"Car Changed"},"CreateUTCTime":"2021-12-14T00:30:19.587","ModifyUTCTime":"2021-12-14T00:45:10.883","EstimationServices":null,"EstimationQuestions":null}
