{"EntityText":"#: E-000-2242165 Date: 12\/13\/2021 Stock: RK0035 RO: GDA04214 PO:  (2020 RENAULT KWID 93Y1R3D53LJ577959) Client: GOMEZ RAMON","UTCTimestamp":"2022-03-28T04:31:47.343","InspectionId":"00FA8243-5EFB-4A09-8634-698D67FD3411","InspectionNumber":"E-000-2242165","InspectionDate":"2021-12-13","InspectionType":{"Id":"33034816-D00A-49F6-8AA5-55D54FDE8907","Name":"Hoja de Inspeccion - check out"},"Amount":0.00,"ApprovedAmount":0.00,"DiscountAmount":0.00000,"TaxAmount":0.00000,"FeesAmount":0.00000,"Employee":{"Id":"4C1D4F7F-6DC2-4CCB-B1C9-068DC167B80B","Name":"HERTZ GDL50","ExternalID":null},"Client":{"Id":"A86B0869-AFE8-455C-9F76-DCF09A123005","Name":"GOMEZ RAMON","Address":"...","Phone":null,"ExternalID":null},"Vehicle":{"VIN":"93Y1R3D53LJ577959","Year":2020,"Make":"RENAULT","Model":"KWID","PlateNo":"YWL-037-D","Vehicle":{"Color":null},"Mileage":33365,"PaintCode":null},"StockNo":"RK0035","RONo":"GDA04214","IsCompleted":false,"PONo":null,"SalesPerson":{"Id":null},"Sales":{"PersonName":null},"Owner":{"Id":null,"Name":null,"Address":"...","Phone":null},"Location":{"Name":null},"ServiceRequest":{"Id":"04ADAE55-8B5C-EC11-8103-00155D9EC500","Number":"R-0007925110","LocalId":9960825},"Order":{"Id":null,"No":null},"Invoice":{"Id":null,"No":null},"Insurance":{"Id":null,"Name":null,"Address":null,"ContactInfo":""},"PolicyNumber":null,"ClaimNumber":null,"Deductible":null,"AccidentDate":null,"Inspection_Notes":"Contrato No \/ Rental Agreement: GDA04214\r\nEconomico  \/ Stock: RK0035\r\nSeguro  \/ Coverage: \r\nCD. Que Renta \/ Rental Location: GDL50\r\nCD. Recibe \/ Return Location: GDL50\r\nKM Salida \/ Mileage: 33365\r\nGas Salida \/ Fuel Tank Level: F\r\nDatos de contacto \/ Contact info: ","EStatus":{"Id":5,"Name":"Draft"},"EStatusReason":{"Name":null},"CreateUTCTime":"2021-12-14T03:10:12.230","ModifyUTCTime":"2021-12-14T03:10:12.230","EstimationServices":null,"EstimationQuestions":null}
