{"EntityText":"#: E-000-2238369 Date: 12\/13\/2021 Stock: RK1054 RO: F3266520 PO:  (2021 RENAULT KWID 93Y1R3D51MJ900147) Client: JOSE DAVID","UTCTimestamp":"2022-03-28T04:23:37.427","InspectionId":"01088397-278F-4780-8EDF-E58D56F1F829","InspectionNumber":"E-000-2238369","InspectionDate":"2021-12-13","InspectionType":{"Id":"33034816-D00A-49F6-8AA5-55D54FDE8907","Name":"Hoja de Inspeccion - check out"},"Amount":0.00,"ApprovedAmount":0.00,"DiscountAmount":0.00000,"TaxAmount":0.00000,"FeesAmount":0.00000,"Employee":{"Id":"7272EF35-BA42-4012-A525-ECB34FF20C5B","Name":"HERTZ R52M10TDL7W","ExternalID":null},"Client":{"Id":"7721F5B2-431D-43B5-88CC-FC8F24AA3E5A","Name":"JOSE DAVID","Address":"CARRERA 9A","Phone":"3205782453","ExternalID":null},"Vehicle":{"VIN":"93Y1R3D51MJ900147","Year":2021,"Make":"RENAULT","Model":"KWID","PlateNo":"WFK-611-A","Vehicle":{"Color":null},"Mileage":14867,"PaintCode":null},"StockNo":"RK1054","RONo":"F3266520","IsCompleted":false,"PONo":null,"SalesPerson":{"Id":null},"Sales":{"PersonName":null},"Owner":{"Id":null,"Name":null,"Address":"...","Phone":null},"Location":{"Name":null},"ServiceRequest":{"Id":"6A45B990-305C-EC11-8103-00155D9EC500","Number":"R-0007923212","LocalId":9957895},"Order":{"Id":null,"No":null},"Invoice":{"Id":null,"No":null},"Insurance":{"Id":null,"Name":null,"Address":null,"ContactInfo":""},"PolicyNumber":null,"ClaimNumber":null,"Deductible":null,"AccidentDate":null,"Inspection_Notes":"Contrato No \/ Rental Agreement: F3266520\r\nEconomico  \/ Stock: RK1054\r\nSeguro  \/ Coverage: LDW,B2B\r\nCD. Que Renta \/ Rental Location: MTY50\r\nCD. Recibe \/ Return Location: MTY53\r\nKM Salida \/ Mileage: 14867\r\nGas Salida \/ Fuel Tank Level: F\r\nDatos de contacto \/ Contact info: HOTEL HAMTON INN","EStatus":{"Id":5,"Name":"Draft"},"EStatusReason":{"Name":null},"CreateUTCTime":"2021-12-13T16:20:29.083","ModifyUTCTime":"2021-12-13T16:20:29.083","EstimationServices":null,"EstimationQuestions":null}
