{"EntityText":"#: E-000-2239065 Date: 12\/13\/2021 Stock: NK1407 RO: F3266771 PO:  (2021 NSN KICKSADV 3N8CP5HE4ML551390) Client: ROBERTO PADILLA","UTCTimestamp":"2022-03-28T04:24:53.330","InspectionId":"0153C367-6687-4200-AF35-8FABA32523C3","InspectionNumber":"E-000-2239065","InspectionDate":"2021-12-13","InspectionType":{"Id":"33034816-D00A-49F6-8AA5-55D54FDE8907","Name":"Hoja de Inspeccion - check out"},"Amount":0.00,"ApprovedAmount":0.00,"DiscountAmount":0.00000,"TaxAmount":0.00000,"FeesAmount":0.00000,"Employee":{"Id":"ED630168-DBE6-4645-A153-00A57C5D54A6","Name":"HERTZ TIJ51","ExternalID":null},"Client":{"Id":"C68E795A-4BCD-4B0A-9CD5-D23F52C65217","Name":"ROBERTO PADILLA","Address":"MANUEL A","Phone":"5519691535","ExternalID":null},"Vehicle":{"VIN":"3N8CP5HE4ML551390","Year":2021,"Make":"NSN","Model":"KICKSADV","PlateNo":"DAD-41-81","Vehicle":{"Color":null},"Mileage":3485,"PaintCode":null},"StockNo":"NK1407","RONo":"F3266771","IsCompleted":false,"PONo":null,"SalesPerson":{"Id":null},"Sales":{"PersonName":null},"Owner":{"Id":null,"Name":null,"Address":"...","Phone":null},"Location":{"Name":null},"ServiceRequest":{"Id":"BDC377CC-3D5C-EC11-8103-00155D9EC500","Number":"R-0007923560","LocalId":9958388},"Order":{"Id":null,"No":null},"Invoice":{"Id":null,"No":null},"Insurance":{"Id":null,"Name":null,"Address":null,"ContactInfo":""},"PolicyNumber":null,"ClaimNumber":null,"Deductible":null,"AccidentDate":null,"Inspection_Notes":"Contrato No \/ Rental Agreement: F3266771\r\nEconomico  \/ Stock: NK1407\r\nSeguro  \/ Coverage: LDW,EU SEGURO.\r\nCD. Que Renta \/ Rental Location: DTIJ51\r\nCD. Recibe \/ Return Location: DTIJ51\r\nKM Salida \/ Mileage: 3485\r\nGas Salida \/ Fuel Tank Level: 1\/4\r\nDatos de contacto \/ Contact info: TIJUANA","EStatus":{"Id":5,"Name":"Draft"},"EStatusReason":{"Name":null},"CreateUTCTime":"2021-12-13T17:55:09.400","ModifyUTCTime":"2021-12-13T17:55:09.400","EstimationServices":null,"EstimationQuestions":null}
