{"EntityText":"#: E-000-2239740 Date: 12\/13\/2021 Stock: CO2001 RO: L1489808 PO:  (2022 TYT COROLLA 5YFEPMAE1NP279099) Client: ZAYLY SINAI","UTCTimestamp":"2022-03-28T04:26:50.300","InspectionId":"01648A96-08EB-46CC-9433-F069919C2663","InspectionNumber":"E-000-2239740","InspectionDate":"2021-12-13","InspectionType":{"Id":"04A19838-AEEC-4B12-BC41-77C52A166A0E","Name":"Hoja de Inspecci�n - check in"},"Amount":0.00,"ApprovedAmount":0.00,"DiscountAmount":0.00000,"TaxAmount":0.00000,"FeesAmount":0.00000,"Employee":{"Id":"2FD473DB-0DB7-4222-88D1-0249A8C52977","Name":"HERTZ CBX50","ExternalID":null},"Client":{"Id":"34758F46-3E65-4CBE-8CFB-A45DD0CDCBE2","Name":"ZAYLY SINAI","Address":"SAAVEDRA","Phone":"5539933804","ExternalID":null},"Vehicle":{"VIN":"5YFEPMAE1NP279099","Year":2022,"Make":"TYT","Model":"COROLLA","PlateNo":"8YPS928","Vehicle":{"Color":null},"Mileage":3510,"PaintCode":null},"StockNo":"CO2001","RONo":"L1489808","IsCompleted":false,"PONo":null,"SalesPerson":{"Id":null},"Sales":{"PersonName":null},"Owner":{"Id":null,"Name":null,"Address":"...","Phone":null},"Location":{"Name":null},"ServiceRequest":{"Id":"D5B628C0-495C-EC11-8103-00155D9EC500","Number":"R-0007923897","LocalId":9958839},"Order":{"Id":null,"No":null},"Invoice":{"Id":null,"No":null},"Insurance":{"Id":null,"Name":null,"Address":null,"ContactInfo":""},"PolicyNumber":null,"ClaimNumber":null,"Deductible":null,"AccidentDate":null,"Inspection_Notes":"Contrato No \/ Rental Agreement: L1489808\r\nEconomico  \/ Stock: CO2001\r\nSeguro  \/ Coverage: LDW0,B2B\r\nCD. Que Renta \/ Rental Location: CBX50\r\nCD. Recibe \/ Return Location: CBX50\r\nKM Salida \/ Mileage: 3510\r\nGas Salida \/ Fuel Tank Level: 1\/4\r\nDatos de contacto \/ Contact info: ","EStatus":{"Id":5,"Name":"Draft"},"EStatusReason":{"Name":null},"CreateUTCTime":"2021-12-13T19:20:41.460","ModifyUTCTime":"2021-12-13T19:20:41.460","EstimationServices":null,"EstimationQuestions":null}
