{"EntityText":"#: E-000-1711542 Date: 12\/13\/2021 Stock: PO1198 RO: F3083735 PO:  (2021 VW POLOC MEX6K2600MT118259) Client: LUIS ALBERTO","UTCTimestamp":"2022-03-28T04:19:39.813","InspectionId":"0198F2A4-444B-4931-A581-0E0F291E8013","InspectionNumber":"E-000-1711542","InspectionDate":"2021-12-13","InspectionType":{"Id":"04A19838-AEEC-4B12-BC41-77C52A166A0E","Name":"Hoja de Inspecci�n - check in"},"Amount":0.00,"ApprovedAmount":0.00,"DiscountAmount":0.00000,"TaxAmount":0.00000,"FeesAmount":0.00000,"Employee":{"Id":"52819308-9F8A-4AB2-8B65-707CFAC517C1","Name":"HERTZ PAC60","ExternalID":null},"Client":{"Id":"CC4032CF-5C5E-4123-9975-0E98F665A1F9","Name":"LUIS ALBERTO","Address":"LAGO ZIRAHUEN","Phone":"5527954065","ExternalID":null},"Vehicle":{"VIN":"MEX6K2600MT118259","Year":2021,"Make":"VW","Model":"POLOC","PlateNo":"DAC-58-79","Vehicle":{"Color":null},"Mileage":9203,"PaintCode":null},"StockNo":"PO1198","RONo":"F3083735","IsCompleted":false,"PONo":null,"SalesPerson":{"Id":null},"Sales":{"PersonName":null},"Owner":{"Id":null,"Name":null,"Address":"...","Phone":null},"Location":{"Name":null},"ServiceRequest":{"Id":"9C69ABC4-EE00-EC11-80FE-00155D9EC500","Number":"R-0007659743","LocalId":9511111},"Order":{"Id":null,"No":null},"Invoice":{"Id":null,"No":null},"Insurance":{"Id":null,"Name":null,"Address":null,"ContactInfo":""},"PolicyNumber":null,"ClaimNumber":null,"Deductible":null,"AccidentDate":null,"Inspection_Notes":"Contrato No \/ Rental Agreement: F3083735\r\nEconomico  \/ Stock: PO1198\r\nSeguro  \/ Coverage: CDW-2,PAI,TP,B2B,CDW2-LDW0%\r\nCD. Que Renta \/ Rental Location: TMEX53\r\nCD. Recibe \/ Return Location: TMEX53\r\nKM Salida \/ Mileage: 9203\r\nGas Salida \/ Fuel Tank Level: F\r\nDatos de contacto \/ Contact info: COND ADC","EStatus":{"Id":5,"Name":"Draft"},"EStatusReason":{"Name":null},"CreateUTCTime":"2021-08-19T13:10:05.420","ModifyUTCTime":"2021-08-19T13:10:05.420","EstimationServices":null,"EstimationQuestions":null}
