{"EntityText":"#: E-000-2239555 Date: 12\/13\/2021 Stock: MI2221 RO: F3266928 PO:  (2022 MTSH MIRA GLX ML3AFT6J0NH004081) Client: ZENAIDO","UTCTimestamp":"2022-03-28T04:26:09.920","InspectionId":"0199F5B5-7FE8-4E1B-BBE5-7B9A5D601388","InspectionNumber":"E-000-2239555","InspectionDate":"2021-12-13","InspectionType":{"Id":"33034816-D00A-49F6-8AA5-55D54FDE8907","Name":"Hoja de Inspeccion - check out"},"Amount":0.00,"ApprovedAmount":0.00,"DiscountAmount":0.00000,"TaxAmount":0.00000,"FeesAmount":0.00000,"Employee":{"Id":"D9181D69-A72F-4ED3-B334-455E1E58A55F","Name":"HERTZ F4KJL61QF193","ExternalID":null},"Client":{"Id":"911EC0B1-FAFB-49C2-AD4A-9A910DA3AB23","Name":"ZENAIDO","Address":"31530","Phone":"2533942721","ExternalID":null},"Vehicle":{"VIN":"ML3AFT6J0NH004081","Year":2022,"Make":"MTSH","Model":"MIRA GLX","PlateNo":"XXX P\/P","Vehicle":{"Color":null},"Mileage":239,"PaintCode":null},"StockNo":"MI2221","RONo":"F3266928","IsCompleted":false,"PONo":null,"SalesPerson":{"Id":null},"Sales":{"PersonName":null},"Owner":{"Id":null,"Name":null,"Address":"...","Phone":null},"Location":{"Name":null},"ServiceRequest":{"Id":"E86E5DAE-475C-EC11-8103-00155D9EC500","Number":"R-0007923805","LocalId":9958715},"Order":{"Id":null,"No":null},"Invoice":{"Id":null,"No":null},"Insurance":{"Id":null,"Name":null,"Address":null,"ContactInfo":""},"PolicyNumber":null,"ClaimNumber":null,"Deductible":null,"AccidentDate":null,"Inspection_Notes":"Contrato No \/ Rental Agreement: F3266928\r\nEconomico  \/ Stock: MI2221\r\nSeguro  \/ Coverage: LDW,B2B\r\nCD. Que Renta \/ Rental Location: TCAN52\r\nCD. Recibe \/ Return Location: TCAN52\r\nKM Salida \/ Mileage: 239\r\nGas Salida \/ Fuel Tank Level: F\r\nDatos de contacto \/ Contact info: CITY EPREXX","EStatus":{"Id":5,"Name":"Draft"},"EStatusReason":{"Name":null},"CreateUTCTime":"2021-12-13T19:05:54.240","ModifyUTCTime":"2021-12-13T19:05:54.240","EstimationServices":null,"EstimationQuestions":null}
