{"EntityText":"#: E-000-2241729 Date: 12\/13\/2021 Stock: RK1443 RO: F3267674 PO:  (2021 RENAULT KWID 93Y1R3D58MJ991076) Client: DANIEL SURESH","UTCTimestamp":"2022-03-28T04:31:09.373","InspectionId":"019A22AA-F762-447F-8937-0B82B31F9761","InspectionNumber":"E-000-2241729","InspectionDate":"2021-12-13","InspectionType":{"Id":"33034816-D00A-49F6-8AA5-55D54FDE8907","Name":"Hoja de Inspeccion - check out"},"Amount":0.00,"ApprovedAmount":0.00,"DiscountAmount":0.00000,"TaxAmount":0.00000,"FeesAmount":0.00000,"Employee":{"Id":"D967FA0D-AB21-43BD-A8C5-51F8815621D7","Name":"HERTZ HUA50","ExternalID":null},"Client":{"Id":"EDF96D79-074E-4747-B5F1-3D0A81BD56CA","Name":"DANIEL SURESH","Address":"JURGEN TOPFER STRASSE 28","Phone":"00491771531820","ExternalID":null},"Vehicle":{"VIN":"93Y1R3D58MJ991076","Year":2021,"Make":"RENAULT","Model":"KWID","PlateNo":"YYW-970-D","Vehicle":{"Color":null},"Mileage":6026,"PaintCode":null},"StockNo":"RK1443","RONo":"F3267674","IsCompleted":false,"PONo":null,"SalesPerson":{"Id":null},"Sales":{"PersonName":null},"Owner":{"Id":null,"Name":null,"Address":"...","Phone":null},"Location":{"Name":null},"ServiceRequest":{"Id":"835AB47A-785C-EC11-8103-00155D9EC500","Number":"R-0007924892","LocalId":9960533},"Order":{"Id":null,"No":null},"Invoice":{"Id":null,"No":null},"Insurance":{"Id":null,"Name":null,"Address":null,"ContactInfo":""},"PolicyNumber":null,"ClaimNumber":null,"Deductible":null,"AccidentDate":null,"Inspection_Notes":"Contrato No \/ Rental Agreement: F3267674\r\nEconomico  \/ Stock: RK1443\r\nSeguro  \/ Coverage: LDW,B2B\r\nCD. Que Renta \/ Rental Location: HUA50\r\nCD. Recibe \/ Return Location: HUA50\r\nKM Salida \/ Mileage: 6026\r\nGas Salida \/ Fuel Tank Level: F\r\nDatos de contacto \/ Contact info: ZAZYL HOTEL MAZUNTE","EStatus":{"Id":5,"Name":"Draft"},"EStatusReason":{"Name":null},"CreateUTCTime":"2021-12-14T00:55:17.377","ModifyUTCTime":"2021-12-14T00:55:17.377","EstimationServices":null,"EstimationQuestions":null}
