{"EntityText":"#: E-000-2239265 Date: 12\/13\/2021 Stock: AA2075 RO: F3266837 PO:  (2022 DDG ATTITUDA ML3ABT6J4NH001275) Client: DAVID","UTCTimestamp":"2022-03-28T04:25:34.067","InspectionId":"01A5949C-9484-4336-9843-664C2FB1E95F","InspectionNumber":"E-000-2239265","InspectionDate":"2021-12-13","InspectionType":{"Id":"33034816-D00A-49F6-8AA5-55D54FDE8907","Name":"Hoja de Inspeccion - check out"},"Amount":0.00,"ApprovedAmount":0.00,"DiscountAmount":0.00000,"TaxAmount":0.00000,"FeesAmount":0.00000,"Employee":{"Id":"ED630168-DBE6-4645-A153-00A57C5D54A6","Name":"HERTZ TIJ51","ExternalID":null},"Client":{"Id":"5F1F04F5-5E2A-4502-9B61-ECE28F472BDA","Name":"DAVID","Address":"HACIENDA EL MORAL","Phone":"7228029521","ExternalID":null},"Vehicle":{"VIN":"ML3ABT6J4NH001275","Year":2022,"Make":"DDG","Model":"ATTITUDA","PlateNo":"DAD-57-02","Vehicle":{"Color":null},"Mileage":1348,"PaintCode":null},"StockNo":"AA2075","RONo":"F3266837","IsCompleted":false,"PONo":null,"SalesPerson":{"Id":null},"Sales":{"PersonName":null},"Owner":{"Id":null,"Name":null,"Address":"...","Phone":null},"Location":{"Name":null},"ServiceRequest":{"Id":"1C1EF5FC-415C-EC11-8103-00155D9EC500","Number":"R-0007923660","LocalId":9958513},"Order":{"Id":null,"No":null},"Invoice":{"Id":null,"No":null},"Insurance":{"Id":null,"Name":null,"Address":null,"ContactInfo":""},"PolicyNumber":null,"ClaimNumber":null,"Deductible":null,"AccidentDate":null,"Inspection_Notes":"Contrato No \/ Rental Agreement: F3266837\r\nEconomico  \/ Stock: AA2075\r\nSeguro  \/ Coverage: CDW,PAI,TP\r\nCD. Que Renta \/ Rental Location: TIJ51\r\nCD. Recibe \/ Return Location: TIJ50\r\nKM Salida \/ Mileage: 1348\r\nGas Salida \/ Fuel Tank Level: 1\/8\r\nDatos de contacto \/ Contact info: CITY EXPRESS ROSARITO","EStatus":{"Id":5,"Name":"Draft"},"EStatusReason":{"Name":null},"CreateUTCTime":"2021-12-13T18:25:07.270","ModifyUTCTime":"2021-12-13T18:25:07.270","EstimationServices":null,"EstimationQuestions":null}
