{"EntityText":"#: E-000-2240570 Date: 12\/13\/2021 Stock: CA0121 RO: CAN25776 PO:  (2020 CHE CAVALILT LSGKB54H1LV001525) Client: CARLOS ESCALANTE","UTCTimestamp":"2022-03-28T04:28:37.390","InspectionId":"01B49589-F302-473D-916E-129C505F2617","InspectionNumber":"E-000-2240570","InspectionDate":"2021-12-13","InspectionType":{"Id":"04A19838-AEEC-4B12-BC41-77C52A166A0E","Name":"Hoja de Inspecci�n - check in"},"Amount":0.00,"ApprovedAmount":0.00,"DiscountAmount":0.00000,"TaxAmount":0.00000,"FeesAmount":0.00000,"Employee":{"Id":"2ADEB04D-A4B1-499F-AA8E-815C1FD1885A","Name":"HERTZ CANZH1","ExternalID":null},"Client":{"Id":"D5784669-4512-4DAA-A71D-3A2E074884CD","Name":"CARLOS ESCALANTE","Address":"...","Phone":null,"ExternalID":null},"Vehicle":{"VIN":"LSGKB54H1LV001525","Year":2020,"Make":"CHE","Model":"CAVALILT","PlateNo":"YZE-717-C","Vehicle":{"Color":null},"Mileage":48905,"PaintCode":null},"StockNo":"CA0121","RONo":"CAN25776","IsCompleted":false,"PONo":null,"SalesPerson":{"Id":null},"Sales":{"PersonName":null},"Owner":{"Id":null,"Name":null,"Address":"...","Phone":null},"Location":{"Name":null},"ServiceRequest":{"Id":"3F6E9524-5B5C-EC11-8103-00155D9EC500","Number":"R-0007924312","LocalId":9959602},"Order":{"Id":null,"No":null},"Invoice":{"Id":null,"No":null},"Insurance":{"Id":null,"Name":null,"Address":null,"ContactInfo":""},"PolicyNumber":null,"ClaimNumber":null,"Deductible":null,"AccidentDate":null,"Inspection_Notes":"Contrato No \/ Rental Agreement: CAN25776\r\nEconomico  \/ Stock: CA0121\r\nSeguro  \/ Coverage: \r\nCD. Que Renta \/ Rental Location: CAN71\r\nCD. Recibe \/ Return Location: CAN72\r\nKM Salida \/ Mileage: 48905\r\nGas Salida \/ Fuel Tank Level: F\r\nDatos de contacto \/ Contact info: ","EStatus":{"Id":5,"Name":"Draft"},"EStatusReason":{"Name":null},"CreateUTCTime":"2021-12-13T21:25:07.733","ModifyUTCTime":"2021-12-13T21:25:07.733","EstimationServices":null,"EstimationQuestions":null}
