{"EntityText":"#: E-000-2241882 Date: 12\/13\/2021 Stock: CA0277 RO: F3267728 PO:  (2020 CHE CAVALILT LSGKB54H6LV019244) Client: HERMINIO","UTCTimestamp":"2022-03-28T04:31:09.373","InspectionId":"021E5B54-0E95-4963-8D27-311F6E3A7EFB","InspectionNumber":"E-000-2241882","InspectionDate":"2021-12-13","InspectionType":{"Id":"04A19838-AEEC-4B12-BC41-77C52A166A0E","Name":"Hoja de Inspecci�n - check in"},"Amount":0.00,"ApprovedAmount":0.00,"DiscountAmount":0.00000,"TaxAmount":0.00000,"FeesAmount":0.00000,"Employee":{"Id":"86BF9E02-5AA7-4154-B216-AE50681DAB01","Name":"HERTZ CJS50","ExternalID":null},"Client":{"Id":"367C6E49-7B36-4BBD-8CA9-08D59BFF11F5","Name":"HERMINIO","Address":"RUFINO TAMAYO","Phone":"6563048805","ExternalID":null},"Vehicle":{"VIN":"LSGKB54H6LV019244","Year":2020,"Make":"CHE","Model":"CAVALILT","PlateNo":"ENU-68-94","Vehicle":{"Color":null},"Mileage":91168,"PaintCode":null},"StockNo":"CA0277","RONo":"F3267728","IsCompleted":false,"PONo":null,"SalesPerson":{"Id":null},"Sales":{"PersonName":null},"Owner":{"Id":null,"Name":null,"Address":"...","Phone":null},"Location":{"Name":null},"ServiceRequest":{"Id":"7B012B0B-7E5C-EC11-8103-00155D9EC500","Number":"R-0007924968","LocalId":9960624},"Order":{"Id":null,"No":null},"Invoice":{"Id":null,"No":null},"Insurance":{"Id":null,"Name":null,"Address":null,"ContactInfo":""},"PolicyNumber":null,"ClaimNumber":null,"Deductible":null,"AccidentDate":null,"Inspection_Notes":"Contrato No \/ Rental Agreement: F3267728\r\nEconomico  \/ Stock: CA0277\r\nSeguro  \/ Coverage: LDW,B2B,RS ASSIST.\r\nCD. Que Renta \/ Rental Location: CJS50\r\nCD. Recibe \/ Return Location: CJS50\r\nKM Salida \/ Mileage: 91168\r\nGas Salida \/ Fuel Tank Level: F\r\nDatos de contacto \/ Contact info: LOCAL","EStatus":{"Id":5,"Name":"Draft"},"EStatusReason":{"Name":null},"CreateUTCTime":"2021-12-14T01:35:06.057","ModifyUTCTime":"2021-12-14T01:35:06.057","EstimationServices":null,"EstimationQuestions":null}
