{"EntityText":"#: E-000-2238596 Date: 12\/13\/2021 Stock: SU9134 RO: F3266607 PO:  (2019 CHE SUBRBANB 1GNSC8KC3KR271890) Client: CORNELIO","UTCTimestamp":"2022-03-28T04:24:18.940","InspectionId":"02865CB0-9606-4CC8-9694-60CF33EAFC65","InspectionNumber":"E-000-2238596","InspectionDate":"2021-12-13","InspectionType":{"Id":"04A19838-AEEC-4B12-BC41-77C52A166A0E","Name":"Hoja de Inspecci�n - check in"},"Amount":0.00,"ApprovedAmount":0.00,"DiscountAmount":0.00000,"TaxAmount":0.00000,"FeesAmount":0.00000,"Employee":{"Id":"86BF9E02-5AA7-4154-B216-AE50681DAB01","Name":"HERTZ CJS50","ExternalID":null},"Client":{"Id":"A8D1883E-EEF7-4768-A5ED-ED90BFE8D830","Name":"CORNELIO","Address":"AV BASILICIO ROMO","Phone":"6441739443","ExternalID":null},"Vehicle":{"VIN":"1GNSC8KC3KR271890","Year":2019,"Make":"CHE","Model":"SUBRBANB","PlateNo":"ZBA-810-B","Vehicle":{"Color":null},"Mileage":135786,"PaintCode":null},"StockNo":"SU9134","RONo":"F3266607","IsCompleted":false,"PONo":null,"SalesPerson":{"Id":null},"Sales":{"PersonName":null},"Owner":{"Id":null,"Name":null,"Address":"...","Phone":null},"Location":{"Name":null},"ServiceRequest":{"Id":"87C00B7E-355C-EC11-8103-00155D9EC500","Number":"R-0007923325","LocalId":9958072},"Order":{"Id":null,"No":null},"Invoice":{"Id":null,"No":null},"Insurance":{"Id":null,"Name":null,"Address":null,"ContactInfo":""},"PolicyNumber":null,"ClaimNumber":null,"Deductible":null,"AccidentDate":null,"Inspection_Notes":"Contrato No \/ Rental Agreement: F3266607\r\nEconomico  \/ Stock: SU9134\r\nSeguro  \/ Coverage: CDW-2,CDW2 - CDW,ALI,PAI,EU SEGURO.,RS ASSIST.\r\nCD. Que Renta \/ Rental Location: CJS50\r\nCD. Recibe \/ Return Location: CJS50\r\nKM Salida \/ Mileage: 135786\r\nGas Salida \/ Fuel Tank Level: F\r\nDatos de contacto \/ Contact info: EL PASO","EStatus":{"Id":5,"Name":"Draft"},"EStatusReason":{"Name":null},"CreateUTCTime":"2021-12-13T16:55:46.280","ModifyUTCTime":"2021-12-13T16:55:46.280","EstimationServices":null,"EstimationQuestions":null}
