{"EntityText":"#: E-000-2241726 Date: 12\/13\/2021 Stock: TA1430 RO: F3266641 PO:  (2021 VW TAOS 3VVHB6B22MM005803) Client: DAVID LITVINOV","UTCTimestamp":"2022-03-28T04:31:09.373","InspectionId":"02D10F48-541D-4F55-937F-98E27D384697","InspectionNumber":"E-000-2241726","InspectionDate":"2021-12-13","InspectionType":{"Id":"04A19838-AEEC-4B12-BC41-77C52A166A0E","Name":"Hoja de Inspecci�n - check in"},"Amount":0.00,"ApprovedAmount":0.00,"DiscountAmount":0.00000,"TaxAmount":0.00000,"FeesAmount":0.00000,"Employee":{"Id":"D9181D69-A72F-4ED3-B334-455E1E58A55F","Name":"HERTZ F4KJL61QF193","ExternalID":null},"Client":{"Id":"5DDA2431-5DE5-4AA0-8F8A-C4D8807578E3","Name":"DAVID LITVINOV","Address":"2208 W HURON ST","Phone":"7732944003","ExternalID":null},"Vehicle":{"VIN":"3VVHB6B22MM005803","Year":2021,"Make":"VW","Model":"TAOS","PlateNo":"YYP-371-D","Vehicle":{"Color":null},"Mileage":16097,"PaintCode":null},"StockNo":"TA1430","RONo":"F3266641","IsCompleted":false,"PONo":null,"SalesPerson":{"Id":null},"Sales":{"PersonName":null},"Owner":{"Id":null,"Name":null,"Address":"...","Phone":null},"Location":{"Name":null},"ServiceRequest":{"Id":"765AB47A-785C-EC11-8103-00155D9EC500","Number":"R-0007924890","LocalId":9960528},"Order":{"Id":null,"No":null},"Invoice":{"Id":null,"No":null},"Insurance":{"Id":null,"Name":null,"Address":null,"ContactInfo":""},"PolicyNumber":null,"ClaimNumber":null,"Deductible":null,"AccidentDate":null,"Inspection_Notes":"Contrato No \/ Rental Agreement: F3266641\r\nEconomico  \/ Stock: TA1430\r\nSeguro  \/ Coverage: \r\nCD. Que Renta \/ Rental Location: CAN50\r\nCD. Recibe \/ Return Location: CAN50\r\nKM Salida \/ Mileage: 16097\r\nGas Salida \/ Fuel Tank Level: F\r\nDatos de contacto \/ Contact info: AKALL LIVING PDC","EStatus":{"Id":5,"Name":"Draft"},"EStatusReason":{"Name":null},"CreateUTCTime":"2021-12-14T00:55:10.983","ModifyUTCTime":"2021-12-14T00:55:10.983","EstimationServices":null,"EstimationQuestions":null}
