{"EntityText":"#: E-000-1676155 Date: 12\/13\/2021 Stock: AU1516 RO: CSL84147 PO:  (2021 CHE AVEOLS LSGHD52H7MD079483) Client: SANTIAGO ALVAREZ","UTCTimestamp":"2022-03-28T04:19:39.813","InspectionId":"030FC203-D395-4FE5-B0F3-CA1A88567067","InspectionNumber":"E-000-1676155","InspectionDate":"2021-12-13","InspectionType":{"Id":"33034816-D00A-49F6-8AA5-55D54FDE8907","Name":"Hoja de Inspeccion - check out"},"Amount":0.00,"ApprovedAmount":0.00,"DiscountAmount":0.00000,"TaxAmount":0.00000,"FeesAmount":0.00000,"Employee":{"Id":"B5BFE5E2-F78E-4B0D-ACD3-ECA6D64F269B","Name":"HERTZ LAP99","ExternalID":null},"Client":{"Id":"008D620C-FBA9-4035-A660-28A3A5CFFDE2","Name":"SANTIAGO ALVAREZ","Address":"...","Phone":null,"ExternalID":null},"Vehicle":{"VIN":"LSGHD52H7MD079483","Year":2021,"Make":"CHE","Model":"AVEOLS","PlateNo":"28-53-AVE","Vehicle":{"Color":null},"Mileage":9321,"PaintCode":null},"StockNo":"AU1516","RONo":"CSL84147","IsCompleted":false,"PONo":null,"SalesPerson":{"Id":null},"Sales":{"PersonName":null},"Owner":{"Id":null,"Name":null,"Address":"...","Phone":null},"Location":{"Name":null},"ServiceRequest":{"Id":"AEEEFE42-34FA-EB11-80FE-00155D9EC500","Number":"R-0007642030","LocalId":9478473},"Order":{"Id":null,"No":null},"Invoice":{"Id":null,"No":null},"Insurance":{"Id":null,"Name":null,"Address":null,"ContactInfo":""},"PolicyNumber":null,"ClaimNumber":null,"Deductible":null,"AccidentDate":null,"Inspection_Notes":"Contrato No \/ Rental Agreement: CSL84147\r\nEconomico  \/ Stock: AU1516\r\nSeguro  \/ Coverage: \r\nCD. Que Renta \/ Rental Location: CSL60\r\nCD. Recibe \/ Return Location: SAN50\r\nKM Salida \/ Mileage: 9321\r\nGas Salida \/ Fuel Tank Level: 5\/8\r\nDatos de contacto \/ Contact info: ","EStatus":{"Id":5,"Name":"Draft"},"EStatusReason":{"Name":null},"CreateUTCTime":"2021-08-10T23:40:03.917","ModifyUTCTime":"2021-08-10T23:40:03.917","EstimationServices":null,"EstimationQuestions":null}
