{"EntityText":"#: E-000-2240936 Date: 12\/13\/2021 Stock: MI2187 RO: F3267398 PO:  (2022 MTSH MIRA GLX ML3AFT6J7NH003896) Client: IGNACIO","UTCTimestamp":"2022-03-28T04:29:14.223","InspectionId":"0335FB46-A374-4666-9AC2-4003FE64931C","InspectionNumber":"E-000-2240936","InspectionDate":"2021-12-13","InspectionType":{"Id":"04A19838-AEEC-4B12-BC41-77C52A166A0E","Name":"Hoja de Inspecci�n - check in"},"Amount":0.00,"ApprovedAmount":0.00,"DiscountAmount":0.00000,"TaxAmount":0.00000,"FeesAmount":0.00000,"Employee":{"Id":"897AF737-C484-4D9C-9FEA-C21B99EABE11","Name":"HERTZ SAN50-01","ExternalID":null},"Client":{"Id":"C5DE192C-A6C1-41C4-9ECE-2A3C17073FB7","Name":"IGNACIO","Address":"COAHIMALPA","Phone":"525552831164","ExternalID":null},"Vehicle":{"VIN":"ML3AFT6J7NH003896","Year":2022,"Make":"MTSH","Model":"MIRA GLX","PlateNo":"37-73-AVE","Vehicle":{"Color":null},"Mileage":132,"PaintCode":null},"StockNo":"MI2187","RONo":"F3267398","IsCompleted":false,"PONo":null,"SalesPerson":{"Id":null},"Sales":{"PersonName":null},"Owner":{"Id":null,"Name":null,"Address":"...","Phone":null},"Location":{"Name":null},"ServiceRequest":{"Id":"5F839625-625C-EC11-8103-00155D9EC500","Number":"R-0007924495","LocalId":9959854},"Order":{"Id":null,"No":null},"Invoice":{"Id":null,"No":null},"Insurance":{"Id":null,"Name":null,"Address":null,"ContactInfo":""},"PolicyNumber":null,"ClaimNumber":null,"Deductible":null,"AccidentDate":null,"Inspection_Notes":"Contrato No \/ Rental Agreement: F3267398\r\nEconomico  \/ Stock: MI2187\r\nSeguro  \/ Coverage: LDW,LDW\r\nCD. Que Renta \/ Rental Location: SAN50\r\nCD. Recibe \/ Return Location: SAN50\r\nKM Salida \/ Mileage: 132\r\nGas Salida \/ Fuel Tank Level: F\r\nDatos de contacto \/ Contact info: PUEBLO BONITO ROSDE","EStatus":{"Id":5,"Name":"Draft"},"EStatusReason":{"Name":null},"CreateUTCTime":"2021-12-13T22:15:23.003","ModifyUTCTime":"2021-12-13T22:15:23.003","EstimationServices":null,"EstimationQuestions":null}
