{"EntityText":"#: E-000-2239796 Date: 12\/13\/2021 Stock: RK2032 RO: F3267012 PO:  (2022 RENAULT KWID ICO 93Y1R3D54NJ029777) Client: TAFUR MANRIQUE","UTCTimestamp":"2022-03-28T04:26:50.300","InspectionId":"037CB5AE-253D-478B-911B-38EF42A03EE1","InspectionNumber":"E-000-2239796","InspectionDate":"2021-12-13","InspectionType":{"Id":"04A19838-AEEC-4B12-BC41-77C52A166A0E","Name":"Hoja de Inspecci�n - check in"},"Amount":0.00,"ApprovedAmount":0.00,"DiscountAmount":0.00000,"TaxAmount":0.00000,"FeesAmount":0.00000,"Employee":{"Id":"D9181D69-A72F-4ED3-B334-455E1E58A55F","Name":"HERTZ F4KJL61QF193","ExternalID":null},"Client":{"Id":"174D67F9-DD95-406C-9DDD-35E30D3608AE","Name":"TAFUR MANRIQUE","Address":"CARRERA 46","Phone":"+573187436088","ExternalID":null},"Vehicle":{"VIN":"93Y1R3D54NJ029777","Year":2022,"Make":"RENAULT","Model":"KWID ICO","PlateNo":"XXX P\/P","Vehicle":{"Color":null},"Mileage":25,"PaintCode":null},"StockNo":"RK2032","RONo":"F3267012","IsCompleted":false,"PONo":null,"SalesPerson":{"Id":null},"Sales":{"PersonName":null},"Owner":{"Id":null,"Name":null,"Address":"...","Phone":null},"Location":{"Name":null},"ServiceRequest":{"Id":"361175D2-4B5C-EC11-8103-00155D9EC500","Number":"R-0007923925","LocalId":9958879},"Order":{"Id":null,"No":null},"Invoice":{"Id":null,"No":null},"Insurance":{"Id":null,"Name":null,"Address":null,"ContactInfo":""},"PolicyNumber":null,"ClaimNumber":null,"Deductible":null,"AccidentDate":null,"Inspection_Notes":"Contrato No \/ Rental Agreement: F3267012\r\nEconomico  \/ Stock: RK2032\r\nSeguro  \/ Coverage: CDW-2\r\nCD. Que Renta \/ Rental Location: TCAN52\r\nCD. Recibe \/ Return Location: TCAN52\r\nKM Salida \/ Mileage: 25\r\nGas Salida \/ Fuel Tank Level: F\r\nDatos de contacto \/ Contact info: EN NUM 2","EStatus":{"Id":5,"Name":"Draft"},"EStatusReason":{"Name":null},"CreateUTCTime":"2021-12-13T19:35:31.497","ModifyUTCTime":"2021-12-13T19:35:31.497","EstimationServices":null,"EstimationQuestions":null}
