{"EntityText":"#: E-000-2240460 Date: 12\/13\/2021 Stock: TA1131 RO: FCTM1765 PO:  (2021 VW TAOS 3VVHB6B2XMM005953) Client: ROALDO OLAF","UTCTimestamp":"2022-03-28T04:28:03.503","InspectionId":"03AB9E35-E688-48ED-8EED-B020091B20EA","InspectionNumber":"E-000-2240460","InspectionDate":"2021-12-13","InspectionType":{"Id":"04A19838-AEEC-4B12-BC41-77C52A166A0E","Name":"Hoja de Inspecci�n - check in"},"Amount":0.00,"ApprovedAmount":0.00,"DiscountAmount":0.00000,"TaxAmount":0.00000,"FeesAmount":0.00000,"Employee":{"Id":"42113174-7AA0-4B7A-96DE-4539A896DFE6","Name":"HERTZ R52M40KZ87E","ExternalID":null},"Client":{"Id":"CDB8515C-6FB5-4492-943C-DB604DC3A6AE","Name":"ROALDO OLAF","Address":"...","Phone":null,"ExternalID":null},"Vehicle":{"VIN":"3VVHB6B2XMM005953","Year":2021,"Make":"VW","Model":"TAOS","PlateNo":"ZCF-969-C","Vehicle":{"Color":null},"Mileage":27343,"PaintCode":null},"StockNo":"TA1131","RONo":"FCTM1765","IsCompleted":false,"PONo":null,"SalesPerson":{"Id":null},"Sales":{"PersonName":null},"Owner":{"Id":null,"Name":null,"Address":"...","Phone":null},"Location":{"Name":null},"ServiceRequest":{"Id":"2BB9A66A-585C-EC11-8103-00155D9EC500","Number":"R-0007924257","LocalId":9959522},"Order":{"Id":null,"No":null},"Invoice":{"Id":null,"No":null},"Insurance":{"Id":null,"Name":null,"Address":null,"ContactInfo":""},"PolicyNumber":null,"ClaimNumber":null,"Deductible":null,"AccidentDate":null,"Inspection_Notes":"Contrato No \/ Rental Agreement: FCTM1765\r\nEconomico  \/ Stock: TA1131\r\nSeguro  \/ Coverage: \r\nCD. Que Renta \/ Rental Location: FCTM50\r\nCD. Recibe \/ Return Location: FCTM50\r\nKM Salida \/ Mileage: 27343\r\nGas Salida \/ Fuel Tank Level: F\r\nDatos de contacto \/ Contact info: ","EStatus":{"Id":5,"Name":"Draft"},"EStatusReason":{"Name":null},"CreateUTCTime":"2021-12-13T21:05:43.093","ModifyUTCTime":"2021-12-13T21:05:43.093","EstimationServices":null,"EstimationQuestions":null}
