{"EntityText":"#: E-000-1960940 Date: 12\/13\/2021 Stock: ZE0294 RO: F3169799 PO:  (2020 SUZUKI ERTIGAX MHYNC22S3LJ108520) Client: MARC","UTCTimestamp":"2022-03-28T04:19:43.870","InspectionId":"03D8BC66-7175-4B8C-988F-F7E230C1FE08","InspectionNumber":"E-000-1960940","InspectionDate":"2021-12-13","InspectionType":{"Id":"04A19838-AEEC-4B12-BC41-77C52A166A0E","Name":"Hoja de Inspecci�n - check in"},"Amount":0.00,"ApprovedAmount":0.00,"DiscountAmount":0.00000,"TaxAmount":0.00000,"FeesAmount":0.00000,"Employee":{"Id":"3850CC0F-6B99-4B3E-A406-83D6165AC798","Name":"HERTZ PVR50","ExternalID":null},"Client":{"Id":"16AF2A65-D7BD-46C4-B51E-40C71E1B1008","Name":"MARC","Address":"MAIN ST","Phone":"0013104030577","ExternalID":null},"Vehicle":{"VIN":"MHYNC22S3LJ108520","Year":2020,"Make":"SUZUKI","Model":"ERTIGAX","PlateNo":"YZG-789-C","Vehicle":{"Color":null},"Mileage":41014,"PaintCode":null},"StockNo":"ZE0294","RONo":"F3169799","IsCompleted":false,"PONo":null,"SalesPerson":{"Id":null},"Sales":{"PersonName":null},"Owner":{"Id":null,"Name":null,"Address":"...","Phone":null},"Location":{"Name":null},"ServiceRequest":{"Id":"4B575196-FB2D-EC11-80FE-00155D9EC500","Number":"R-0007784481","LocalId":9725693},"Order":{"Id":null,"No":null},"Invoice":{"Id":null,"No":null},"Insurance":{"Id":null,"Name":null,"Address":null,"ContactInfo":""},"PolicyNumber":null,"ClaimNumber":null,"Deductible":null,"AccidentDate":null,"Inspection_Notes":"Contrato No \/ Rental Agreement: F3169799\r\nEconomico  \/ Stock: ZE0294\r\nSeguro  \/ Coverage: C.C CARE,LOST USE\r\nCD. Que Renta \/ Rental Location: TPUR52\r\nCD. Recibe \/ Return Location: TPUR52\r\nKM Salida \/ Mileage: 41014\r\nGas Salida \/ Fuel Tank Level: 1\/8\r\nDatos de contacto \/ Contact info: CUXMALA PUNTA MITA","EStatus":{"Id":5,"Name":"Draft"},"EStatusReason":{"Name":null},"CreateUTCTime":"2021-10-15T21:05:19.530","ModifyUTCTime":"2021-10-15T21:05:19.530","EstimationServices":null,"EstimationQuestions":null}
