{"EntityText":"#: E-000-2240836 Date: 12\/13\/2021 Stock: ZE1205 RO: F3267363 PO:  (2021 SUZUKI ERTIGA MHYNC22S4MJ109872) Client: FRANCISCO JAVIER","UTCTimestamp":"2022-03-28T04:29:14.223","InspectionId":"03E6D266-2D8B-4B77-911B-88CE63410547","InspectionNumber":"E-000-2240836","InspectionDate":"2021-12-13","InspectionType":{"Id":"04A19838-AEEC-4B12-BC41-77C52A166A0E","Name":"Hoja de Inspecci�n - check in"},"Amount":0.00,"ApprovedAmount":0.00,"DiscountAmount":0.00000,"TaxAmount":0.00000,"FeesAmount":0.00000,"Employee":{"Id":"D9181D69-A72F-4ED3-B334-455E1E58A55F","Name":"HERTZ F4KJL61QF193","ExternalID":null},"Client":{"Id":"971EBFBF-09C4-4843-98F4-6D4F05F4C3A4","Name":"FRANCISCO JAVIER","Address":"VERCRUZ 37","Phone":"34696877702","ExternalID":null},"Vehicle":{"VIN":"MHYNC22S4MJ109872","Year":2021,"Make":"SUZUKI","Model":"ERTIGA","PlateNo":"YYG-886-D","Vehicle":{"Color":null},"Mileage":19772,"PaintCode":null},"StockNo":"ZE1205","RONo":"F3267363","IsCompleted":false,"PONo":null,"SalesPerson":{"Id":null},"Sales":{"PersonName":null},"Owner":{"Id":null,"Name":null,"Address":"...","Phone":null},"Location":{"Name":null},"ServiceRequest":{"Id":"28541321-605C-EC11-8103-00155D9EC500","Number":"R-0007924445","LocalId":9959785},"Order":{"Id":null,"No":null},"Invoice":{"Id":null,"No":null},"Insurance":{"Id":null,"Name":null,"Address":null,"ContactInfo":""},"PolicyNumber":null,"ClaimNumber":null,"Deductible":null,"AccidentDate":null,"Inspection_Notes":"Contrato No \/ Rental Agreement: F3267363\r\nEconomico  \/ Stock: ZE1205\r\nSeguro  \/ Coverage: LDW,B2B\r\nCD. Que Renta \/ Rental Location: TCAN52\r\nCD. Recibe \/ Return Location: TCAN52\r\nKM Salida \/ Mileage: 19772\r\nGas Salida \/ Fuel Tank Level: F\r\nDatos de contacto \/ Contact info: AIR BNB","EStatus":{"Id":5,"Name":"Draft"},"EStatusReason":{"Name":null},"CreateUTCTime":"2021-12-13T22:00:49.737","ModifyUTCTime":"2021-12-13T22:00:49.737","EstimationServices":null,"EstimationQuestions":null}
