{"EntityText":"#: E-000-2241228 Date: 12\/13\/2021 Stock: CA1006 RO: F3267495 PO:  (2021 CHE CAVALIER LSGKB54H1MV046224) Client: GIANELLA","UTCTimestamp":"2022-03-28T04:29:53.097","InspectionId":"03F2DFF1-03ED-4897-A263-2F77A4E98665","InspectionNumber":"E-000-2241228","InspectionDate":"2021-12-13","InspectionType":{"Id":"04A19838-AEEC-4B12-BC41-77C52A166A0E","Name":"Hoja de Inspecci�n - check in"},"Amount":0.00,"ApprovedAmount":0.00,"DiscountAmount":0.00000,"TaxAmount":0.00000,"FeesAmount":0.00000,"Employee":{"Id":"D9181D69-A72F-4ED3-B334-455E1E58A55F","Name":"HERTZ F4KJL61QF193","ExternalID":null},"Client":{"Id":"8E87BD29-4B80-4082-B89E-EB499D7262BE","Name":"GIANELLA","Address":"MALABRIGO","Phone":"+51962368388","ExternalID":null},"Vehicle":{"VIN":"LSGKB54H1MV046224","Year":2021,"Make":"CHE","Model":"CAVALIER","PlateNo":"ZCC-927-C","Vehicle":{"Color":null},"Mileage":26193,"PaintCode":null},"StockNo":"CA1006","RONo":"F3267495","IsCompleted":false,"PONo":null,"SalesPerson":{"Id":null},"Sales":{"PersonName":null},"Owner":{"Id":null,"Name":null,"Address":"...","Phone":null},"Location":{"Name":null},"ServiceRequest":{"Id":"453CEE22-695C-EC11-8103-00155D9EC500","Number":"R-0007924641","LocalId":9960083},"Order":{"Id":null,"No":null},"Invoice":{"Id":null,"No":null},"Insurance":{"Id":null,"Name":null,"Address":null,"ContactInfo":""},"PolicyNumber":null,"ClaimNumber":null,"Deductible":null,"AccidentDate":null,"Inspection_Notes":"Contrato No \/ Rental Agreement: F3267495\r\nEconomico  \/ Stock: CA1006\r\nSeguro  \/ Coverage: CDW,CDW,TP,TP\r\nCD. Que Renta \/ Rental Location: DCAN51\r\nCD. Recibe \/ Return Location: DCAN51\r\nKM Salida \/ Mileage: 26193\r\nGas Salida \/ Fuel Tank Level: F\r\nDatos de contacto \/ Contact info: C 36 NTE COL GLO GRO PDC AIRBN","EStatus":{"Id":5,"Name":"Draft"},"EStatusReason":{"Name":null},"CreateUTCTime":"2021-12-13T23:05:26.257","ModifyUTCTime":"2021-12-13T23:05:26.257","EstimationServices":null,"EstimationQuestions":null}
