{"EntityText":"#: E-000-1998131 Date: 12\/13\/2021 Stock: CA0361 RO: NTO66949 PO:  (2020 CHE CAVALILT LSGKB54H1LV020589) Client: ALDO NORBERT ROJAS CARRASCO","UTCTimestamp":"2022-03-28T04:19:43.870","InspectionId":"0417C818-4EA1-4E98-91EC-45FB9C7256E5","InspectionNumber":"E-000-1998131","InspectionDate":"2021-12-13","InspectionType":{"Id":"33034816-D00A-49F6-8AA5-55D54FDE8907","Name":"Hoja de Inspeccion - check out"},"Amount":0.00,"ApprovedAmount":0.00,"DiscountAmount":0.00000,"TaxAmount":0.00000,"FeesAmount":0.00000,"Employee":{"Id":"91A96957-69FD-4329-B258-36721778DFDA","Name":"HERTZ LEO50","ExternalID":null},"Client":{"Id":"064AD815-7FDD-42FE-8416-E045B153295A","Name":"ALDO NORBERT ROJAS CARRASCO","Address":"...","Phone":null,"ExternalID":null},"Vehicle":{"VIN":"LSGKB54H1LV020589","Year":2020,"Make":"CHE","Model":"CAVALILT","PlateNo":"ZCU-196-C","Vehicle":{"Color":null},"Mileage":45166,"PaintCode":null},"StockNo":"CA0361","RONo":"NTO66949","IsCompleted":false,"PONo":null,"SalesPerson":{"Id":null},"Sales":{"PersonName":null},"Owner":{"Id":null,"Name":null,"Address":"...","Phone":null},"Location":{"Name":null},"ServiceRequest":{"Id":"B90456F9-2F34-EC11-8103-00155D9EC500","Number":"R-0007803081","LocalId":9765940},"Order":{"Id":null,"No":null},"Invoice":{"Id":null,"No":null},"Insurance":{"Id":null,"Name":null,"Address":null,"ContactInfo":""},"PolicyNumber":null,"ClaimNumber":null,"Deductible":null,"AccidentDate":null,"Inspection_Notes":"Contrato No \/ Rental Agreement: NTO66949\r\nEconomico  \/ Stock: CA0361\r\nSeguro  \/ Coverage: \r\nCD. Que Renta \/ Rental Location: TOL51\r\nCD. Recibe \/ Return Location: TOL51\r\nKM Salida \/ Mileage: 45166\r\nGas Salida \/ Fuel Tank Level: 1\/4\r\nDatos de contacto \/ Contact info: ","EStatus":{"Id":5,"Name":"Draft"},"EStatusReason":{"Name":null},"CreateUTCTime":"2021-10-23T18:35:27.523","ModifyUTCTime":"2021-10-23T18:35:27.523","EstimationServices":null,"EstimationQuestions":null}
