{"EntityText":"#: E-000-2240126 Date: 12\/13\/2021 Stock: PO1034 RO: F3267115 PO:  (2021 VW POLO MEX6A2609MT113581) Client: FRANCIS","UTCTimestamp":"2022-03-28T04:27:26.117","InspectionId":"044B0A4B-30A0-45F7-942D-3A310135CCDE","InspectionNumber":"E-000-2240126","InspectionDate":"2021-12-13","InspectionType":{"Id":"04A19838-AEEC-4B12-BC41-77C52A166A0E","Name":"Hoja de Inspecci�n - check in"},"Amount":0.00,"ApprovedAmount":0.00,"DiscountAmount":0.00000,"TaxAmount":0.00000,"FeesAmount":0.00000,"Employee":{"Id":"D9181D69-A72F-4ED3-B334-455E1E58A55F","Name":"HERTZ F4KJL61QF193","ExternalID":null},"Client":{"Id":"6C40E426-32F9-4477-BBF2-9FBE053A57DA","Name":"FRANCIS","Address":"6809","Phone":"18","ExternalID":null},"Vehicle":{"VIN":"MEX6A2609MT113581","Year":2021,"Make":"VW","Model":"POLO","PlateNo":"26-69-AVE","Vehicle":{"Color":null},"Mileage":22016,"PaintCode":null},"StockNo":"PO1034","RONo":"F3267115","IsCompleted":false,"PONo":null,"SalesPerson":{"Id":null},"Sales":{"PersonName":null},"Owner":{"Id":null,"Name":null,"Address":"...","Phone":null},"Location":{"Name":null},"ServiceRequest":{"Id":"7A715B10-525C-EC11-8103-00155D9EC500","Number":"R-0007924090","LocalId":9959275},"Order":{"Id":null,"No":null},"Invoice":{"Id":null,"No":null},"Insurance":{"Id":null,"Name":null,"Address":null,"ContactInfo":""},"PolicyNumber":null,"ClaimNumber":null,"Deductible":null,"AccidentDate":null,"Inspection_Notes":"Contrato No \/ Rental Agreement: F3267115\r\nEconomico  \/ Stock: PO1034\r\nSeguro  \/ Coverage: CDW,ALI\r\nCD. Que Renta \/ Rental Location: TCAN52\r\nCD. Recibe \/ Return Location: TCAN52\r\nKM Salida \/ Mileage: 22016\r\nGas Salida \/ Fuel Tank Level: F\r\nDatos de contacto \/ Contact info: AMPERC","EStatus":{"Id":2,"Name":"Archived"},"EStatusReason":{"Name":"Car Changed"},"CreateUTCTime":"2021-12-13T20:20:15.297","ModifyUTCTime":"2021-12-13T20:45:09.420","EstimationServices":null,"EstimationQuestions":null}
