{"EntityText":"#: E-000-2240330 Date: 12\/13\/2021 Stock: NK1009 RO: F3267188 PO:  (2021 NSN KICKSADV 3N8CP5HE6ML480158) Client: RICARDO","UTCTimestamp":"2022-03-28T04:28:03.503","InspectionId":"046ADBC7-69E1-48C9-BED7-30A2B2BF10CC","InspectionNumber":"E-000-2240330","InspectionDate":"2021-12-13","InspectionType":{"Id":"04A19838-AEEC-4B12-BC41-77C52A166A0E","Name":"Hoja de Inspecci�n - check in"},"Amount":0.00,"ApprovedAmount":0.00,"DiscountAmount":0.00000,"TaxAmount":0.00000,"FeesAmount":0.00000,"Employee":{"Id":"91A96957-69FD-4329-B258-36721778DFDA","Name":"HERTZ LEO50","ExternalID":null},"Client":{"Id":"C2E9D5C4-9DD5-4121-A82D-1E962A834C40","Name":"RICARDO","Address":"SAINT JOHN","Phone":"3369295699","ExternalID":null},"Vehicle":{"VIN":"3N8CP5HE6ML480158","Year":2021,"Make":"NSN","Model":"KICKSADV","PlateNo":"DAC-12-04","Vehicle":{"Color":null},"Mileage":28185,"PaintCode":null},"StockNo":"NK1009","RONo":"F3267188","IsCompleted":false,"PONo":null,"SalesPerson":{"Id":null},"Sales":{"PersonName":null},"Owner":{"Id":null,"Name":null,"Address":"...","Phone":null},"Location":{"Name":null},"ServiceRequest":{"Id":"C9A25A98-555C-EC11-8103-00155D9EC500","Number":"R-0007924192","LocalId":9959417},"Order":{"Id":null,"No":null},"Invoice":{"Id":null,"No":null},"Insurance":{"Id":null,"Name":null,"Address":null,"ContactInfo":""},"PolicyNumber":null,"ClaimNumber":null,"Deductible":null,"AccidentDate":null,"Inspection_Notes":"Contrato No \/ Rental Agreement: F3267188\r\nEconomico  \/ Stock: NK1009\r\nSeguro  \/ Coverage: LDW,B2B,PAI,RS ASSIST.\r\nCD. Que Renta \/ Rental Location: LEO50\r\nCD. Recibe \/ Return Location: LEO50\r\nKM Salida \/ Mileage: 28185\r\nGas Salida \/ Fuel Tank Level: 7\/8\r\nDatos de contacto \/ Contact info: GTO","EStatus":{"Id":5,"Name":"Draft"},"EStatusReason":{"Name":null},"CreateUTCTime":"2021-12-13T20:45:29.453","ModifyUTCTime":"2021-12-13T20:45:29.453","EstimationServices":null,"EstimationQuestions":null}
