{"EntityText":"#: E-000-2241945 Date: 12\/13\/2021 Stock: XT1026 RO: F3267753 PO:  (2021 NSN XTRAIL3R JN8BT27T5MW126387) Client: GREGORY","UTCTimestamp":"2022-03-28T04:31:47.343","InspectionId":"047587E6-408D-4847-82BD-B7704214554A","InspectionNumber":"E-000-2241945","InspectionDate":"2021-12-13","InspectionType":{"Id":"33034816-D00A-49F6-8AA5-55D54FDE8907","Name":"Hoja de Inspeccion - check out"},"Amount":0.00,"ApprovedAmount":0.00,"DiscountAmount":0.00000,"TaxAmount":0.00000,"FeesAmount":0.00000,"Employee":{"Id":"D8DE4A66-C3A6-4885-950A-1A40CBBC229C","Name":"HERTZ R52M10TCWQR","ExternalID":null},"Client":{"Id":"EA1D2AB7-B6F0-4065-85A3-CF3758A52E6F","Name":"GREGORY","Address":"S LINDEN DR","Phone":"0013109251387","ExternalID":null},"Vehicle":{"VIN":"JN8BT27T5MW126387","Year":2021,"Make":"NSN","Model":"XTRAIL3R","PlateNo":"ZBZ-200-C","Vehicle":{"Color":null},"Mileage":27215,"PaintCode":null},"StockNo":"XT1026","RONo":"F3267753","IsCompleted":false,"PONo":null,"SalesPerson":{"Id":null},"Sales":{"PersonName":null},"Owner":{"Id":null,"Name":null,"Address":"...","Phone":null},"Location":{"Name":null},"ServiceRequest":{"Id":"99E911D8-805C-EC11-8103-00155D9EC500","Number":"R-0007925000","LocalId":9960667},"Order":{"Id":null,"No":null},"Invoice":{"Id":null,"No":null},"Insurance":{"Id":null,"Name":null,"Address":null,"ContactInfo":""},"PolicyNumber":null,"ClaimNumber":null,"Deductible":null,"AccidentDate":null,"Inspection_Notes":"Contrato No \/ Rental Agreement: F3267753\r\nEconomico  \/ Stock: XT1026\r\nSeguro  \/ Coverage: CDW PACK.,RS ASSIST.\r\nCD. Que Renta \/ Rental Location: MER50\r\nCD. Recibe \/ Return Location: MER50\r\nKM Salida \/ Mileage: 27215\r\nGas Salida \/ Fuel Tank Level: F\r\nDatos de contacto \/ Contact info: CHABLE","EStatus":{"Id":5,"Name":"Draft"},"EStatusReason":{"Name":null},"CreateUTCTime":"2021-12-14T01:55:08.880","ModifyUTCTime":"2021-12-14T01:55:08.880","EstimationServices":null,"EstimationQuestions":null}
