{"EntityText":"#: E-000-2241277 Date: 12\/13\/2021 Stock: AS0093 RO: F3267515 PO:  (2020 CHE AVEOLS LSGHD52HXLD068086) Client: ESPINOSA QUITL EMMANUEL","UTCTimestamp":"2022-03-28T04:29:53.097","InspectionId":"048E238C-B780-4388-BF0C-07F25851C7E8","InspectionNumber":"E-000-2241277","InspectionDate":"2021-12-13","InspectionType":{"Id":"33034816-D00A-49F6-8AA5-55D54FDE8907","Name":"Hoja de Inspeccion - check out"},"Amount":0.00,"ApprovedAmount":0.00,"DiscountAmount":0.00000,"TaxAmount":0.00000,"FeesAmount":0.00000,"Employee":{"Id":"22A20387-4CB9-4CA1-8011-0915B3DFC79B","Name":"HERTZ MEX53","ExternalID":null},"Client":{"Id":"CA25170A-CF76-44C9-975B-0D1B06BA9DED","Name":"ESPINOSA QUITL EMMANUEL","Address":"MORELIA 401 ALTOS 2","Phone":"2721049235","ExternalID":null},"Vehicle":{"VIN":"LSGHD52HXLD068086","Year":2020,"Make":"CHE","Model":"AVEOLS","PlateNo":"DAB-95-76","Vehicle":{"Color":null},"Mileage":39508,"PaintCode":null},"StockNo":"AS0093","RONo":"F3267515","IsCompleted":false,"PONo":null,"SalesPerson":{"Id":null},"Sales":{"PersonName":null},"Owner":{"Id":null,"Name":null,"Address":"...","Phone":null},"Location":{"Name":null},"ServiceRequest":{"Id":"248BAF82-6A5C-EC11-8103-00155D9EC500","Number":"R-0007924666","LocalId":9960144},"Order":{"Id":null,"No":null},"Invoice":{"Id":null,"No":null},"Insurance":{"Id":null,"Name":null,"Address":null,"ContactInfo":""},"PolicyNumber":null,"ClaimNumber":null,"Deductible":null,"AccidentDate":null,"Inspection_Notes":"Contrato No \/ Rental Agreement: F3267515\r\nEconomico  \/ Stock: AS0093\r\nSeguro  \/ Coverage: CDW-2,RS ASSIST.,PAI\r\nCD. Que Renta \/ Rental Location: MEX52\r\nCD. Recibe \/ Return Location: MEX52\r\nKM Salida \/ Mileage: 39508\r\nGas Salida \/ Fuel Tank Level: F\r\nDatos de contacto \/ Contact info: JOSE LUIS","EStatus":{"Id":5,"Name":"Draft"},"EStatusReason":{"Name":null},"CreateUTCTime":"2021-12-13T23:15:10.437","ModifyUTCTime":"2021-12-13T23:15:10.437","EstimationServices":null,"EstimationQuestions":null}
