{"EntityText":"#: E-000-2240799 Date: 12\/13\/2021 Stock: AU0A70 RO: F3267349 PO:  (2020 CHE AVEOLT LSGHD52H4LD079813) Client: JOSE HUGO","UTCTimestamp":"2022-03-28T04:28:37.390","InspectionId":"04AD3DAC-73A5-44F4-9D2C-418F95AFB5EF","InspectionNumber":"E-000-2240799","InspectionDate":"2021-12-13","InspectionType":{"Id":"33034816-D00A-49F6-8AA5-55D54FDE8907","Name":"Hoja de Inspeccion - check out"},"Amount":0.00,"ApprovedAmount":0.00,"DiscountAmount":0.00000,"TaxAmount":0.00000,"FeesAmount":0.00000,"Employee":{"Id":"7272EF35-BA42-4012-A525-ECB34FF20C5B","Name":"HERTZ R52M10TDL7W","ExternalID":null},"Client":{"Id":"2EE31EAD-9B8A-4181-BFB1-CB9FBBDFAB56","Name":"JOSE HUGO","Address":"PBLO CAPULTITLAN","Phone":"7291672608","ExternalID":null},"Vehicle":{"VIN":"LSGHD52H4LD079813","Year":2020,"Make":"CHE","Model":"AVEOLT","PlateNo":"SLB-805-A","Vehicle":{"Color":null},"Mileage":56400,"PaintCode":null},"StockNo":"AU0A70","RONo":"F3267349","IsCompleted":false,"PONo":null,"SalesPerson":{"Id":null},"Sales":{"PersonName":null},"Owner":{"Id":null,"Name":null,"Address":"...","Phone":null},"Location":{"Name":null},"ServiceRequest":{"Id":"124D3870-5F5C-EC11-8103-00155D9EC500","Number":"R-0007924427","LocalId":9959761},"Order":{"Id":null,"No":null},"Invoice":{"Id":null,"No":null},"Insurance":{"Id":null,"Name":null,"Address":null,"ContactInfo":""},"PolicyNumber":null,"ClaimNumber":null,"Deductible":null,"AccidentDate":null,"Inspection_Notes":"Contrato No \/ Rental Agreement: F3267349\r\nEconomico  \/ Stock: AU0A70\r\nSeguro  \/ Coverage: LDW,B2B\r\nCD. Que Renta \/ Rental Location: DMTY51\r\nCD. Recibe \/ Return Location: MTY53\r\nKM Salida \/ Mileage: 56400\r\nGas Salida \/ Fuel Tank Level: F\r\nDatos de contacto \/ Contact info: CITY EXPRESS SANTA CATARINA","EStatus":{"Id":5,"Name":"Draft"},"EStatusReason":{"Name":null},"CreateUTCTime":"2021-12-13T21:55:57.133","ModifyUTCTime":"2021-12-13T21:55:57.133","EstimationServices":null,"EstimationQuestions":null}
