{"EntityText":"#: E-000-2238504 Date: 12\/13\/2021 Stock: CA1302 RO: F3266570 PO:  (2021 CHE CAVALILT LSGKB54H1MV047602) Client: LUISERN","UTCTimestamp":"2022-03-28T04:23:37.427","InspectionId":"04D37307-A92F-4B57-8A3E-386C09AC89F4","InspectionNumber":"E-000-2238504","InspectionDate":"2021-12-13","InspectionType":{"Id":"04A19838-AEEC-4B12-BC41-77C52A166A0E","Name":"Hoja de Inspecci�n - check in"},"Amount":0.00,"ApprovedAmount":0.00,"DiscountAmount":0.00000,"TaxAmount":0.00000,"FeesAmount":0.00000,"Employee":{"Id":"897AF737-C484-4D9C-9FEA-C21B99EABE11","Name":"HERTZ SAN50-01","ExternalID":null},"Client":{"Id":"63AB44E1-6EF8-47BF-8FEC-7FEB9C9D7FA9","Name":"LUISERN","Address":"CDA RIO CHAMPINGO 1","Phone":"5566731074","ExternalID":null},"Vehicle":{"VIN":"LSGKB54H1MV047602","Year":2021,"Make":"CHE","Model":"CAVALILT","PlateNo":"28-48-AVE","Vehicle":{"Color":null},"Mileage":11003,"PaintCode":null},"StockNo":"CA1302","RONo":"F3266570","IsCompleted":false,"PONo":null,"SalesPerson":{"Id":null},"Sales":{"PersonName":null},"Owner":{"Id":null,"Name":null,"Address":"...","Phone":null},"Location":{"Name":null},"ServiceRequest":{"Id":"5E1D9159-335C-EC11-8103-00155D9EC500","Number":"R-0007923279","LocalId":9958004},"Order":{"Id":null,"No":null},"Invoice":{"Id":null,"No":null},"Insurance":{"Id":null,"Name":null,"Address":null,"ContactInfo":""},"PolicyNumber":null,"ClaimNumber":null,"Deductible":null,"AccidentDate":null,"Inspection_Notes":"Contrato No \/ Rental Agreement: F3266570\r\nEconomico  \/ Stock: CA1302\r\nSeguro  \/ Coverage: LDW PACK,RS ASSIST.\r\nCD. Que Renta \/ Rental Location: SAN50\r\nCD. Recibe \/ Return Location: SAN50\r\nKM Salida \/ Mileage: 11003\r\nGas Salida \/ Fuel Tank Level: F\r\nDatos de contacto \/ Contact info: RIU SANTA FE","EStatus":{"Id":5,"Name":"Draft"},"EStatusReason":{"Name":null},"CreateUTCTime":"2021-12-13T16:40:16.753","ModifyUTCTime":"2021-12-13T16:40:16.753","EstimationServices":null,"EstimationQuestions":null}
