{"EntityText":"#: E-000-2242077 Date: 12\/13\/2021 Stock: TR0191 RO: F3267797 PO:  (2020 CHE TRAX 3GNCJ7CE7LL212094) Client: MARCUS JIMENEZ","UTCTimestamp":"2022-03-28T04:31:47.343","InspectionId":"04EF46F0-638B-4239-92C7-BE6E8DF80487","InspectionNumber":"E-000-2242077","InspectionDate":"2021-12-13","InspectionType":{"Id":"33034816-D00A-49F6-8AA5-55D54FDE8907","Name":"Hoja de Inspeccion - check out"},"Amount":0.00,"ApprovedAmount":0.00,"DiscountAmount":0.00000,"TaxAmount":0.00000,"FeesAmount":0.00000,"Employee":{"Id":"D9181D69-A72F-4ED3-B334-455E1E58A55F","Name":"HERTZ F4KJL61QF193","ExternalID":null},"Client":{"Id":"D0B9E3C8-F925-4688-97BB-1D1BAEDA31D8","Name":"MARCUS JIMENEZ","Address":"N COQUINA WAY","Phone":"9546637886","ExternalID":null},"Vehicle":{"VIN":"3GNCJ7CE7LL212094","Year":2020,"Make":"CHE","Model":"TRAX","PlateNo":"ZCU-167-C","Vehicle":{"Color":null},"Mileage":71694,"PaintCode":null},"StockNo":"TR0191","RONo":"F3267797","IsCompleted":false,"PONo":null,"SalesPerson":{"Id":null},"Sales":{"PersonName":null},"Owner":{"Id":null,"Name":null,"Address":"...","Phone":null},"Location":{"Name":null},"ServiceRequest":{"Id":"B19517BC-855C-EC11-8103-00155D9EC500","Number":"R-0007925066","LocalId":9960764},"Order":{"Id":null,"No":null},"Invoice":{"Id":null,"No":null},"Insurance":{"Id":null,"Name":null,"Address":null,"ContactInfo":""},"PolicyNumber":null,"ClaimNumber":null,"Deductible":null,"AccidentDate":null,"Inspection_Notes":"Contrato No \/ Rental Agreement: F3267797\r\nEconomico  \/ Stock: TR0191\r\nSeguro  \/ Coverage: LDW,B2B\r\nCD. Que Renta \/ Rental Location: TCAN52\r\nCD. Recibe \/ Return Location: TCAN52\r\nKM Salida \/ Mileage: 71694\r\nGas Salida \/ Fuel Tank Level: F\r\nDatos de contacto \/ Contact info: HTL CRYSTAL URBAN","EStatus":{"Id":5,"Name":"Draft"},"EStatusReason":{"Name":null},"CreateUTCTime":"2021-12-14T02:30:08.800","ModifyUTCTime":"2021-12-14T02:30:08.800","EstimationServices":null,"EstimationQuestions":null}
