{"EntityText":"#: E-000-2240664 Date: 12\/13\/2021 Stock: X21057 RO: F3267305 PO:  (2021 NSN XTRAIL2R JN8BT27T7MW126701) Client: RABI","UTCTimestamp":"2022-03-28T04:28:37.390","InspectionId":"04F485B6-1CCF-46C4-9089-E6BC30FA609E","InspectionNumber":"E-000-2240664","InspectionDate":"2021-12-13","InspectionType":{"Id":"04A19838-AEEC-4B12-BC41-77C52A166A0E","Name":"Hoja de Inspecci�n - check in"},"Amount":0.00,"ApprovedAmount":0.00,"DiscountAmount":0.00000,"TaxAmount":0.00000,"FeesAmount":0.00000,"Employee":{"Id":"D9181D69-A72F-4ED3-B334-455E1E58A55F","Name":"HERTZ F4KJL61QF193","ExternalID":null},"Client":{"Id":"FC703CA4-D803-42F4-9B3E-E241B26B5A98","Name":"RABI","Address":"HORAC","Phone":"7188104886","ExternalID":null},"Vehicle":{"VIN":"JN8BT27T7MW126701","Year":2021,"Make":"NSN","Model":"XTRAIL2R","PlateNo":"YYK-370-D","Vehicle":{"Color":null},"Mileage":22553,"PaintCode":null},"StockNo":"X21057","RONo":"F3267305","IsCompleted":false,"PONo":null,"SalesPerson":{"Id":null},"Sales":{"PersonName":null},"Owner":{"Id":null,"Name":null,"Address":"...","Phone":null},"Location":{"Name":null},"ServiceRequest":{"Id":"7D8F7C92-5C5C-EC11-8103-00155D9EC500","Number":"R-0007924359","LocalId":9959671},"Order":{"Id":null,"No":null},"Invoice":{"Id":null,"No":null},"Insurance":{"Id":null,"Name":null,"Address":null,"ContactInfo":""},"PolicyNumber":null,"ClaimNumber":null,"Deductible":null,"AccidentDate":null,"Inspection_Notes":"Contrato No \/ Rental Agreement: F3267305\r\nEconomico  \/ Stock: X21057\r\nSeguro  \/ Coverage: ALI,PAI,LOST USE,RS ASSIST.\r\nCD. Que Renta \/ Rental Location: CAN50\r\nCD. Recibe \/ Return Location: CAN50\r\nKM Salida \/ Mileage: 22553\r\nGas Salida \/ Fuel Tank Level: F\r\nDatos de contacto \/ Contact info: HTL SECRETS AKUMAL","EStatus":{"Id":5,"Name":"Draft"},"EStatusReason":{"Name":null},"CreateUTCTime":"2021-12-13T21:35:21.617","ModifyUTCTime":"2021-12-13T21:35:21.617","EstimationServices":null,"EstimationQuestions":null}
