{"EntityText":"#: E-000-2118846 Date: 12\/13\/2021 Stock: AU1566 RO: F3224700 PO:  (2021 CHE AVEOLS LSGHD52H4MD098945) Client: CANDAMIL","UTCTimestamp":"2022-03-28T04:19:48.133","InspectionId":"0505D2CD-2350-40CF-ABF9-63A994E719E4","InspectionNumber":"E-000-2118846","InspectionDate":"2021-12-13","InspectionType":{"Id":"04A19838-AEEC-4B12-BC41-77C52A166A0E","Name":"Hoja de Inspecci�n - check in"},"Amount":0.00,"ApprovedAmount":0.00,"DiscountAmount":0.00000,"TaxAmount":0.00000,"FeesAmount":0.00000,"Employee":{"Id":"36D5A659-96CA-4FFC-8E9F-6A4418AB3FA3","Name":"HERTZ MEX51","ExternalID":null},"Client":{"Id":"59EC4C49-0786-41B0-91C3-7C510DD1657A","Name":"CANDAMIL","Address":"SALIDA REAL A QUERETARO","Phone":"+573128318507","ExternalID":null},"Vehicle":{"VIN":"LSGHD52H4MD098945","Year":2021,"Make":"CHE","Model":"AVEOLS","PlateNo":"ZBZ-311-C","Vehicle":{"Color":null},"Mileage":28798,"PaintCode":null},"StockNo":"AU1566","RONo":"F3224700","IsCompleted":false,"PONo":null,"SalesPerson":{"Id":null},"Sales":{"PersonName":null},"Owner":{"Id":null,"Name":null,"Address":"...","Phone":null},"Location":{"Name":null},"ServiceRequest":{"Id":"F45F2A74-3548-EC11-8103-00155D9EC500","Number":"R-0007863446","LocalId":9864468},"Order":{"Id":null,"No":null},"Invoice":{"Id":null,"No":null},"Insurance":{"Id":null,"Name":null,"Address":null,"ContactInfo":""},"PolicyNumber":null,"ClaimNumber":null,"Deductible":null,"AccidentDate":null,"Inspection_Notes":"Contrato No \/ Rental Agreement: F3224700\r\nEconomico  \/ Stock: AU1566\r\nSeguro  \/ Coverage: CDW-2\r\nCD. Que Renta \/ Rental Location: MEX53\r\nCD. Recibe \/ Return Location: MEX53\r\nKM Salida \/ Mileage: 28798\r\nGas Salida \/ Fuel Tank Level: 3\/4\r\nDatos de contacto \/ Contact info: ","EStatus":{"Id":5,"Name":"Draft"},"EStatusReason":{"Name":null},"CreateUTCTime":"2021-11-18T06:05:05.243","ModifyUTCTime":"2021-11-18T06:05:05.243","EstimationServices":null,"EstimationQuestions":null}
