{"EntityText":"#: E-000-2241166 Date: 12\/13\/2021 Stock: NK1428 RO: F3267476 PO:  (2021 NSN KICKSADV 3N8CP5HE5ML549812) Client: SHADI","UTCTimestamp":"2022-03-28T04:29:53.097","InspectionId":"050F517C-EAA4-4D70-A308-DE1867FE48F2","InspectionNumber":"E-000-2241166","InspectionDate":"2021-12-13","InspectionType":{"Id":"04A19838-AEEC-4B12-BC41-77C52A166A0E","Name":"Hoja de Inspecci�n - check in"},"Amount":0.00,"ApprovedAmount":0.00,"DiscountAmount":0.00000,"TaxAmount":0.00000,"FeesAmount":0.00000,"Employee":{"Id":"D9181D69-A72F-4ED3-B334-455E1E58A55F","Name":"HERTZ F4KJL61QF193","ExternalID":null},"Client":{"Id":"24BF5915-3344-4DAB-AF3E-529C08910CE6","Name":"SHADI","Address":"POTOMAC","Phone":"0017038631985","ExternalID":null},"Vehicle":{"VIN":"3N8CP5HE5ML549812","Year":2021,"Make":"NSN","Model":"KICKSADV","PlateNo":"A-508-TPL","Vehicle":{"Color":null},"Mileage":2471,"PaintCode":null},"StockNo":"NK1428","RONo":"F3267476","IsCompleted":false,"PONo":null,"SalesPerson":{"Id":null},"Sales":{"PersonName":null},"Owner":{"Id":null,"Name":null,"Address":"...","Phone":null},"Location":{"Name":null},"ServiceRequest":{"Id":"1CDF29B9-675C-EC11-8103-00155D9EC500","Number":"R-0007924610","LocalId":9960046},"Order":{"Id":null,"No":null},"Invoice":{"Id":null,"No":null},"Insurance":{"Id":null,"Name":null,"Address":null,"ContactInfo":""},"PolicyNumber":null,"ClaimNumber":null,"Deductible":null,"AccidentDate":null,"Inspection_Notes":"Contrato No \/ Rental Agreement: F3267476\r\nEconomico  \/ Stock: NK1428\r\nSeguro  \/ Coverage: CDW PACK.,RS ASSIST.,HDI 15000\r\nCD. Que Renta \/ Rental Location: TCAN52\r\nCD. Recibe \/ Return Location: TCAN52\r\nKM Salida \/ Mileage: 2471\r\nGas Salida \/ Fuel Tank Level: F\r\nDatos de contacto \/ Contact info: AIR BNB","EStatus":{"Id":5,"Name":"Draft"},"EStatusReason":{"Name":null},"CreateUTCTime":"2021-12-13T22:55:17","ModifyUTCTime":"2021-12-13T22:55:17","EstimationServices":null,"EstimationQuestions":null}
