{"EntityText":"#: E-000-2238182 Date: 12\/13\/2021 Stock: JR2008 RO: F3266456 PO:  (2022 JEEP RENEGADE 98861155XNK420215) Client: STEVEN MENDIETA","UTCTimestamp":"2022-03-28T04:22:56.547","InspectionId":"0526BCAB-DBC7-4012-904C-BC5095BFFEF7","InspectionNumber":"E-000-2238182","InspectionDate":"2021-12-13","InspectionType":{"Id":"04A19838-AEEC-4B12-BC41-77C52A166A0E","Name":"Hoja de Inspecci�n - check in"},"Amount":0.00,"ApprovedAmount":0.00,"DiscountAmount":0.00000,"TaxAmount":0.00000,"FeesAmount":0.00000,"Employee":{"Id":"D9181D69-A72F-4ED3-B334-455E1E58A55F","Name":"HERTZ F4KJL61QF193","ExternalID":null},"Client":{"Id":"8D10A560-4F56-4C36-98FB-1C4392DEFA45","Name":"STEVEN MENDIETA","Address":"4913 PARK RD","Phone":"17042937640","ExternalID":null},"Vehicle":{"VIN":"98861155XNK420215","Year":2022,"Make":"JEEP","Model":"RENEGADE","PlateNo":"YYX-004-D","Vehicle":{"Color":null},"Mileage":11940,"PaintCode":null},"StockNo":"JR2008","RONo":"F3266456","IsCompleted":false,"PONo":null,"SalesPerson":{"Id":null},"Sales":{"PersonName":null},"Owner":{"Id":null,"Name":null,"Address":"...","Phone":null},"Location":{"Name":null},"ServiceRequest":{"Id":"FB16BB12-2D5C-EC11-8103-00155D9EC500","Number":"R-0007923118","LocalId":9957740},"Order":{"Id":null,"No":null},"Invoice":{"Id":null,"No":null},"Insurance":{"Id":null,"Name":null,"Address":null,"ContactInfo":""},"PolicyNumber":null,"ClaimNumber":null,"Deductible":null,"AccidentDate":null,"Inspection_Notes":"Contrato No \/ Rental Agreement: F3266456\r\nEconomico  \/ Stock: JR2008\r\nSeguro  \/ Coverage: ALI,PAI,LOST USE,RS ASSIST.\r\nCD. Que Renta \/ Rental Location: CAN50\r\nCD. Recibe \/ Return Location: CAN50\r\nKM Salida \/ Mileage: 11940\r\nGas Salida \/ Fuel Tank Level: F\r\nDatos de contacto \/ Contact info: BAHIA PRINCIPE","EStatus":{"Id":5,"Name":"Draft"},"EStatusReason":{"Name":null},"CreateUTCTime":"2021-12-13T15:55:24.120","ModifyUTCTime":"2021-12-13T15:55:24.120","EstimationServices":null,"EstimationQuestions":null}
