{"EntityText":"#: E-000-2240112 Date: 12\/13\/2021 Stock: AU0710 RO: TIJ92780 PO:  (2020 CHE AVEOLT LSGHD52H6LD045484) Client: JOSE AVILA","UTCTimestamp":"2022-03-28T04:27:26.117","InspectionId":"052970C6-FED5-41F1-A2FB-B17D4EF47ED8","InspectionNumber":"E-000-2240112","InspectionDate":"2021-12-13","InspectionType":{"Id":"04A19838-AEEC-4B12-BC41-77C52A166A0E","Name":"Hoja de Inspecci�n - check in"},"Amount":0.00,"ApprovedAmount":0.00,"DiscountAmount":0.00000,"TaxAmount":0.00000,"FeesAmount":0.00000,"Employee":{"Id":"ED630168-DBE6-4645-A153-00A57C5D54A6","Name":"HERTZ TIJ51","ExternalID":null},"Client":{"Id":"B514189E-BC7B-446C-B11C-9DDBB3B12434","Name":"JOSE AVILA","Address":"...","Phone":null,"ExternalID":null},"Vehicle":{"VIN":"LSGHD52H6LD045484","Year":2020,"Make":"CHE","Model":"AVEOLT","PlateNo":"89-28-AVD","Vehicle":{"Color":null},"Mileage":40457,"PaintCode":null},"StockNo":"AU0710","RONo":"TIJ92780","IsCompleted":false,"PONo":null,"SalesPerson":{"Id":null},"Sales":{"PersonName":null},"Owner":{"Id":null,"Name":null,"Address":"...","Phone":null},"Location":{"Name":null},"ServiceRequest":{"Id":"6E8A6867-515C-EC11-8103-00155D9EC500","Number":"R-0007924083","LocalId":9959266},"Order":{"Id":null,"No":null},"Invoice":{"Id":null,"No":null},"Insurance":{"Id":null,"Name":null,"Address":null,"ContactInfo":""},"PolicyNumber":null,"ClaimNumber":null,"Deductible":null,"AccidentDate":null,"Inspection_Notes":"Contrato No \/ Rental Agreement: TIJ92780\r\nEconomico  \/ Stock: AU0710\r\nSeguro  \/ Coverage: \r\nCD. Que Renta \/ Rental Location: TIJ90\r\nCD. Recibe \/ Return Location: TIJ51\r\nKM Salida \/ Mileage: 40457\r\nGas Salida \/ Fuel Tank Level: F\r\nDatos de contacto \/ Contact info: ","EStatus":{"Id":5,"Name":"Draft"},"EStatusReason":{"Name":null},"CreateUTCTime":"2021-12-13T20:15:34.787","ModifyUTCTime":"2021-12-13T20:15:34.787","EstimationServices":null,"EstimationQuestions":null}
