{"EntityText":"#: E-000-2239636 Date: 12\/13\/2021 Stock: CA1191 RO: F3266954 PO:  (2021 CHE CAVALIER LSGKB54HXMV096488) Client: JUAN","UTCTimestamp":"2022-03-28T04:26:09.920","InspectionId":"0535D08F-BC15-4480-AE9D-4CB1B6F58324","InspectionNumber":"E-000-2239636","InspectionDate":"2021-12-13","InspectionType":{"Id":"04A19838-AEEC-4B12-BC41-77C52A166A0E","Name":"Hoja de Inspecci�n - check in"},"Amount":0.00,"ApprovedAmount":0.00,"DiscountAmount":0.00000,"TaxAmount":0.00000,"FeesAmount":0.00000,"Employee":{"Id":"D9181D69-A72F-4ED3-B334-455E1E58A55F","Name":"HERTZ F4KJL61QF193","ExternalID":null},"Client":{"Id":"AEAD535D-1E75-4CD7-AED5-35FD4EE14A86","Name":"JUAN","Address":"CARRERA 12","Phone":"573156300388","ExternalID":null},"Vehicle":{"VIN":"LSGKB54HXMV096488","Year":2021,"Make":"CHE","Model":"CAVALIER","PlateNo":"ZBX-263-C","Vehicle":{"Color":null},"Mileage":25572,"PaintCode":null},"StockNo":"CA1191","RONo":"F3266954","IsCompleted":false,"PONo":null,"SalesPerson":{"Id":null},"Sales":{"PersonName":null},"Owner":{"Id":null,"Name":null,"Address":"...","Phone":null},"Location":{"Name":null},"ServiceRequest":{"Id":"2229E3A1-485C-EC11-8103-00155D9EC500","Number":"R-0007923845","LocalId":9958769},"Order":{"Id":null,"No":null},"Invoice":{"Id":null,"No":null},"Insurance":{"Id":null,"Name":null,"Address":null,"ContactInfo":""},"PolicyNumber":null,"ClaimNumber":null,"Deductible":null,"AccidentDate":null,"Inspection_Notes":"Contrato No \/ Rental Agreement: F3266954\r\nEconomico  \/ Stock: CA1191\r\nSeguro  \/ Coverage: LDW,B2B\r\nCD. Que Renta \/ Rental Location: TCAN52\r\nCD. Recibe \/ Return Location: TCAN52\r\nKM Salida \/ Mileage: 25572\r\nGas Salida \/ Fuel Tank Level: F\r\nDatos de contacto \/ Contact info: OCEAN FRONT HTL PDC","EStatus":{"Id":5,"Name":"Draft"},"EStatusReason":{"Name":null},"CreateUTCTime":"2021-12-13T19:12:39.067","ModifyUTCTime":"2021-12-13T19:12:39.067","EstimationServices":null,"EstimationQuestions":null}
