{"EntityText":"#: E-000-2239440 Date: 12\/13\/2021 Stock: VS1170 RO: F3266884 PO:  (2021 VW VIRTUS 9BWDL5BZ0MP010502) Client: JOSE ANTONIO","UTCTimestamp":"2022-03-28T04:25:34.067","InspectionId":"0549816E-1DC7-47FF-BCFB-FFFA691C5C88","InspectionNumber":"E-000-2239440","InspectionDate":"2021-12-13","InspectionType":{"Id":"04A19838-AEEC-4B12-BC41-77C52A166A0E","Name":"Hoja de Inspecci�n - check in"},"Amount":0.00,"ApprovedAmount":0.00,"DiscountAmount":0.00000,"TaxAmount":0.00000,"FeesAmount":0.00000,"Employee":{"Id":"D9181D69-A72F-4ED3-B334-455E1E58A55F","Name":"HERTZ F4KJL61QF193","ExternalID":null},"Client":{"Id":"1067EF11-09A2-4D52-A0DD-47DCCF9835B4","Name":"JOSE ANTONIO","Address":"FRAC BOSQUES","Phone":"5534331423","ExternalID":null},"Vehicle":{"VIN":"9BWDL5BZ0MP010502","Year":2021,"Make":"VW","Model":"VIRTUS","PlateNo":"A-796-TPH","Vehicle":{"Color":null},"Mileage":36662,"PaintCode":null},"StockNo":"VS1170","RONo":"F3266884","IsCompleted":false,"PONo":null,"SalesPerson":{"Id":null},"Sales":{"PersonName":null},"Owner":{"Id":null,"Name":null,"Address":"...","Phone":null},"Location":{"Name":null},"ServiceRequest":{"Id":"0B8FFCDB-445C-EC11-8103-00155D9EC500","Number":"R-0007923747","LocalId":9958636},"Order":{"Id":null,"No":null},"Invoice":{"Id":null,"No":null},"Insurance":{"Id":null,"Name":null,"Address":null,"ContactInfo":""},"PolicyNumber":null,"ClaimNumber":null,"Deductible":null,"AccidentDate":null,"Inspection_Notes":"Contrato No \/ Rental Agreement: F3266884\r\nEconomico  \/ Stock: VS1170\r\nSeguro  \/ Coverage: LDW,B2B\r\nCD. Que Renta \/ Rental Location: DCAN51\r\nCD. Recibe \/ Return Location: DCAN51\r\nKM Salida \/ Mileage: 36662\r\nGas Salida \/ Fuel Tank Level: F\r\nDatos de contacto \/ Contact info: HOTEL MAKECON AERICAS","EStatus":{"Id":5,"Name":"Draft"},"EStatusReason":{"Name":null},"CreateUTCTime":"2021-12-13T18:45:37.460","ModifyUTCTime":"2021-12-13T18:45:37.460","EstimationServices":null,"EstimationQuestions":null}
