{"EntityText":"#: E-000-2237618 Date: 12\/13\/2021 Stock: VV0302 RO: F3266249 PO:  (2020 VW VENTO MEX512605LT017022) Client: DAVID FERNANDO","UTCTimestamp":"2022-03-28T04:22:10.483","InspectionId":"054B58EC-FFB0-42CD-9C13-49F7F66F2E1B","InspectionNumber":"E-000-2237618","InspectionDate":"2021-12-13","InspectionType":{"Id":"04A19838-AEEC-4B12-BC41-77C52A166A0E","Name":"Hoja de Inspecci�n - check in"},"Amount":0.00,"ApprovedAmount":0.00,"DiscountAmount":0.00000,"TaxAmount":0.00000,"FeesAmount":0.00000,"Employee":{"Id":"D9181D69-A72F-4ED3-B334-455E1E58A55F","Name":"HERTZ F4KJL61QF193","ExternalID":null},"Client":{"Id":"4D603707-B144-4791-8EDF-ED02BD4B3D5B","Name":"DAVID FERNANDO","Address":"CARRERA 3ERA A #5825","Phone":"3165334050","ExternalID":null},"Vehicle":{"VIN":"MEX512605LT017022","Year":2020,"Make":"VW","Model":"VENTO","PlateNo":"ZCS-735-C","Vehicle":{"Color":null},"Mileage":87930,"PaintCode":null},"StockNo":"VV0302","RONo":"F3266249","IsCompleted":false,"PONo":null,"SalesPerson":{"Id":null},"Sales":{"PersonName":null},"Owner":{"Id":null,"Name":null,"Address":"...","Phone":null},"Location":{"Name":null},"ServiceRequest":{"Id":"4AC0C52E-215C-EC11-8103-00155D9EC500","Number":"R-0007922836","LocalId":9957337},"Order":{"Id":null,"No":null},"Invoice":{"Id":null,"No":null},"Insurance":{"Id":null,"Name":null,"Address":null,"ContactInfo":""},"PolicyNumber":null,"ClaimNumber":null,"Deductible":null,"AccidentDate":null,"Inspection_Notes":"Contrato No \/ Rental Agreement: F3266249\r\nEconomico  \/ Stock: VV0302\r\nSeguro  \/ Coverage: CDW-2,CDW-2\r\nCD. Que Renta \/ Rental Location: FCAN50\r\nCD. Recibe \/ Return Location: FCAN50\r\nKM Salida \/ Mileage: 87930\r\nGas Salida \/ Fuel Tank Level: \r\nDatos de contacto \/ Contact info: HTL GRAND MAYANRIVIERA MAYA","EStatus":{"Id":5,"Name":"Draft"},"EStatusReason":{"Name":null},"CreateUTCTime":"2021-12-13T14:30:18.550","ModifyUTCTime":"2021-12-13T14:30:18.550","EstimationServices":null,"EstimationQuestions":null}
