{"EntityText":"#: E-000-2239257 Date: 12\/13\/2021 Stock: PO9090 RO: F3266833 PO:  (2019 VW POLO MEX61260XKT040637) Client: MARIA TE BECERRIL MARTINEZ","UTCTimestamp":"2022-03-28T04:25:34.067","InspectionId":"056CCE48-94CC-4FE1-BA66-2C7D49B50788","InspectionNumber":"E-000-2239257","InspectionDate":"2021-12-13","InspectionType":{"Id":"33034816-D00A-49F6-8AA5-55D54FDE8907","Name":"Hoja de Inspeccion - check out"},"Amount":0.00,"ApprovedAmount":0.00,"DiscountAmount":0.00000,"TaxAmount":0.00000,"FeesAmount":0.00000,"Employee":{"Id":"897AF737-C484-4D9C-9FEA-C21B99EABE11","Name":"HERTZ SAN50-01","ExternalID":null},"Client":{"Id":"641EDD42-045A-4DE4-BBA3-BC22AF884FE8","Name":"MARIA TE BECERRIL MARTINEZ","Address":"SAN JUAN DIOS 27","Phone":"5516486630","ExternalID":null},"Vehicle":{"VIN":"MEX61260XKT040637","Year":2019,"Make":"VW","Model":"POLO","PlateNo":"46-39-AVD","Vehicle":{"Color":null},"Mileage":94328,"PaintCode":null},"StockNo":"PO9090","RONo":"F3266833","IsCompleted":false,"PONo":null,"SalesPerson":{"Id":null},"Sales":{"PersonName":null},"Owner":{"Id":null,"Name":null,"Address":"...","Phone":null},"Location":{"Name":null},"ServiceRequest":{"Id":"792015D6-415C-EC11-8103-00155D9EC500","Number":"R-0007923656","LocalId":9958508},"Order":{"Id":null,"No":null},"Invoice":{"Id":null,"No":null},"Insurance":{"Id":null,"Name":null,"Address":null,"ContactInfo":""},"PolicyNumber":null,"ClaimNumber":null,"Deductible":null,"AccidentDate":null,"Inspection_Notes":"Contrato No \/ Rental Agreement: F3266833\r\nEconomico  \/ Stock: PO9090\r\nSeguro  \/ Coverage: LDW,B2B\r\nCD. Que Renta \/ Rental Location: SAN50\r\nCD. Recibe \/ Return Location: SAN50\r\nKM Salida \/ Mileage: 94328\r\nGas Salida \/ Fuel Tank Level: F\r\nDatos de contacto \/ Contact info: FTA  AMERICANA","EStatus":{"Id":5,"Name":"Draft"},"EStatusReason":{"Name":null},"CreateUTCTime":"2021-12-13T18:24:09.597","ModifyUTCTime":"2021-12-13T18:24:09.597","EstimationServices":null,"EstimationQuestions":null}
