{"EntityText":"#: E-000-2240872 Date: 12\/13\/2021 Stock: VV0B23 RO: F3267377 PO:  (2020 VW VENTO MEX512608LT069678) Client: JORGE ANTONIO","UTCTimestamp":"2022-03-28T04:29:14.223","InspectionId":"05773211-34C6-4947-B957-EE18AC6507FE","InspectionNumber":"E-000-2240872","InspectionDate":"2021-12-13","InspectionType":{"Id":"04A19838-AEEC-4B12-BC41-77C52A166A0E","Name":"Hoja de Inspecci�n - check in"},"Amount":0.00,"ApprovedAmount":0.00,"DiscountAmount":0.00000,"TaxAmount":0.00000,"FeesAmount":0.00000,"Employee":{"Id":"897AF737-C484-4D9C-9FEA-C21B99EABE11","Name":"HERTZ SAN50-01","ExternalID":null},"Client":{"Id":"BEC1B654-551A-4EA4-9C5E-DEC9BFF7DB0F","Name":"JORGE ANTONIO","Address":"AV JOSE PORTILO M14L1","Phone":"9988745346","ExternalID":null},"Vehicle":{"VIN":"MEX512608LT069678","Year":2020,"Make":"VW","Model":"VENTO","PlateNo":"15-83-AVE","Vehicle":{"Color":null},"Mileage":40408,"PaintCode":null},"StockNo":"VV0B23","RONo":"F3267377","IsCompleted":false,"PONo":null,"SalesPerson":{"Id":null},"Sales":{"PersonName":null},"Owner":{"Id":null,"Name":null,"Address":"...","Phone":null},"Location":{"Name":null},"ServiceRequest":{"Id":"9EF72FD6-605C-EC11-8103-00155D9EC500","Number":"R-0007924463","LocalId":9959807},"Order":{"Id":null,"No":null},"Invoice":{"Id":null,"No":null},"Insurance":{"Id":null,"Name":null,"Address":null,"ContactInfo":""},"PolicyNumber":null,"ClaimNumber":null,"Deductible":null,"AccidentDate":null,"Inspection_Notes":"Contrato No \/ Rental Agreement: F3267377\r\nEconomico  \/ Stock: VV0B23\r\nSeguro  \/ Coverage: LDW\r\nCD. Que Renta \/ Rental Location: SAN50\r\nCD. Recibe \/ Return Location: SAN50\r\nKM Salida \/ Mileage: 40408\r\nGas Salida \/ Fuel Tank Level: 3\/4\r\nDatos de contacto \/ Contact info: HOTEL CONFORT INN","EStatus":{"Id":5,"Name":"Draft"},"EStatusReason":{"Name":null},"CreateUTCTime":"2021-12-13T22:06:01.263","ModifyUTCTime":"2021-12-13T22:06:01.263","EstimationServices":null,"EstimationQuestions":null}
