{"EntityText":"#: E-000-1943778 Date: 12\/13\/2021 Stock: SU9120 RO: F3163886 PO:  (2019 CHE SUBRBANB 1GNSC8KCXKR268825) Client: CESAR","UTCTimestamp":"2022-03-28T04:19:43.870","InspectionId":"057A4D2C-4276-41E4-9F2E-CBACABB36575","InspectionNumber":"E-000-1943778","InspectionDate":"2021-12-13","InspectionType":{"Id":"04A19838-AEEC-4B12-BC41-77C52A166A0E","Name":"Hoja de Inspecci�n - check in"},"Amount":0.00,"ApprovedAmount":0.00,"DiscountAmount":0.00000,"TaxAmount":0.00000,"FeesAmount":0.00000,"Employee":{"Id":"5C56357B-B56E-4E3B-839D-F5A1A954C841","Name":"HERTZ PUE50","ExternalID":null},"Client":{"Id":"B6A877A7-4E00-43B0-82D2-B9F4826DE567","Name":"CESAR","Address":"C SUR MZ 127","Phone":"5539357174","ExternalID":null},"Vehicle":{"VIN":"1GNSC8KCXKR268825","Year":2019,"Make":"CHE","Model":"SUBRBANB","PlateNo":"ZCS-895-C","Vehicle":{"Color":null},"Mileage":80279,"PaintCode":null},"StockNo":"SU9120","RONo":"F3163886","IsCompleted":false,"PONo":null,"SalesPerson":{"Id":null},"Sales":{"PersonName":null},"Owner":{"Id":null,"Name":null,"Address":"...","Phone":null},"Location":{"Name":null},"ServiceRequest":{"Id":"DAC6F02F-682B-EC11-80FE-00155D9EC500","Number":"R-0007775898","LocalId":9710658},"Order":{"Id":null,"No":null},"Invoice":{"Id":null,"No":null},"Insurance":{"Id":null,"Name":null,"Address":null,"ContactInfo":""},"PolicyNumber":null,"ClaimNumber":null,"Deductible":null,"AccidentDate":null,"Inspection_Notes":"Contrato No \/ Rental Agreement: F3163886\r\nEconomico  \/ Stock: SU9120\r\nSeguro  \/ Coverage: LDW,PAI\r\nCD. Que Renta \/ Rental Location: CAN50\r\nCD. Recibe \/ Return Location: CAN50\r\nKM Salida \/ Mileage: 80279\r\nGas Salida \/ Fuel Tank Level: F\r\nDatos de contacto \/ Contact info: CITY XPRESS PDC HOTEL","EStatus":{"Id":5,"Name":"Draft"},"EStatusReason":{"Name":null},"CreateUTCTime":"2021-10-12T14:25:10.423","ModifyUTCTime":"2021-10-12T14:25:10.423","EstimationServices":null,"EstimationQuestions":null}
