{"EntityText":"#: E-000-2212140 Date: 12\/13\/2021 Stock: X21104 RO: NM765148 PO:  (2021 NSN XTRAIL2R JN8BT27TXMW126563) Client: JOSE ISMAEL SANCHEZ","UTCTimestamp":"2022-03-28T04:20:00.600","InspectionId":"0587D8DB-A8A9-4082-999F-8DDD5DE3F0DE","InspectionNumber":"E-000-2212140","InspectionDate":"2021-12-13","InspectionType":{"Id":"04A19838-AEEC-4B12-BC41-77C52A166A0E","Name":"Hoja de Inspecci�n - check in"},"Amount":0.00,"ApprovedAmount":0.00,"DiscountAmount":0.00000,"TaxAmount":0.00000,"FeesAmount":0.00000,"Employee":{"Id":"AADB7F29-58BF-4BE9-93A3-DC8D98C6B9F7","Name":"HERTZ MEX80","ExternalID":null},"Client":{"Id":"311333C8-8675-4022-A60F-59454ED787E6","Name":"JOSE ISMAEL SANCHEZ","Address":"...","Phone":null,"ExternalID":null},"Vehicle":{"VIN":"JN8BT27TXMW126563","Year":2021,"Make":"NSN","Model":"XTRAIL2R","PlateNo":"YXU-781-D","Vehicle":{"Color":null},"Mileage":31918,"PaintCode":null},"StockNo":"X21104","RONo":"NM765148","IsCompleted":false,"PONo":null,"SalesPerson":{"Id":null},"Sales":{"PersonName":null},"Owner":{"Id":null,"Name":null,"Address":"...","Phone":null},"Location":{"Name":null},"ServiceRequest":{"Id":"FD25333B-B457-EC11-8103-00155D9EC500","Number":"R-0007910096","LocalId":9938073},"Order":{"Id":null,"No":null},"Invoice":{"Id":null,"No":null},"Insurance":{"Id":null,"Name":null,"Address":null,"ContactInfo":""},"PolicyNumber":null,"ClaimNumber":null,"Deductible":null,"AccidentDate":null,"Inspection_Notes":"Contrato No \/ Rental Agreement: NM765148\r\nEconomico  \/ Stock: X21104\r\nSeguro  \/ Coverage: \r\nCD. Que Renta \/ Rental Location: MEX76\r\nCD. Recibe \/ Return Location: MEX80\r\nKM Salida \/ Mileage: 31918\r\nGas Salida \/ Fuel Tank Level: 1\/2\r\nDatos de contacto \/ Contact info: ","EStatus":{"Id":5,"Name":"Draft"},"EStatusReason":{"Name":null},"CreateUTCTime":"2021-12-07T23:20:23.463","ModifyUTCTime":"2021-12-07T23:20:23.463","EstimationServices":null,"EstimationQuestions":null}
