{"EntityText":"#: E-000-2237673 Date: 12\/13\/2021 Stock: KR1059 RO: F3266267 PO:  (2021 KIA RIO 3KPA24BC3ME418918) Client: RICARDO","UTCTimestamp":"2022-03-28T04:22:10.483","InspectionId":"058CAA8D-56FE-4DD0-A10D-D31B322AC2D9","InspectionNumber":"E-000-2237673","InspectionDate":"2021-12-13","InspectionType":{"Id":"33034816-D00A-49F6-8AA5-55D54FDE8907","Name":"Hoja de Inspeccion - check out"},"Amount":0.00,"ApprovedAmount":0.00,"DiscountAmount":0.00000,"TaxAmount":0.00000,"FeesAmount":0.00000,"Employee":{"Id":"59644820-4F6B-450D-8F65-AD9B045A4A9C","Name":"HERTZ CAN98","ExternalID":null},"Client":{"Id":"F2B974B3-6A30-4FA3-B9B5-A47CDC267493","Name":"RICARDO","Address":"1580 NE 13ST","Phone":"+17862990545","ExternalID":null},"Vehicle":{"VIN":"3KPA24BC3ME418918","Year":2021,"Make":"KIA","Model":"RIO","PlateNo":"YZA-027-D","Vehicle":{"Color":null},"Mileage":8078,"PaintCode":null},"StockNo":"KR1059","RONo":"F3266267","IsCompleted":false,"PONo":null,"SalesPerson":{"Id":null},"Sales":{"PersonName":null},"Owner":{"Id":null,"Name":null,"Address":"...","Phone":null},"Location":{"Name":null},"ServiceRequest":{"Id":"2D076B96-225C-EC11-8103-00155D9EC500","Number":"R-0007922864","LocalId":9957376},"Order":{"Id":null,"No":null},"Invoice":{"Id":null,"No":null},"Insurance":{"Id":null,"Name":null,"Address":null,"ContactInfo":""},"PolicyNumber":null,"ClaimNumber":null,"Deductible":null,"AccidentDate":null,"Inspection_Notes":"Contrato No \/ Rental Agreement: F3266267\r\nEconomico  \/ Stock: KR1059\r\nSeguro  \/ Coverage: LDW,B2B\r\nCD. Que Renta \/ Rental Location: CAN66\r\nCD. Recibe \/ Return Location: CAN66\r\nKM Salida \/ Mileage: 8078\r\nGas Salida \/ Fuel Tank Level: F\r\nDatos de contacto \/ Contact info: VIKAL SWEETS","EStatus":{"Id":5,"Name":"Draft"},"EStatusReason":{"Name":null},"CreateUTCTime":"2021-12-13T14:40:20.760","ModifyUTCTime":"2021-12-13T14:40:20.760","EstimationServices":null,"EstimationQuestions":null}
