{"EntityText":"#: E-000-2237205 Date: 12\/13\/2021 Stock: MX2025 RO: F3266080 PO:  (2022 MTSH XPA CROS MK2L6Y1Y3NN001057) Client: DAVID","UTCTimestamp":"2022-03-28T04:20:51.597","InspectionId":"0599B592-70C4-443E-B9A0-FF8B89764779","InspectionNumber":"E-000-2237205","InspectionDate":"2021-12-13","InspectionType":{"Id":"33034816-D00A-49F6-8AA5-55D54FDE8907","Name":"Hoja de Inspeccion - check out"},"Amount":0.00,"ApprovedAmount":0.00,"DiscountAmount":0.00000,"TaxAmount":0.00000,"FeesAmount":0.00000,"Employee":{"Id":"D9181D69-A72F-4ED3-B334-455E1E58A55F","Name":"HERTZ F4KJL61QF193","ExternalID":null},"Client":{"Id":"B0C2B7B9-2273-4D73-81F2-E2714FCDAF56","Name":"DAVID","Address":"PRIV SAN ANTONIO","Phone":"4181083906","ExternalID":null},"Vehicle":{"VIN":"MK2L6Y1Y3NN001057","Year":2022,"Make":"MTSH","Model":"XPA CROS","PlateNo":"YZV-233-D","Vehicle":{"Color":null},"Mileage":25,"PaintCode":null},"StockNo":"MX2025","RONo":"F3266080","IsCompleted":false,"PONo":null,"SalesPerson":{"Id":null},"Sales":{"PersonName":null},"Owner":{"Id":null,"Name":null,"Address":"...","Phone":null},"Location":{"Name":null},"ServiceRequest":{"Id":"D62ADC9A-E15B-EC11-8103-00155D9EC500","Number":"R-0007922630","LocalId":9956660},"Order":{"Id":null,"No":null},"Invoice":{"Id":null,"No":null},"Insurance":{"Id":null,"Name":null,"Address":null,"ContactInfo":""},"PolicyNumber":null,"ClaimNumber":null,"Deductible":null,"AccidentDate":null,"Inspection_Notes":"Contrato No \/ Rental Agreement: F3266080\r\nEconomico  \/ Stock: MX2025\r\nSeguro  \/ Coverage: CDW-2\r\nCD. Que Renta \/ Rental Location: TCAN52\r\nCD. Recibe \/ Return Location: TCAN52\r\nKM Salida \/ Mileage: 25\r\nGas Salida \/ Fuel Tank Level: F\r\nDatos de contacto \/ Contact info: AIRBNB CANCUN","EStatus":{"Id":5,"Name":"Draft"},"EStatusReason":{"Name":null},"CreateUTCTime":"2021-12-13T06:55:08.740","ModifyUTCTime":"2021-12-13T06:55:08.740","EstimationServices":null,"EstimationQuestions":null}
