{"EntityText":"#: E-000-1885054 Date: 12\/13\/2021 Stock: PO1198 RO: NM666774 PO:  (2021 VW POLOC MEX6K2600MT118259) Client: MONICA GARCIA","UTCTimestamp":"2022-03-28T04:19:43.870","InspectionId":"05A8CF2A-642F-458F-B82D-8B3108F0EC91","InspectionNumber":"E-000-1885054","InspectionDate":"2021-12-13","InspectionType":{"Id":"04A19838-AEEC-4B12-BC41-77C52A166A0E","Name":"Hoja de Inspecci�n - check in"},"Amount":0.00,"ApprovedAmount":0.00,"DiscountAmount":0.00000,"TaxAmount":0.00000,"FeesAmount":0.00000,"Employee":{"Id":"52819308-9F8A-4AB2-8B65-707CFAC517C1","Name":"HERTZ PAC60","ExternalID":null},"Client":{"Id":"823AC1BF-C403-4C11-AADF-D4F82BD26441","Name":"MONICA GARCIA","Address":"...","Phone":null,"ExternalID":null},"Vehicle":{"VIN":"MEX6K2600MT118259","Year":2021,"Make":"VW","Model":"POLOC","PlateNo":"DAC-58-79","Vehicle":{"Color":null},"Mileage":13483,"PaintCode":null},"StockNo":"PO1198","RONo":"NM666774","IsCompleted":false,"PONo":null,"SalesPerson":{"Id":null},"Sales":{"PersonName":null},"Owner":{"Id":null,"Name":null,"Address":"...","Phone":null},"Location":{"Name":null},"ServiceRequest":{"Id":"9E1F6F1B-3121-EC11-80FE-00155D9EC500","Number":"R-0007746526","LocalId":9662021},"Order":{"Id":null,"No":null},"Invoice":{"Id":null,"No":null},"Insurance":{"Id":null,"Name":null,"Address":null,"ContactInfo":""},"PolicyNumber":null,"ClaimNumber":null,"Deductible":null,"AccidentDate":null,"Inspection_Notes":"Contrato No \/ Rental Agreement: NM666774\r\nEconomico  \/ Stock: PO1198\r\nSeguro  \/ Coverage: \r\nCD. Que Renta \/ Rental Location: MEX53\r\nCD. Recibe \/ Return Location: MEX50\r\nKM Salida \/ Mileage: 13483\r\nGas Salida \/ Fuel Tank Level: F\r\nDatos de contacto \/ Contact info: ","EStatus":{"Id":5,"Name":"Draft"},"EStatusReason":{"Name":null},"CreateUTCTime":"2021-09-29T14:25:40.993","ModifyUTCTime":"2021-09-29T14:25:40.993","EstimationServices":null,"EstimationQuestions":null}
