{"EntityText":"#: E-000-2025188 Date: 12\/13\/2021 Stock: AU1566 RO: F3192028 PO:  (2021 CHE AVEOLS LSGHD52H4MD098945) Client: ALEJANDR","UTCTimestamp":"2022-03-28T04:19:43.870","InspectionId":"05E82756-A621-47C9-84C7-E7A1A3E298CB","InspectionNumber":"E-000-2025188","InspectionDate":"2021-12-13","InspectionType":{"Id":"04A19838-AEEC-4B12-BC41-77C52A166A0E","Name":"Hoja de Inspecci�n - check in"},"Amount":0.00,"ApprovedAmount":0.00,"DiscountAmount":0.00000,"TaxAmount":0.00000,"FeesAmount":0.00000,"Employee":{"Id":"36D5A659-96CA-4FFC-8E9F-6A4418AB3FA3","Name":"HERTZ MEX51","ExternalID":null},"Client":{"Id":"9B2ED4E2-1B50-4294-A249-D3AC2BDD32AB","Name":"ALEJANDR","Address":"RINCONADA DEL OLMO","Phone":"3316728299","ExternalID":null},"Vehicle":{"VIN":"LSGHD52H4MD098945","Year":2021,"Make":"CHE","Model":"AVEOLS","PlateNo":"ZBZ-311-C","Vehicle":{"Color":null},"Mileage":22668,"PaintCode":null},"StockNo":"AU1566","RONo":"F3192028","IsCompleted":false,"PONo":null,"SalesPerson":{"Id":null},"Sales":{"PersonName":null},"Owner":{"Id":null,"Name":null,"Address":"...","Phone":null},"Location":{"Name":null},"ServiceRequest":{"Id":"FE838E1B-CD38-EC11-8103-00155D9EC500","Number":"R-0007816612","LocalId":9788069},"Order":{"Id":null,"No":null},"Invoice":{"Id":null,"No":null},"Insurance":{"Id":null,"Name":null,"Address":null,"ContactInfo":""},"PolicyNumber":null,"ClaimNumber":null,"Deductible":null,"AccidentDate":null,"Inspection_Notes":"Contrato No \/ Rental Agreement: F3192028\r\nEconomico  \/ Stock: AU1566\r\nSeguro  \/ Coverage: CDW-2,B2B,CDW2-LDW0%\r\nCD. Que Renta \/ Rental Location: DVER51\r\nCD. Recibe \/ Return Location: DVER51\r\nKM Salida \/ Mileage: 22668\r\nGas Salida \/ Fuel Tank Level: 1\/4\r\nDatos de contacto \/ Contact info: CASA","EStatus":{"Id":5,"Name":"Draft"},"EStatusReason":{"Name":null},"CreateUTCTime":"2021-10-29T15:30:22.543","ModifyUTCTime":"2021-10-29T15:30:22.543","EstimationServices":null,"EstimationQuestions":null}
