{"EntityText":"#: E-000-2237987 Date: 12\/13\/2021 Stock: CA1428 RO: F3266378 PO:  (2021 CHE CAVALILT LSGKB54H7MV135540) Client: JENNY MURRIETA","UTCTimestamp":"2022-03-28T04:22:56.547","InspectionId":"05FEDA7B-929F-4DF7-B458-0BC7A10BB7DD","InspectionNumber":"E-000-2237987","InspectionDate":"2021-12-13","InspectionType":{"Id":"33034816-D00A-49F6-8AA5-55D54FDE8907","Name":"Hoja de Inspeccion - check out"},"Amount":0.00,"ApprovedAmount":0.00,"DiscountAmount":0.00000,"TaxAmount":0.00000,"FeesAmount":0.00000,"Employee":{"Id":"7272EF35-BA42-4012-A525-ECB34FF20C5B","Name":"HERTZ R52M10TDL7W","ExternalID":null},"Client":{"Id":"1D85492F-4BB8-4827-BB14-21958F9A2F08","Name":"JENNY MURRIETA","Address":"ANDADOR DE CAMELIA","Phone":"91383000","ExternalID":null},"Vehicle":{"VIN":"LSGKB54H7MV135540","Year":2021,"Make":"CHE","Model":"CAVALILT","PlateNo":"EPB-13-25","Vehicle":{"Color":null},"Mileage":26401,"PaintCode":null},"StockNo":"CA1428","RONo":"F3266378","IsCompleted":false,"PONo":null,"SalesPerson":{"Id":null},"Sales":{"PersonName":null},"Owner":{"Id":null,"Name":null,"Address":"...","Phone":null},"Location":{"Name":null},"ServiceRequest":{"Id":"6305ACE4-285C-EC11-8103-00155D9EC500","Number":"R-0007923021","LocalId":9957603},"Order":{"Id":null,"No":null},"Invoice":{"Id":null,"No":null},"Insurance":{"Id":null,"Name":null,"Address":null,"ContactInfo":""},"PolicyNumber":null,"ClaimNumber":null,"Deductible":null,"AccidentDate":null,"Inspection_Notes":"Contrato No \/ Rental Agreement: F3266378\r\nEconomico  \/ Stock: CA1428\r\nSeguro  \/ Coverage: CDW,PAI,TP,B2B,CDW-LDW0%,ALI\r\nCD. Que Renta \/ Rental Location: MTY50\r\nCD. Recibe \/ Return Location: MTY53\r\nKM Salida \/ Mileage: 26401\r\nGas Salida \/ Fuel Tank Level: F\r\nDatos de contacto \/ Contact info: CROWNE PLAZA APTO","EStatus":{"Id":5,"Name":"Draft"},"EStatusReason":{"Name":null},"CreateUTCTime":"2021-12-13T15:25:25.653","ModifyUTCTime":"2021-12-13T15:25:25.653","EstimationServices":null,"EstimationQuestions":null}
