{"EntityText":"#: E-000-1770778 Date: 12\/13\/2021 Stock: NM0326 RO: F3103993 PO:  (2020 NSN MARCHABS 3N1CK3CD4LL212191) Client: GERARDO","UTCTimestamp":"2022-03-28T04:19:39.813","InspectionId":"05FFDEE8-D59D-458A-923C-C41EFE8A4C33","InspectionNumber":"E-000-1770778","InspectionDate":"2021-12-13","InspectionType":{"Id":"04A19838-AEEC-4B12-BC41-77C52A166A0E","Name":"Hoja de Inspecci�n - check in"},"Amount":0.00,"ApprovedAmount":0.00,"DiscountAmount":0.00000,"TaxAmount":0.00000,"FeesAmount":0.00000,"Employee":{"Id":"D43C5968-7DBA-4003-A590-1957E72842E4","Name":"HERTZ PDC61","ExternalID":null},"Client":{"Id":"CAB3B27A-8CB6-4541-8C3E-20689918F167","Name":"GERARDO","Address":"CALLE 20 47B","Phone":"3213632320","ExternalID":null},"Vehicle":{"VIN":"3N1CK3CD4LL212191","Year":2020,"Make":"NSN","Model":"MARCHABS","PlateNo":"YZF-162-C","Vehicle":{"Color":null},"Mileage":48537,"PaintCode":null},"StockNo":"NM0326","RONo":"F3103993","IsCompleted":false,"PONo":null,"SalesPerson":{"Id":null},"Sales":{"PersonName":null},"Owner":{"Id":null,"Name":null,"Address":"...","Phone":null},"Location":{"Name":null},"ServiceRequest":{"Id":"89B1FBCE-1B0C-EC11-80FE-00155D9EC500","Number":"R-0007689378","LocalId":9564994},"Order":{"Id":null,"No":null},"Invoice":{"Id":null,"No":null},"Insurance":{"Id":null,"Name":null,"Address":null,"ContactInfo":""},"PolicyNumber":null,"ClaimNumber":null,"Deductible":null,"AccidentDate":null,"Inspection_Notes":"Contrato No \/ Rental Agreement: F3103993\r\nEconomico  \/ Stock: NM0326\r\nSeguro  \/ Coverage: CDW PACK.,RS ASSIST.,HDI 10000,HDI 5000\r\nCD. Que Renta \/ Rental Location: CAN50\r\nCD. Recibe \/ Return Location: CAN50\r\nKM Salida \/ Mileage: 48537\r\nGas Salida \/ Fuel Tank Level: F\r\nDatos de contacto \/ Contact info: FLAMINGO","EStatus":{"Id":5,"Name":"Draft"},"EStatusReason":{"Name":null},"CreateUTCTime":"2021-09-02T18:30:21.350","ModifyUTCTime":"2021-09-02T18:30:21.350","EstimationServices":null,"EstimationQuestions":null}
