{"EntityText":"#: E-000-2237902 Date: 12\/13\/2021 Stock: ZE0258 RO: F3266343 PO:  (2020 SUZUKI ERTIGA MHYNC22S1LJ108791) Client: HOMERO","UTCTimestamp":"2022-03-28T04:22:10.483","InspectionId":"0629E2E6-530F-4C96-94C6-7F07B334A499","InspectionNumber":"E-000-2237902","InspectionDate":"2021-12-13","InspectionType":{"Id":"04A19838-AEEC-4B12-BC41-77C52A166A0E","Name":"Hoja de Inspecci�n - check in"},"Amount":0.00,"ApprovedAmount":0.00,"DiscountAmount":0.00000,"TaxAmount":0.00000,"FeesAmount":0.00000,"Employee":{"Id":"D9181D69-A72F-4ED3-B334-455E1E58A55F","Name":"HERTZ F4KJL61QF193","ExternalID":null},"Client":{"Id":"6C9818C1-E9FB-4965-A5E4-12B0DC29384A","Name":"HOMERO","Address":"MIXTECA","Phone":"8181118251","ExternalID":null},"Vehicle":{"VIN":"MHYNC22S1LJ108791","Year":2020,"Make":"SUZUKI","Model":"ERTIGA","PlateNo":"YZE-578-C","Vehicle":{"Color":null},"Mileage":56645,"PaintCode":null},"StockNo":"ZE0258","RONo":"F3266343","IsCompleted":false,"PONo":null,"SalesPerson":{"Id":null},"Sales":{"PersonName":null},"Owner":{"Id":null,"Name":null,"Address":"...","Phone":null},"Location":{"Name":null},"ServiceRequest":{"Id":"4866D878-275C-EC11-8103-00155D9EC500","Number":"R-0007922978","LocalId":9957550},"Order":{"Id":null,"No":null},"Invoice":{"Id":null,"No":null},"Insurance":{"Id":null,"Name":null,"Address":null,"ContactInfo":""},"PolicyNumber":null,"ClaimNumber":null,"Deductible":null,"AccidentDate":null,"Inspection_Notes":"Contrato No \/ Rental Agreement: F3266343\r\nEconomico  \/ Stock: ZE0258\r\nSeguro  \/ Coverage: LDW,B2B\r\nCD. Que Renta \/ Rental Location: TCAN52\r\nCD. Recibe \/ Return Location: TCAN52\r\nKM Salida \/ Mileage: 56645\r\nGas Salida \/ Fuel Tank Level: F\r\nDatos de contacto \/ Contact info: DREAMS TLM","EStatus":{"Id":5,"Name":"Draft"},"EStatusReason":{"Name":null},"CreateUTCTime":"2021-12-13T15:15:22.710","ModifyUTCTime":"2021-12-13T15:15:22.710","EstimationServices":null,"EstimationQuestions":null}
