{"EntityText":"#: E-000-2238071 Date: 12\/13\/2021 Stock: B41007 RO: F3266414 PO:  (2021 CHE BEAT4P MA6CB5FD5MT007304) Client: RIGOBERTO","UTCTimestamp":"2022-03-28T04:22:56.547","InspectionId":"067CA70C-5DD4-47E0-B50B-CEFDCD03A78B","InspectionNumber":"E-000-2238071","InspectionDate":"2021-12-13","InspectionType":{"Id":"33034816-D00A-49F6-8AA5-55D54FDE8907","Name":"Hoja de Inspeccion - check out"},"Amount":0.00,"ApprovedAmount":0.00,"DiscountAmount":0.00000,"TaxAmount":0.00000,"FeesAmount":0.00000,"Employee":{"Id":"7272EF35-BA42-4012-A525-ECB34FF20C5B","Name":"HERTZ R52M10TDL7W","ExternalID":null},"Client":{"Id":"8EFD024B-30DE-4416-B151-F2D179AE6ECD","Name":"RIGOBERTO","Address":"CONDOMINIO BELE�O","Phone":"5523673831","ExternalID":null},"Vehicle":{"VIN":"MA6CB5FD5MT007304","Year":2021,"Make":"CHE","Model":"BEAT4P","PlateNo":"EPA-64-98","Vehicle":{"Color":null},"Mileage":33324,"PaintCode":null},"StockNo":"B41007","RONo":"F3266414","IsCompleted":false,"PONo":null,"SalesPerson":{"Id":null},"Sales":{"PersonName":null},"Owner":{"Id":null,"Name":null,"Address":"...","Phone":null},"Location":{"Name":null},"ServiceRequest":{"Id":"5CE0D6F6-2A5C-EC11-8103-00155D9EC500","Number":"R-0007923063","LocalId":9957669},"Order":{"Id":null,"No":null},"Invoice":{"Id":null,"No":null},"Insurance":{"Id":null,"Name":null,"Address":null,"ContactInfo":""},"PolicyNumber":null,"ClaimNumber":null,"Deductible":null,"AccidentDate":null,"Inspection_Notes":"Contrato No \/ Rental Agreement: F3266414\r\nEconomico  \/ Stock: B41007\r\nSeguro  \/ Coverage: LDW,PAI,TP,B2B\r\nCD. Que Renta \/ Rental Location: MTY50\r\nCD. Recibe \/ Return Location: MTY53\r\nKM Salida \/ Mileage: 33324\r\nGas Salida \/ Fuel Tank Level: F\r\nDatos de contacto \/ Contact info: QUALITY INN","EStatus":{"Id":5,"Name":"Draft"},"EStatusReason":{"Name":null},"CreateUTCTime":"2021-12-13T15:40:18.550","ModifyUTCTime":"2021-12-13T15:40:18.550","EstimationServices":null,"EstimationQuestions":null}
