{"EntityText":"#: E-000-2239848 Date: 12\/13\/2021 Stock: VJ1061 RO: F3267027 PO:  (2021 VW JETTACF 3VWHP6BU3MM018266) Client: MARIO TEHANDO PINEDA","UTCTimestamp":"2022-03-28T04:26:50.300","InspectionId":"0692EFF5-946C-48FB-BD0F-0D623469D125","InspectionNumber":"E-000-2239848","InspectionDate":"2021-12-13","InspectionType":{"Id":"04A19838-AEEC-4B12-BC41-77C52A166A0E","Name":"Hoja de Inspecci�n - check in"},"Amount":0.00,"ApprovedAmount":0.00,"DiscountAmount":0.00000,"TaxAmount":0.00000,"FeesAmount":0.00000,"Employee":{"Id":"4C1D4F7F-6DC2-4CCB-B1C9-068DC167B80B","Name":"HERTZ GDL50","ExternalID":null},"Client":{"Id":"74208762-E390-48D9-9850-F24803C439C7","Name":"MARIO TEHANDO PINEDA","Address":"PINE RUN RIDGE RD","Phone":"8289992025","ExternalID":null},"Vehicle":{"VIN":"3VWHP6BU3MM018266","Year":2021,"Make":"VW","Model":"JETTACF","PlateNo":"YWM-363-D","Vehicle":{"Color":null},"Mileage":46922,"PaintCode":null},"StockNo":"VJ1061","RONo":"F3267027","IsCompleted":false,"PONo":null,"SalesPerson":{"Id":null},"Sales":{"PersonName":null},"Owner":{"Id":null,"Name":null,"Address":"...","Phone":null},"Location":{"Name":null},"ServiceRequest":{"Id":"7F3DB87C-4C5C-EC11-8103-00155D9EC500","Number":"R-0007923951","LocalId":9958988},"Order":{"Id":null,"No":null},"Invoice":{"Id":null,"No":null},"Insurance":{"Id":null,"Name":null,"Address":null,"ContactInfo":""},"PolicyNumber":null,"ClaimNumber":null,"Deductible":null,"AccidentDate":null,"Inspection_Notes":"Contrato No \/ Rental Agreement: F3267027\r\nEconomico  \/ Stock: VJ1061\r\nSeguro  \/ Coverage: LDW,ALI,B2B,PAI,RS ASSIST.\r\nCD. Que Renta \/ Rental Location: DGUA51\r\nCD. Recibe \/ Return Location: GDL50\r\nKM Salida \/ Mileage: 46922\r\nGas Salida \/ Fuel Tank Level: F\r\nDatos de contacto \/ Contact info: ","EStatus":{"Id":2,"Name":"Archived"},"EStatusReason":{"Name":"Car Changed"},"CreateUTCTime":"2021-12-13T19:40:16.417","ModifyUTCTime":"2021-12-13T19:50:10.783","EstimationServices":null,"EstimationQuestions":null}
