{"EntityText":"#: E-000-2241552 Date: 12\/13\/2021 Stock: KR1007 RO: F3267602 PO:  (2021 KIA RIO 3KPA24BC8ME414072) Client: MARIANA","UTCTimestamp":"2022-03-28T04:30:31.747","InspectionId":"069DAA30-4433-413C-A775-0DD2D6E1FC67","InspectionNumber":"E-000-2241552","InspectionDate":"2021-12-13","InspectionType":{"Id":"04A19838-AEEC-4B12-BC41-77C52A166A0E","Name":"Hoja de Inspecci�n - check in"},"Amount":0.00,"ApprovedAmount":0.00,"DiscountAmount":0.00000,"TaxAmount":0.00000,"FeesAmount":0.00000,"Employee":{"Id":"58AD97DC-705C-4B70-9626-EC476DC4785D","Name":"HERTZ MTY53","ExternalID":null},"Client":{"Id":"3EA199EC-07BA-4BCA-8A96-A4826E3EBB68","Name":"MARIANA","Address":"DE LAS FANTASIAS","Phone":"9931396035","ExternalID":null},"Vehicle":{"VIN":"3KPA24BC8ME414072","Year":2021,"Make":"KIA","Model":"RIO","PlateNo":"WGA-623-A","Vehicle":{"Color":null},"Mileage":13489,"PaintCode":null},"StockNo":"KR1007","RONo":"F3267602","IsCompleted":false,"PONo":null,"SalesPerson":{"Id":null},"Sales":{"PersonName":null},"Owner":{"Id":null,"Name":null,"Address":"...","Phone":null},"Location":{"Name":null},"ServiceRequest":{"Id":"663B6830-725C-EC11-8103-00155D9EC500","Number":"R-0007924803","LocalId":9960391},"Order":{"Id":null,"No":null},"Invoice":{"Id":null,"No":null},"Insurance":{"Id":null,"Name":null,"Address":null,"ContactInfo":""},"PolicyNumber":null,"ClaimNumber":null,"Deductible":null,"AccidentDate":null,"Inspection_Notes":"Contrato No \/ Rental Agreement: F3267602\r\nEconomico  \/ Stock: KR1007\r\nSeguro  \/ Coverage: CDW-2\r\nCD. Que Renta \/ Rental Location: MTY52\r\nCD. Recibe \/ Return Location: MTY53\r\nKM Salida \/ Mileage: 13489\r\nGas Salida \/ Fuel Tank Level: F\r\nDatos de contacto \/ Contact info: HOLIDAY INN SAN JERONIMO","EStatus":{"Id":5,"Name":"Draft"},"EStatusReason":{"Name":null},"CreateUTCTime":"2021-12-14T00:10:07.180","ModifyUTCTime":"2021-12-14T00:10:07.180","EstimationServices":null,"EstimationQuestions":null}
