{"EntityText":"#: E-000-2237685 Date: 12\/13\/2021 Stock: ZE0194 RO: F3266226 PO:  (2020 SUZUKI ERTIGAX MHYNC22S2LJ108007) Client: DIANA","UTCTimestamp":"2022-03-28T04:22:10.483","InspectionId":"06A26E4B-59D1-46D3-8734-35B5222E2BE9","InspectionNumber":"E-000-2237685","InspectionDate":"2021-12-13","InspectionType":{"Id":"33034816-D00A-49F6-8AA5-55D54FDE8907","Name":"Hoja de Inspeccion - check out"},"Amount":0.00,"ApprovedAmount":0.00,"DiscountAmount":0.00000,"TaxAmount":0.00000,"FeesAmount":0.00000,"Employee":{"Id":"D9181D69-A72F-4ED3-B334-455E1E58A55F","Name":"HERTZ F4KJL61QF193","ExternalID":null},"Client":{"Id":"D0AC4287-CAD7-4C12-9A8F-AD8CF9BFD2F2","Name":"DIANA","Address":"SHADY","Phone":"6193860601*","ExternalID":null},"Vehicle":{"VIN":"MHYNC22S2LJ108007","Year":2020,"Make":"SUZUKI","Model":"ERTIGAX","PlateNo":"YZE-673-C","Vehicle":{"Color":null},"Mileage":67695,"PaintCode":null},"StockNo":"ZE0194","RONo":"F3266226","IsCompleted":false,"PONo":null,"SalesPerson":{"Id":null},"Sales":{"PersonName":null},"Owner":{"Id":null,"Name":null,"Address":"...","Phone":null},"Location":{"Name":null},"ServiceRequest":{"Id":"869D03F4-235C-EC11-8103-00155D9EC500","Number":"R-0007922870","LocalId":9957395},"Order":{"Id":null,"No":null},"Invoice":{"Id":null,"No":null},"Insurance":{"Id":null,"Name":null,"Address":null,"ContactInfo":""},"PolicyNumber":null,"ClaimNumber":null,"Deductible":null,"AccidentDate":null,"Inspection_Notes":"Contrato No \/ Rental Agreement: F3266226\r\nEconomico  \/ Stock: ZE0194\r\nSeguro  \/ Coverage: LDW,B2B,PAI,RS ASSIST.,ALI\r\nCD. Que Renta \/ Rental Location: DCAN51\r\nCD. Recibe \/ Return Location: DCAN51\r\nKM Salida \/ Mileage: 67695\r\nGas Salida \/ Fuel Tank Level: F\r\nDatos de contacto \/ Contact info: THE REEF COCO BEACH","EStatus":{"Id":2,"Name":"Archived"},"EStatusReason":{"Name":"Car Changed"},"CreateUTCTime":"2021-12-13T14:50:13.067","ModifyUTCTime":"2021-12-13T15:00:13.953","EstimationServices":null,"EstimationQuestions":null}
