{"EntityText":"#: E-000-1986271 Date: 12\/13\/2021 Stock: AU0904 RO: NM668325 PO:  (2020 CHE AVEOLT LSGHD52H4LD043572) Client: RAUL","UTCTimestamp":"2022-03-28T04:19:43.870","InspectionId":"06C8EBAB-8819-48FD-839F-97442B587690","InspectionNumber":"E-000-1986271","InspectionDate":"2021-12-13","InspectionType":{"Id":"33034816-D00A-49F6-8AA5-55D54FDE8907","Name":"Hoja de Inspeccion - check out"},"Amount":0.00,"ApprovedAmount":0.00,"DiscountAmount":0.00000,"TaxAmount":0.00000,"FeesAmount":0.00000,"Employee":{"Id":"0C424B04-09C4-4FE9-8068-20B1B7429997","Name":"HERTZ MEX67","ExternalID":null},"Client":{"Id":"43682868-B876-40A2-AA3A-0967A90ADABC","Name":"RAUL","Address":"...","Phone":null,"ExternalID":null},"Vehicle":{"VIN":"LSGHD52H4LD043572","Year":2020,"Make":"CHE","Model":"AVEOLT","PlateNo":"96-63-AVD","Vehicle":{"Color":null},"Mileage":72478,"PaintCode":null},"StockNo":"AU0904","RONo":"NM668325","IsCompleted":false,"PONo":null,"SalesPerson":{"Id":null},"Sales":{"PersonName":null},"Owner":{"Id":null,"Name":null,"Address":"...","Phone":null},"Location":{"Name":null},"ServiceRequest":{"Id":"2DB77C50-6B32-EC11-8100-00155D9EC500","Number":"R-0007797150","LocalId":9756097},"Order":{"Id":null,"No":null},"Invoice":{"Id":null,"No":null},"Insurance":{"Id":null,"Name":null,"Address":null,"ContactInfo":""},"PolicyNumber":null,"ClaimNumber":null,"Deductible":null,"AccidentDate":null,"Inspection_Notes":"Contrato No \/ Rental Agreement: NM668325\r\nEconomico  \/ Stock: AU0904\r\nSeguro  \/ Coverage: \r\nCD. Que Renta \/ Rental Location: MEX53\r\nCD. Recibe \/ Return Location: MEX53\r\nKM Salida \/ Mileage: 72478\r\nGas Salida \/ Fuel Tank Level: 1\/8\r\nDatos de contacto \/ Contact info: ","EStatus":{"Id":5,"Name":"Draft"},"EStatusReason":{"Name":null},"CreateUTCTime":"2021-10-21T12:35:04.860","ModifyUTCTime":"2021-10-21T12:35:04.860","EstimationServices":null,"EstimationQuestions":null}
