{"EntityText":"#: E-000-2239113 Date: 12\/13\/2021 Stock: AA2049 RO: F3266791 PO:  (2022 DDG ATTITUDA ML3ABT6J0NH001287) Client: ISABEL DE JESUS","UTCTimestamp":"2022-03-28T04:24:53.330","InspectionId":"07217A66-6B6F-4E35-B15C-94DA7E78A0C1","InspectionNumber":"E-000-2239113","InspectionDate":"2021-12-13","InspectionType":{"Id":"33034816-D00A-49F6-8AA5-55D54FDE8907","Name":"Hoja de Inspeccion - check out"},"Amount":0.00,"ApprovedAmount":0.00,"DiscountAmount":0.00000,"TaxAmount":0.00000,"FeesAmount":0.00000,"Employee":{"Id":"B4D10B7C-1811-4B1D-BBD5-25ADA2D414B4","Name":"THRIFTY R52M40KZ9NH","ExternalID":null},"Client":{"Id":"D42EDE98-5CC1-4811-8840-EEC1FB9FE931","Name":"ISABEL DE JESUS","Address":"CARRETERA DE CHURRA","Phone":"657654044","ExternalID":null},"Vehicle":{"VIN":"ML3ABT6J0NH001287","Year":2022,"Make":"DDG","Model":"ATTITUDA","PlateNo":"WHH-772-A","Vehicle":{"Color":null},"Mileage":213,"PaintCode":null},"StockNo":"AA2049","RONo":"F3266791","IsCompleted":false,"PONo":null,"SalesPerson":{"Id":null},"Sales":{"PersonName":null},"Owner":{"Id":null,"Name":null,"Address":"...","Phone":null},"Location":{"Name":null},"ServiceRequest":{"Id":"6FFA3096-3E5C-EC11-8103-00155D9EC500","Number":"R-0007923584","LocalId":9958419},"Order":{"Id":null,"No":null},"Invoice":{"Id":null,"No":null},"Insurance":{"Id":null,"Name":null,"Address":null,"ContactInfo":""},"PolicyNumber":null,"ClaimNumber":null,"Deductible":null,"AccidentDate":null,"Inspection_Notes":"Contrato No \/ Rental Agreement: F3266791\r\nEconomico  \/ Stock: AA2049\r\nSeguro  \/ Coverage: CDW-2\r\nCD. Que Renta \/ Rental Location: TGUA52\r\nCD. Recibe \/ Return Location: TGUA52\r\nKM Salida \/ Mileage: 213\r\nGas Salida \/ Fuel Tank Level: F\r\nDatos de contacto \/ Contact info: ZMG","EStatus":{"Id":2,"Name":"Archived"},"EStatusReason":{"Name":"Car Changed"},"CreateUTCTime":"2021-12-13T18:00:43.010","ModifyUTCTime":"2021-12-13T18:05:10.283","EstimationServices":null,"EstimationQuestions":null}
