{"EntityText":"#: E-000-2242247 Date: 12\/13\/2021 Stock: AA2036 RO: F2372138 PO:  (2022 DDG ATTITUDA ML3ABT6J3NH001252) Client: ADALIA NAVARROCASTILLON","UTCTimestamp":"2022-03-28T04:32:19.930","InspectionId":"07975C79-C166-4631-B2B8-25A045BCE5C9","InspectionNumber":"E-000-2242247","InspectionDate":"2021-12-13","InspectionType":{"Id":"33034816-D00A-49F6-8AA5-55D54FDE8907","Name":"Hoja de Inspeccion - check out"},"Amount":0.00,"ApprovedAmount":0.00,"DiscountAmount":0.00000,"TaxAmount":0.00000,"FeesAmount":0.00000,"Employee":{"Id":"D8DE4A66-C3A6-4885-950A-1A40CBBC229C","Name":"HERTZ R52M10TCWQR","ExternalID":null},"Client":{"Id":"80D64A57-8002-4D21-850D-AD52EE00E2FF","Name":"ADALIA NAVARROCASTILLON","Address":"MAR ADRIATICO","Phone":"8127244466","ExternalID":null},"Vehicle":{"VIN":"ML3ABT6J3NH001252","Year":2022,"Make":"DDG","Model":"ATTITUDA","PlateNo":"YZU-228-D","Vehicle":{"Color":null},"Mileage":886,"PaintCode":null},"StockNo":"AA2036","RONo":"F2372138","IsCompleted":false,"PONo":null,"SalesPerson":{"Id":null},"Sales":{"PersonName":null},"Owner":{"Id":null,"Name":null,"Address":"...","Phone":null},"Location":{"Name":null},"ServiceRequest":{"Id":"C4245E9B-915C-EC11-8103-00155D9EC500","Number":"R-0007925151","LocalId":9960874},"Order":{"Id":null,"No":null},"Invoice":{"Id":null,"No":null},"Insurance":{"Id":null,"Name":null,"Address":null,"ContactInfo":""},"PolicyNumber":null,"ClaimNumber":null,"Deductible":null,"AccidentDate":null,"Inspection_Notes":"Contrato No \/ Rental Agreement: F2372138\r\nEconomico  \/ Stock: AA2036\r\nSeguro  \/ Coverage: CDW PACK.,RS ASSIST.\r\nCD. Que Renta \/ Rental Location: FMID50\r\nCD. Recibe \/ Return Location: FMID50\r\nKM Salida \/ Mileage: 886\r\nGas Salida \/ Fuel Tank Level: 1\/2\r\nDatos de contacto \/ Contact info: CASA  PARTICULAR","EStatus":{"Id":2,"Name":"Archived"},"EStatusReason":{"Name":"Car Changed"},"CreateUTCTime":"2021-12-14T03:55:05.920","ModifyUTCTime":"2021-12-14T04:15:08.807","EstimationServices":null,"EstimationQuestions":null}
