{"EntityText":"#: E-000-2185930 Date: 12\/13\/2021 Stock: SE1050 RO: NM671692 PO:  (2021 NSN SENTRA 3N1AB8AE6MY335835) Client: ISIDRO HERNANDEZ ORDAZ","UTCTimestamp":"2022-03-28T04:19:48.133","InspectionId":"07B09D9C-CBC9-4CDF-A3F8-586B443DD21F","InspectionNumber":"E-000-2185930","InspectionDate":"2021-12-13","InspectionType":{"Id":"04A19838-AEEC-4B12-BC41-77C52A166A0E","Name":"Hoja de Inspecci�n - check in"},"Amount":0.00,"ApprovedAmount":0.00,"DiscountAmount":0.00000,"TaxAmount":0.00000,"FeesAmount":0.00000,"Employee":{"Id":"36D5A659-96CA-4FFC-8E9F-6A4418AB3FA3","Name":"HERTZ MEX51","ExternalID":null},"Client":{"Id":"A4D8BEF1-D056-4683-83B2-9C308857A59B","Name":"ISIDRO HERNANDEZ ORDAZ","Address":"...","Phone":null,"ExternalID":null},"Vehicle":{"VIN":"3N1AB8AE6MY335835","Year":2021,"Make":"NSN","Model":"SENTRA","PlateNo":"ENX-97-38","Vehicle":{"Color":null},"Mileage":592,"PaintCode":null},"StockNo":"SE1050","RONo":"NM671692","IsCompleted":false,"PONo":null,"SalesPerson":{"Id":null},"Sales":{"PersonName":null},"Owner":{"Id":null,"Name":null,"Address":"...","Phone":null},"Location":{"Name":null},"ServiceRequest":{"Id":"5708C78A-8E53-EC11-8103-00155D9EC500","Number":"R-0007896991","LocalId":9918118},"Order":{"Id":null,"No":null},"Invoice":{"Id":null,"No":null},"Insurance":{"Id":null,"Name":null,"Address":null,"ContactInfo":""},"PolicyNumber":null,"ClaimNumber":null,"Deductible":null,"AccidentDate":null,"Inspection_Notes":"Contrato No \/ Rental Agreement: NM671692\r\nEconomico  \/ Stock: SE1050\r\nSeguro  \/ Coverage: \r\nCD. Que Renta \/ Rental Location: MEX53\r\nCD. Recibe \/ Return Location: MEX52\r\nKM Salida \/ Mileage: 592\r\nGas Salida \/ Fuel Tank Level: F\r\nDatos de contacto \/ Contact info: ","EStatus":{"Id":5,"Name":"Draft"},"EStatusReason":{"Name":null},"CreateUTCTime":"2021-12-02T16:40:32.960","ModifyUTCTime":"2021-12-02T16:40:32.960","EstimationServices":null,"EstimationQuestions":null}
