{"EntityText":"#: E-000-2241428 Date: 12\/13\/2021 Stock: MI2177 RO: F3267567 PO:  (2022 MTSH MIRA GLX ML3AFT6J6NH003999) Client: LAURA","UTCTimestamp":"2022-03-28T04:30:31.747","InspectionId":"07C5FC61-476C-4B2D-8485-212A4A267255","InspectionNumber":"E-000-2241428","InspectionDate":"2021-12-13","InspectionType":{"Id":"04A19838-AEEC-4B12-BC41-77C52A166A0E","Name":"Hoja de Inspecci�n - check in"},"Amount":0.00,"ApprovedAmount":0.00,"DiscountAmount":0.00000,"TaxAmount":0.00000,"FeesAmount":0.00000,"Employee":{"Id":"897AF737-C484-4D9C-9FEA-C21B99EABE11","Name":"HERTZ SAN50-01","ExternalID":null},"Client":{"Id":"00A93454-4315-41B2-BE1B-E1EBB2CE19B3","Name":"LAURA","Address":"C FRAY DIEGO DE ALTAMIRANO","Phone":"5526943977","ExternalID":null},"Vehicle":{"VIN":"ML3AFT6J6NH003999","Year":2022,"Make":"MTSH","Model":"MIRA GLX","PlateNo":"37-72-AVE","Vehicle":{"Color":null},"Mileage":616,"PaintCode":null},"StockNo":"MI2177","RONo":"F3267567","IsCompleted":false,"PONo":null,"SalesPerson":{"Id":null},"Sales":{"PersonName":null},"Owner":{"Id":null,"Name":null,"Address":"...","Phone":null},"Location":{"Name":null},"ServiceRequest":{"Id":"E56BB3B6-6E5C-EC11-8103-00155D9EC500","Number":"R-0007924741","LocalId":9960242},"Order":{"Id":null,"No":null},"Invoice":{"Id":null,"No":null},"Insurance":{"Id":null,"Name":null,"Address":null,"ContactInfo":""},"PolicyNumber":null,"ClaimNumber":null,"Deductible":null,"AccidentDate":null,"Inspection_Notes":"Contrato No \/ Rental Agreement: F3267567\r\nEconomico  \/ Stock: MI2177\r\nSeguro  \/ Coverage: LDW,LDW,B2B\r\nCD. Que Renta \/ Rental Location: SAN50\r\nCD. Recibe \/ Return Location: SAN50\r\nKM Salida \/ Mileage: 616\r\nGas Salida \/ Fuel Tank Level: F\r\nDatos de contacto \/ Contact info: PUEBLO BONITO","EStatus":{"Id":5,"Name":"Draft"},"EStatusReason":{"Name":null},"CreateUTCTime":"2021-12-13T23:45:13.313","ModifyUTCTime":"2021-12-13T23:45:13.313","EstimationServices":null,"EstimationQuestions":null}
