{"EntityText":"#: E-000-2241798 Date: 12\/13\/2021 Stock: AU1176 RO: F3267695 PO:  (2021 CHE AVEOLS LSGHD52H5MD056025) Client: KWOK WUN","UTCTimestamp":"2022-03-28T04:31:09.373","InspectionId":"07CF8EEB-3AA7-4C44-88D8-C4786B01997D","InspectionNumber":"E-000-2241798","InspectionDate":"2021-12-13","InspectionType":{"Id":"04A19838-AEEC-4B12-BC41-77C52A166A0E","Name":"Hoja de Inspecci�n - check in"},"Amount":0.00,"ApprovedAmount":0.00,"DiscountAmount":0.00000,"TaxAmount":0.00000,"FeesAmount":0.00000,"Employee":{"Id":"2ADEB04D-A4B1-499F-AA8E-815C1FD1885A","Name":"HERTZ CANZH1","ExternalID":null},"Client":{"Id":"E9AD24E3-327A-474C-9C1E-E3E5234795CC","Name":"KWOK WUN","Address":"BRIDGEPORT","Phone":"9981916030","ExternalID":null},"Vehicle":{"VIN":"LSGHD52H5MD056025","Year":2021,"Make":"CHE","Model":"AVEOLS","PlateNo":"A-192-TPJ","Vehicle":{"Color":null},"Mileage":24838,"PaintCode":null},"StockNo":"AU1176","RONo":"F3267695","IsCompleted":false,"PONo":null,"SalesPerson":{"Id":null},"Sales":{"PersonName":null},"Owner":{"Id":null,"Name":null,"Address":"...","Phone":null},"Location":{"Name":null},"ServiceRequest":{"Id":"DD20E897-7A5C-EC11-8103-00155D9EC500","Number":"R-0007924926","LocalId":9960576},"Order":{"Id":null,"No":null},"Invoice":{"Id":null,"No":null},"Insurance":{"Id":null,"Name":null,"Address":null,"ContactInfo":""},"PolicyNumber":null,"ClaimNumber":null,"Deductible":null,"AccidentDate":null,"Inspection_Notes":"Contrato No \/ Rental Agreement: F3267695\r\nEconomico  \/ Stock: AU1176\r\nSeguro  \/ Coverage: CDW-2\r\nCD. Que Renta \/ Rental Location: CAN72\r\nCD. Recibe \/ Return Location: CAN72\r\nKM Salida \/ Mileage: 24838\r\nGas Salida \/ Fuel Tank Level: F\r\nDatos de contacto \/ Contact info: OCEAN VIEW 2056","EStatus":{"Id":5,"Name":"Draft"},"EStatusReason":{"Name":null},"CreateUTCTime":"2021-12-14T01:10:21.050","ModifyUTCTime":"2021-12-14T01:10:21.050","EstimationServices":null,"EstimationQuestions":null}
