{"EntityText":"#: E-000-2237335 Date: 12\/13\/2021 Stock: SE1048 RO: F3266133 PO:  (2021 NSN SENTRAEX 3N1AB8AE6MY235704) Client: LUISALB","UTCTimestamp":"2022-03-28T04:20:51.597","InspectionId":"085E702E-2396-433C-9DA6-0D9F010280E0","InspectionNumber":"E-000-2237335","InspectionDate":"2021-12-13","InspectionType":{"Id":"33034816-D00A-49F6-8AA5-55D54FDE8907","Name":"Hoja de Inspeccion - check out"},"Amount":0.00,"ApprovedAmount":0.00,"DiscountAmount":0.00000,"TaxAmount":0.00000,"FeesAmount":0.00000,"Employee":{"Id":"22A20387-4CB9-4CA1-8011-0915B3DFC79B","Name":"HERTZ MEX53","ExternalID":null},"Client":{"Id":"1B13E592-3CB4-4E85-B981-DC2B738A5C61","Name":"LUISALB","Address":"NORTE 637","Phone":"5543919903","ExternalID":null},"Vehicle":{"VIN":"3N1AB8AE6MY235704","Year":2021,"Make":"NSN","Model":"SENTRAEX","PlateNo":"TWX-320-A","Vehicle":{"Color":null},"Mileage":486,"PaintCode":null},"StockNo":"SE1048","RONo":"F3266133","IsCompleted":false,"PONo":null,"SalesPerson":{"Id":null},"Sales":{"PersonName":null},"Owner":{"Id":null,"Name":null,"Address":"...","Phone":null},"Location":{"Name":null},"ServiceRequest":{"Id":"CE6C58E7-135C-EC11-8103-00155D9EC500","Number":"R-0007922695","LocalId":9957112},"Order":{"Id":null,"No":null},"Invoice":{"Id":null,"No":null},"Insurance":{"Id":null,"Name":null,"Address":null,"ContactInfo":""},"PolicyNumber":null,"ClaimNumber":null,"Deductible":null,"AccidentDate":null,"Inspection_Notes":"Contrato No \/ Rental Agreement: F3266133\r\nEconomico  \/ Stock: SE1048\r\nSeguro  \/ Coverage: LDW PACK,RS ASSIST.\r\nCD. Que Renta \/ Rental Location: MEX53\r\nCD. Recibe \/ Return Location: MEX50\r\nKM Salida \/ Mileage: 486\r\nGas Salida \/ Fuel Tank Level: F\r\nDatos de contacto \/ Contact info: ","EStatus":{"Id":5,"Name":"Draft"},"EStatusReason":{"Name":null},"CreateUTCTime":"2021-12-13T12:55:10.723","ModifyUTCTime":"2021-12-13T12:55:10.723","EstimationServices":null,"EstimationQuestions":null}
