{"EntityText":"#: E-000-2239372 Date: 12\/13\/2021 Stock: CA1547 RO: F3265361 PO:  (2021 CHE CAVALILT LSGKB54H7MV142875) Client: GUSTAVO","UTCTimestamp":"2022-03-28T04:25:34.067","InspectionId":"0871E58A-617C-4875-B7D2-7775A59D0264","InspectionNumber":"E-000-2239372","InspectionDate":"2021-12-13","InspectionType":{"Id":"04A19838-AEEC-4B12-BC41-77C52A166A0E","Name":"Hoja de Inspecci�n - check in"},"Amount":0.00,"ApprovedAmount":0.00,"DiscountAmount":0.00000,"TaxAmount":0.00000,"FeesAmount":0.00000,"Employee":{"Id":"D9181D69-A72F-4ED3-B334-455E1E58A55F","Name":"HERTZ F4KJL61QF193","ExternalID":null},"Client":{"Id":"8044ADC1-9A4F-479A-B1C8-7A18A91ABB36","Name":"GUSTAVO","Address":"CARMEN","Phone":"5555021442","ExternalID":null},"Vehicle":{"VIN":"LSGKB54H7MV142875","Year":2021,"Make":"CHE","Model":"CAVALILT","PlateNo":"YYK-312-D","Vehicle":{"Color":null},"Mileage":27766,"PaintCode":null},"StockNo":"CA1547","RONo":"F3265361","IsCompleted":false,"PONo":null,"SalesPerson":{"Id":null},"Sales":{"PersonName":null},"Owner":{"Id":null,"Name":null,"Address":"...","Phone":null},"Location":{"Name":null},"ServiceRequest":{"Id":"07852161-445C-EC11-8103-00155D9EC500","Number":"R-0007923713","LocalId":9958594},"Order":{"Id":null,"No":null},"Invoice":{"Id":null,"No":null},"Insurance":{"Id":null,"Name":null,"Address":null,"ContactInfo":""},"PolicyNumber":null,"ClaimNumber":null,"Deductible":null,"AccidentDate":null,"Inspection_Notes":"Contrato No \/ Rental Agreement: F3265361\r\nEconomico  \/ Stock: CA1547\r\nSeguro  \/ Coverage: CDW-2\r\nCD. Que Renta \/ Rental Location: MER50\r\nCD. Recibe \/ Return Location: CAN50\r\nKM Salida \/ Mileage: 27766\r\nGas Salida \/ Fuel Tank Level: 7\/8\r\nDatos de contacto \/ Contact info: PIEDRA DE AGUA HOTEL","EStatus":{"Id":5,"Name":"Draft"},"EStatusReason":{"Name":null},"CreateUTCTime":"2021-12-13T18:42:12.500","ModifyUTCTime":"2021-12-13T18:42:12.500","EstimationServices":null,"EstimationQuestions":null}
