{"EntityText":"#: E-000-2153049 Date: 12\/13\/2021 Stock: VS1207 RO: NM671126 PO:  (2021 VW VIRTUS 9BWDL5BZ4MP019834) Client: CRUZ KIMBERLY","UTCTimestamp":"2022-03-28T04:19:48.133","InspectionId":"08C2A3D6-BB95-4D3A-AACD-7201F49ACBE9","InspectionNumber":"E-000-2153049","InspectionDate":"2021-12-13","InspectionType":{"Id":"33034816-D00A-49F6-8AA5-55D54FDE8907","Name":"Hoja de Inspeccion - check out"},"Amount":0.00,"ApprovedAmount":0.00,"DiscountAmount":0.00000,"TaxAmount":0.00000,"FeesAmount":0.00000,"Employee":{"Id":"36D5A659-96CA-4FFC-8E9F-6A4418AB3FA3","Name":"HERTZ MEX51","ExternalID":null},"Client":{"Id":"55AFA004-0F46-42D1-9100-7C8C34F1E166","Name":"CRUZ KIMBERLY","Address":"...","Phone":null,"ExternalID":null},"Vehicle":{"VIN":"9BWDL5BZ4MP019834","Year":2021,"Make":"VW","Model":"VIRTUS","PlateNo":"YWM-359-D","Vehicle":{"Color":null},"Mileage":37421,"PaintCode":null},"StockNo":"VS1207","RONo":"NM671126","IsCompleted":false,"PONo":null,"SalesPerson":{"Id":null},"Sales":{"PersonName":null},"Owner":{"Id":null,"Name":null,"Address":"...","Phone":null},"Location":{"Name":null},"ServiceRequest":{"Id":"A5DE419D-F64D-EC11-8103-00155D9EC500","Number":"R-0007880550","LocalId":9892527},"Order":{"Id":null,"No":null},"Invoice":{"Id":null,"No":null},"Insurance":{"Id":null,"Name":null,"Address":null,"ContactInfo":""},"PolicyNumber":null,"ClaimNumber":null,"Deductible":null,"AccidentDate":null,"Inspection_Notes":"Contrato No \/ Rental Agreement: NM671126\r\nEconomico  \/ Stock: VS1207\r\nSeguro  \/ Coverage: \r\nCD. Que Renta \/ Rental Location: MEX53\r\nCD. Recibe \/ Return Location: MEX52\r\nKM Salida \/ Mileage: 37421\r\nGas Salida \/ Fuel Tank Level: F\r\nDatos de contacto \/ Contact info: ","EStatus":{"Id":5,"Name":"Draft"},"EStatusReason":{"Name":null},"CreateUTCTime":"2021-11-25T13:50:18.710","ModifyUTCTime":"2021-11-25T13:50:18.710","EstimationServices":null,"EstimationQuestions":null}
