{"EntityText":"#: E-000-2240388 Date: 12\/13\/2021 Stock: AU1020 RO: F3267208 PO:  (2021 CHE AVEOLS LSGHD52H4MD024960) Client: JOSE OSWALDO","UTCTimestamp":"2022-03-28T04:28:03.503","InspectionId":"08D5BA2D-D0EB-4063-BD27-4C5EECC156BF","InspectionNumber":"E-000-2240388","InspectionDate":"2021-12-13","InspectionType":{"Id":"04A19838-AEEC-4B12-BC41-77C52A166A0E","Name":"Hoja de Inspecci�n - check in"},"Amount":0.00,"ApprovedAmount":0.00,"DiscountAmount":0.00000,"TaxAmount":0.00000,"FeesAmount":0.00000,"Employee":{"Id":"22A20387-4CB9-4CA1-8011-0915B3DFC79B","Name":"HERTZ MEX53","ExternalID":null},"Client":{"Id":"E2168AE4-447A-444D-B7A5-C451A2802CDD","Name":"JOSE OSWALDO","Address":"E QUEENSDALE ST","Phone":"3233266245","ExternalID":null},"Vehicle":{"VIN":"LSGHD52H4MD024960","Year":2021,"Make":"CHE","Model":"AVEOLS","PlateNo":"YWL-015-D","Vehicle":{"Color":null},"Mileage":51398,"PaintCode":null},"StockNo":"AU1020","RONo":"F3267208","IsCompleted":false,"PONo":null,"SalesPerson":{"Id":null},"Sales":{"PersonName":null},"Owner":{"Id":null,"Name":null,"Address":"...","Phone":null},"Location":{"Name":null},"ServiceRequest":{"Id":"CC60F5F5-565C-EC11-8103-00155D9EC500","Number":"R-0007924221","LocalId":9959462},"Order":{"Id":null,"No":null},"Invoice":{"Id":null,"No":null},"Insurance":{"Id":null,"Name":null,"Address":null,"ContactInfo":""},"PolicyNumber":null,"ClaimNumber":null,"Deductible":null,"AccidentDate":null,"Inspection_Notes":"Contrato No \/ Rental Agreement: F3267208\r\nEconomico  \/ Stock: AU1020\r\nSeguro  \/ Coverage: CDW-2\r\nCD. Que Renta \/ Rental Location: MEX50\r\nCD. Recibe \/ Return Location: MEX50\r\nKM Salida \/ Mileage: 51398\r\nGas Salida \/ Fuel Tank Level: 3\/8\r\nDatos de contacto \/ Contact info: ELDY CALIXTO","EStatus":{"Id":5,"Name":"Draft"},"EStatusReason":{"Name":null},"CreateUTCTime":"2021-12-13T20:55:17.850","ModifyUTCTime":"2021-12-13T20:55:17.850","EstimationServices":null,"EstimationQuestions":null}
