{"EntityText":"#: E-000-1706917 Date: 12\/13\/2021 Stock: CA0361 RO: MEX03997 PO:  (2020 CHE CAVALILT LSGKB54H1LV020589) Client: CRUZ KIMBERLY","UTCTimestamp":"2022-03-28T04:19:39.813","InspectionId":"08F4DF66-663A-4506-9D7E-5C30F8E8BD61","InspectionNumber":"E-000-1706917","InspectionDate":"2021-12-13","InspectionType":{"Id":"33034816-D00A-49F6-8AA5-55D54FDE8907","Name":"Hoja de Inspeccion - check out"},"Amount":0.00,"ApprovedAmount":0.00,"DiscountAmount":0.00000,"TaxAmount":0.00000,"FeesAmount":0.00000,"Employee":{"Id":"91A96957-69FD-4329-B258-36721778DFDA","Name":"HERTZ LEO50","ExternalID":null},"Client":{"Id":"DDD0BEBA-DE78-4815-8CEC-424857AC4D85","Name":"CRUZ KIMBERLY","Address":"...","Phone":null,"ExternalID":null},"Vehicle":{"VIN":"LSGKB54H1LV020589","Year":2020,"Make":"CHE","Model":"CAVALILT","PlateNo":"ZCU-196-C","Vehicle":{"Color":null},"Mileage":35775,"PaintCode":null},"StockNo":"CA0361","RONo":"MEX03997","IsCompleted":false,"PONo":null,"SalesPerson":{"Id":null},"Sales":{"PersonName":null},"Owner":{"Id":null,"Name":null,"Address":"...","Phone":null},"Location":{"Name":null},"ServiceRequest":{"Id":"44D68DB8-C8FF-EB11-80FE-00155D9EC500","Number":"R-0007657427","LocalId":9506477},"Order":{"Id":null,"No":null},"Invoice":{"Id":null,"No":null},"Insurance":{"Id":null,"Name":null,"Address":null,"ContactInfo":""},"PolicyNumber":null,"ClaimNumber":null,"Deductible":null,"AccidentDate":null,"Inspection_Notes":"Contrato No \/ Rental Agreement: MEX03997\r\nEconomico  \/ Stock: CA0361\r\nSeguro  \/ Coverage: \r\nCD. Que Renta \/ Rental Location: MEX51\r\nCD. Recibe \/ Return Location: MEX51\r\nKM Salida \/ Mileage: 35775\r\nGas Salida \/ Fuel Tank Level: F\r\nDatos de contacto \/ Contact info: ","EStatus":{"Id":5,"Name":"Draft"},"EStatusReason":{"Name":null},"CreateUTCTime":"2021-08-18T02:05:15.210","ModifyUTCTime":"2021-08-18T02:05:15.210","EstimationServices":null,"EstimationQuestions":null}
