{"EntityText":"#: E-000-2239770 Date: 12\/13\/2021 Stock: B41217 RO: F3267004 PO:  (2021 CHE BEAT4P MA6CB5FD1MT004416) Client: JOSE ANGEL","UTCTimestamp":"2022-03-28T04:26:50.300","InspectionId":"0911507C-D716-4B38-83CF-91584C1A38CD","InspectionNumber":"E-000-2239770","InspectionDate":"2021-12-13","InspectionType":{"Id":"04A19838-AEEC-4B12-BC41-77C52A166A0E","Name":"Hoja de Inspecci�n - check in"},"Amount":0.00,"ApprovedAmount":0.00,"DiscountAmount":0.00000,"TaxAmount":0.00000,"FeesAmount":0.00000,"Employee":{"Id":"D8DE4A66-C3A6-4885-950A-1A40CBBC229C","Name":"HERTZ R52M10TCWQR","ExternalID":null},"Client":{"Id":"88E1BECA-B58A-4698-B5DF-813EE1C9FAB9","Name":"JOSE ANGEL","Address":"LA TORRE","Phone":"34615153047","ExternalID":null},"Vehicle":{"VIN":"MA6CB5FD1MT004416","Year":2021,"Make":"CHE","Model":"BEAT4P","PlateNo":"A-269-TPJ","Vehicle":{"Color":null},"Mileage":31036,"PaintCode":null},"StockNo":"B41217","RONo":"F3267004","IsCompleted":false,"PONo":null,"SalesPerson":{"Id":null},"Sales":{"PersonName":null},"Owner":{"Id":null,"Name":null,"Address":"...","Phone":null},"Location":{"Name":null},"ServiceRequest":{"Id":"AC9CDA6E-4A5C-EC11-8103-00155D9EC500","Number":"R-0007923912","LocalId":9958860},"Order":{"Id":null,"No":null},"Invoice":{"Id":null,"No":null},"Insurance":{"Id":null,"Name":null,"Address":null,"ContactInfo":""},"PolicyNumber":null,"ClaimNumber":null,"Deductible":null,"AccidentDate":null,"Inspection_Notes":"Contrato No \/ Rental Agreement: F3267004\r\nEconomico  \/ Stock: B41217\r\nSeguro  \/ Coverage: CDW\r\nCD. Que Renta \/ Rental Location: TMID51\r\nCD. Recibe \/ Return Location: TMID51\r\nKM Salida \/ Mileage: 31036\r\nGas Salida \/ Fuel Tank Level: 1\/2\r\nDatos de contacto \/ Contact info: PARTICULAR","EStatus":{"Id":5,"Name":"Draft"},"EStatusReason":{"Name":null},"CreateUTCTime":"2021-12-13T19:25:36.630","ModifyUTCTime":"2021-12-13T19:25:36.630","EstimationServices":null,"EstimationQuestions":null}
