{"EntityText":"#: E-000-2238326 Date: 12\/13\/2021 Stock: MI2192 RO: F3266505 PO:  (2022 MTSH MIRA GLX ML3AFT6J9NH003950) Client: MARIA MANUELA","UTCTimestamp":"2022-03-28T04:23:37.427","InspectionId":"0916EA45-2274-4C0E-8D5E-5AC5C59A5ADF","InspectionNumber":"E-000-2238326","InspectionDate":"2021-12-13","InspectionType":{"Id":"04A19838-AEEC-4B12-BC41-77C52A166A0E","Name":"Hoja de Inspecci�n - check in"},"Amount":0.00,"ApprovedAmount":0.00,"DiscountAmount":0.00000,"TaxAmount":0.00000,"FeesAmount":0.00000,"Employee":{"Id":"897AF737-C484-4D9C-9FEA-C21B99EABE11","Name":"HERTZ SAN50-01","ExternalID":null},"Client":{"Id":"0EC9BFC7-3A67-4F72-AD11-B0844E1871BB","Name":"MARIA MANUELA","Address":"C PEGAZO 127","Phone":"8112896904","ExternalID":null},"Vehicle":{"VIN":"ML3AFT6J9NH003950","Year":2022,"Make":"MTSH","Model":"MIRA GLX","PlateNo":"37-77-AVE","Vehicle":{"Color":null},"Mileage":136,"PaintCode":null},"StockNo":"MI2192","RONo":"F3266505","IsCompleted":false,"PONo":null,"SalesPerson":{"Id":null},"Sales":{"PersonName":null},"Owner":{"Id":null,"Name":null,"Address":"...","Phone":null},"Location":{"Name":null},"ServiceRequest":{"Id":"A836E4E3-2F5C-EC11-8103-00155D9EC500","Number":"R-0007923190","LocalId":9957860},"Order":{"Id":null,"No":null},"Invoice":{"Id":null,"No":null},"Insurance":{"Id":null,"Name":null,"Address":null,"ContactInfo":""},"PolicyNumber":null,"ClaimNumber":null,"Deductible":null,"AccidentDate":null,"Inspection_Notes":"Contrato No \/ Rental Agreement: F3266505\r\nEconomico  \/ Stock: MI2192\r\nSeguro  \/ Coverage: LDW,B2B\r\nCD. Que Renta \/ Rental Location: SAN50\r\nCD. Recibe \/ Return Location: SAN50\r\nKM Salida \/ Mileage: 136\r\nGas Salida \/ Fuel Tank Level: F\r\nDatos de contacto \/ Contact info: COUNTRY  CLUB","EStatus":{"Id":2,"Name":"Archived"},"EStatusReason":{"Name":"Car Changed"},"CreateUTCTime":"2021-12-13T16:15:31.417","ModifyUTCTime":"2021-12-19T01:55:06.883","EstimationServices":null,"EstimationQuestions":null}
