{"EntityText":"#: E-000-2237320 Date: 12\/13\/2021 Stock: NK0310 RO: F3266125 PO:  (2020 NSN KICKSADV 3N8CP5HDXLL471002) Client: TYLER","UTCTimestamp":"2022-03-28T04:20:51.597","InspectionId":"09647835-D856-43F2-811F-E0F75F54BEAE","InspectionNumber":"E-000-2237320","InspectionDate":"2021-12-13","InspectionType":{"Id":"04A19838-AEEC-4B12-BC41-77C52A166A0E","Name":"Hoja de Inspecci�n - check in"},"Amount":0.00,"ApprovedAmount":0.00,"DiscountAmount":0.00000,"TaxAmount":0.00000,"FeesAmount":0.00000,"Employee":{"Id":"D9181D69-A72F-4ED3-B334-455E1E58A55F","Name":"HERTZ F4KJL61QF193","ExternalID":null},"Client":{"Id":"23C4E3F0-73DF-42F7-A104-C8E2065188B8","Name":"TYLER","Address":"MATTERHORN","Phone":"0018017069819","ExternalID":null},"Vehicle":{"VIN":"3N8CP5HDXLL471002","Year":2020,"Make":"NSN","Model":"KICKSADV","PlateNo":"YZF-602-C","Vehicle":{"Color":null},"Mileage":59018,"PaintCode":null},"StockNo":"NK0310","RONo":"F3266125","IsCompleted":false,"PONo":null,"SalesPerson":{"Id":null},"Sales":{"PersonName":null},"Owner":{"Id":null,"Name":null,"Address":"...","Phone":null},"Location":{"Name":null},"ServiceRequest":{"Id":"69721BC9-115C-EC11-8103-00155D9EC500","Number":"R-0007922687","LocalId":9957101},"Order":{"Id":null,"No":null},"Invoice":{"Id":null,"No":null},"Insurance":{"Id":null,"Name":null,"Address":null,"ContactInfo":""},"PolicyNumber":null,"ClaimNumber":null,"Deductible":null,"AccidentDate":null,"Inspection_Notes":"Contrato No \/ Rental Agreement: F3266125\r\nEconomico  \/ Stock: NK0310\r\nSeguro  \/ Coverage: LDW PACK,B2B,PAI,RS ASSIST.,HDI 10000\r\nCD. Que Renta \/ Rental Location: CAN50\r\nCD. Recibe \/ Return Location: CAN50\r\nKM Salida \/ Mileage: 59018\r\nGas Salida \/ Fuel Tank Level: 3\/8\r\nDatos de contacto \/ Contact info: YUCATAN RESORT","EStatus":{"Id":5,"Name":"Draft"},"EStatusReason":{"Name":null},"CreateUTCTime":"2021-12-13T12:40:08.780","ModifyUTCTime":"2021-12-13T12:40:08.780","EstimationServices":null,"EstimationQuestions":null}
