{"EntityText":"#: E-000-2237211 Date: 12\/13\/2021 Stock: AU1188 RO: F3266082 PO:  (2021 CHE AVEOLS LSGHD52H7MD078530) Client: LUIS EMILIO MENDEZ VALLE","UTCTimestamp":"2022-03-28T04:20:51.597","InspectionId":"09655E7D-7727-4325-9E58-D6CBC6EAC983","InspectionNumber":"E-000-2237211","InspectionDate":"2021-12-13","InspectionType":{"Id":"33034816-D00A-49F6-8AA5-55D54FDE8907","Name":"Hoja de Inspeccion - check out"},"Amount":0.00,"ApprovedAmount":0.00,"DiscountAmount":0.00000,"TaxAmount":0.00000,"FeesAmount":0.00000,"Employee":{"Id":"7272EF35-BA42-4012-A525-ECB34FF20C5B","Name":"HERTZ R52M10TDL7W","ExternalID":null},"Client":{"Id":"B154ED99-959B-4926-8D7A-BC7566EDEEDA","Name":"LUIS EMILIO MENDEZ VALLE","Address":"REVOLUCION","Phone":"+50258345525","ExternalID":null},"Vehicle":{"VIN":"LSGHD52H7MD078530","Year":2021,"Make":"CHE","Model":"AVEOLS","PlateNo":"EPA-70-97","Vehicle":{"Color":null},"Mileage":31918,"PaintCode":null},"StockNo":"AU1188","RONo":"F3266082","IsCompleted":false,"PONo":null,"SalesPerson":{"Id":null},"Sales":{"PersonName":null},"Owner":{"Id":null,"Name":null,"Address":"...","Phone":null},"Location":{"Name":null},"ServiceRequest":{"Id":"0BA02A62-E45B-EC11-8103-00155D9EC500","Number":"R-0007922633","LocalId":9956663},"Order":{"Id":null,"No":null},"Invoice":{"Id":null,"No":null},"Insurance":{"Id":null,"Name":null,"Address":null,"ContactInfo":""},"PolicyNumber":null,"ClaimNumber":null,"Deductible":null,"AccidentDate":null,"Inspection_Notes":"Contrato No \/ Rental Agreement: F3266082\r\nEconomico  \/ Stock: AU1188\r\nSeguro  \/ Coverage: CDW-2\r\nCD. Que Renta \/ Rental Location: MTY50\r\nCD. Recibe \/ Return Location: MTY50\r\nKM Salida \/ Mileage: 31918\r\nGas Salida \/ Fuel Tank Level: F\r\nDatos de contacto \/ Contact info: MISMO DOM REVOLUCION 64700","EStatus":{"Id":5,"Name":"Draft"},"EStatusReason":{"Name":null},"CreateUTCTime":"2021-12-13T07:15:05.597","ModifyUTCTime":"2021-12-13T07:15:05.597","EstimationServices":null,"EstimationQuestions":null}
