{"EntityText":"#: E-000-1902810 Date: 12\/13\/2021 Stock: CG7387 RO: F3149704 PO:  (2017 DDG GCARAVAN 2C4RDGBG5HR614767) Client: HIVAN","UTCTimestamp":"2022-03-28T04:19:43.870","InspectionId":"09718287-1B29-41DC-9606-486137A53105","InspectionNumber":"E-000-1902810","InspectionDate":"2021-12-13","InspectionType":{"Id":"04A19838-AEEC-4B12-BC41-77C52A166A0E","Name":"Hoja de Inspecci�n - check in"},"Amount":0.00,"ApprovedAmount":0.00,"DiscountAmount":0.00000,"TaxAmount":0.00000,"FeesAmount":0.00000,"Employee":{"Id":"D43C5968-7DBA-4003-A590-1957E72842E4","Name":"HERTZ PDC61","ExternalID":null},"Client":{"Id":"02C0830C-07D6-4445-93A0-EEA6EE88DAD9","Name":"HIVAN","Address":"ADAMS ST","Phone":"19565432247","ExternalID":null},"Vehicle":{"VIN":"2C4RDGBG5HR614767","Year":2017,"Make":"DDG","Model":"GCARAVAN","PlateNo":"5507TRZ","Vehicle":{"Color":null},"Mileage":133647,"PaintCode":null},"StockNo":"CG7387","RONo":"F3149704","IsCompleted":false,"PONo":null,"SalesPerson":{"Id":null},"Sales":{"PersonName":null},"Owner":{"Id":null,"Name":null,"Address":"...","Phone":null},"Location":{"Name":null},"ServiceRequest":{"Id":"4AEB533F-DE23-EC11-80FE-00155D9EC500","Number":"R-0007755405","LocalId":9676103},"Order":{"Id":null,"No":null},"Invoice":{"Id":null,"No":null},"Insurance":{"Id":null,"Name":null,"Address":null,"ContactInfo":""},"PolicyNumber":null,"ClaimNumber":null,"Deductible":null,"AccidentDate":null,"Inspection_Notes":"Contrato No \/ Rental Agreement: F3149704\r\nEconomico  \/ Stock: CG7387\r\nSeguro  \/ Coverage: CDW-2\r\nCD. Que Renta \/ Rental Location: CAN50\r\nCD. Recibe \/ Return Location: CAN50\r\nKM Salida \/ Mileage: 133647\r\nGas Salida \/ Fuel Tank Level: F\r\nDatos de contacto \/ Contact info: HOTEL DOS PLAYAS FARANDA CANCU","EStatus":{"Id":5,"Name":"Draft"},"EStatusReason":{"Name":null},"CreateUTCTime":"2021-10-03T00:10:09.257","ModifyUTCTime":"2021-10-03T00:10:09.257","EstimationServices":null,"EstimationQuestions":null}
