{"EntityText":"#: E-000-2037076 Date: 12\/13\/2021 Stock: RK1397 RO: PUE59959 PO:  (2021 RENAULT KWID 93Y1R3D50MJ003188) Client: HERNANDEZ MONICA","UTCTimestamp":"2022-03-28T04:19:43.870","InspectionId":"0973919D-20A8-4BAD-A3FD-6FD8023CF5C7","InspectionNumber":"E-000-2037076","InspectionDate":"2021-12-13","InspectionType":{"Id":"04A19838-AEEC-4B12-BC41-77C52A166A0E","Name":"Hoja de Inspecci�n - check in"},"Amount":0.00,"ApprovedAmount":0.00,"DiscountAmount":0.00000,"TaxAmount":0.00000,"FeesAmount":0.00000,"Employee":{"Id":"36D5A659-96CA-4FFC-8E9F-6A4418AB3FA3","Name":"HERTZ MEX51","ExternalID":null},"Client":{"Id":"D54E32C5-D6DE-4EC1-8096-EC1CBC469229","Name":"HERNANDEZ MONICA","Address":"MAGNOLIAS","Phone":"2222523844","ExternalID":null},"Vehicle":{"VIN":"93Y1R3D50MJ003188","Year":2021,"Make":"RENAULT","Model":"KWID","PlateNo":"EPD-57-79","Vehicle":{"Color":null},"Mileage":7418,"PaintCode":null},"StockNo":"RK1397","RONo":"PUE59959","IsCompleted":false,"PONo":null,"SalesPerson":{"Id":null},"Sales":{"PersonName":null},"Owner":{"Id":null,"Name":null,"Address":"...","Phone":null},"Location":{"Name":null},"ServiceRequest":{"Id":"7FD2563D-9C3A-EC11-8103-00155D9EC500","Number":"R-0007822557","LocalId":9796384},"Order":{"Id":null,"No":null},"Invoice":{"Id":null,"No":null},"Insurance":{"Id":null,"Name":null,"Address":null,"ContactInfo":""},"PolicyNumber":null,"ClaimNumber":null,"Deductible":null,"AccidentDate":null,"Inspection_Notes":"Contrato No \/ Rental Agreement: PUE59959\r\nEconomico  \/ Stock: RK1397\r\nSeguro  \/ Coverage: \r\nCD. Que Renta \/ Rental Location: PUE50\r\nCD. Recibe \/ Return Location: TPBC52\r\nKM Salida \/ Mileage: 7418\r\nGas Salida \/ Fuel Tank Level: F\r\nDatos de contacto \/ Contact info: ","EStatus":{"Id":5,"Name":"Draft"},"EStatusReason":{"Name":null},"CreateUTCTime":"2021-10-31T22:45:28.987","ModifyUTCTime":"2021-10-31T22:45:28.987","EstimationServices":null,"EstimationQuestions":null}
