{"EntityText":"#: E-000-2047338 Date: 12\/13\/2021 Stock: NM0326 RO: NCN37095 PO:  (2020 NSN MARCHABS 3N1CK3CD4LL212191) Client: RIVELINO ADE AGUILAR DAVILA","UTCTimestamp":"2022-03-28T04:19:43.870","InspectionId":"09858C3E-F9EF-40E9-8158-8FA1F6AFB3DA","InspectionNumber":"E-000-2047338","InspectionDate":"2021-12-13","InspectionType":{"Id":"04A19838-AEEC-4B12-BC41-77C52A166A0E","Name":"Hoja de Inspecci�n - check in"},"Amount":0.00,"ApprovedAmount":0.00,"DiscountAmount":0.00000,"TaxAmount":0.00000,"FeesAmount":0.00000,"Employee":{"Id":"D43C5968-7DBA-4003-A590-1957E72842E4","Name":"HERTZ PDC61","ExternalID":null},"Client":{"Id":"3EAB96F1-2772-4DE2-BCB3-2291664EC3E8","Name":"RIVELINO ADE AGUILAR DAVILA","Address":"...","Phone":null,"ExternalID":null},"Vehicle":{"VIN":"3N1CK3CD4LL212191","Year":2020,"Make":"NSN","Model":"MARCHABS","PlateNo":"YZF-162-C","Vehicle":{"Color":null},"Mileage":54896,"PaintCode":null},"StockNo":"NM0326","RONo":"NCN37095","IsCompleted":false,"PONo":null,"SalesPerson":{"Id":null},"Sales":{"PersonName":null},"Owner":{"Id":null,"Name":null,"Address":"...","Phone":null},"Location":{"Name":null},"ServiceRequest":{"Id":"304A4BC1-A83C-EC11-8103-00155D9EC500","Number":"R-0007827688","LocalId":9806033},"Order":{"Id":null,"No":null},"Invoice":{"Id":null,"No":null},"Insurance":{"Id":null,"Name":null,"Address":null,"ContactInfo":""},"PolicyNumber":null,"ClaimNumber":null,"Deductible":null,"AccidentDate":null,"Inspection_Notes":"Contrato No \/ Rental Agreement: NCN37095\r\nEconomico  \/ Stock: NM0326\r\nSeguro  \/ Coverage: \r\nCD. Que Renta \/ Rental Location: CAN72\r\nCD. Recibe \/ Return Location: CAN72\r\nKM Salida \/ Mileage: 54896\r\nGas Salida \/ Fuel Tank Level: F\r\nDatos de contacto \/ Contact info: ","EStatus":{"Id":5,"Name":"Draft"},"EStatusReason":{"Name":null},"CreateUTCTime":"2021-11-03T13:20:10.720","ModifyUTCTime":"2021-11-03T13:20:10.720","EstimationServices":null,"EstimationQuestions":null}
