{"EntityText":"#: E-000-2240652 Date: 12\/13\/2021 Stock: NK1188 RO: SAN89614 PO:  (2021 NSN KICKSADV 3N8CP5HE5ML479647) Client: EDUARDO PENA FLORES","UTCTimestamp":"2022-03-28T04:28:37.390","InspectionId":"099965C7-D7F8-40D8-8F35-F718ABF552FD","InspectionNumber":"E-000-2240652","InspectionDate":"2021-12-13","InspectionType":{"Id":"04A19838-AEEC-4B12-BC41-77C52A166A0E","Name":"Hoja de Inspecci�n - check in"},"Amount":0.00,"ApprovedAmount":0.00,"DiscountAmount":0.00000,"TaxAmount":0.00000,"FeesAmount":0.00000,"Employee":{"Id":"0B0030C7-9A3F-4F3E-8029-28FE38BDF808","Name":"HERTZ SAN61","ExternalID":null},"Client":{"Id":"B93E12C7-5D60-45CD-AB12-BE0A01311B87","Name":"EDUARDO PENA FLORES","Address":"...","Phone":null,"ExternalID":null},"Vehicle":{"VIN":"3N8CP5HE5ML479647","Year":2021,"Make":"NSN","Model":"KICKSADV","PlateNo":"28-95-AVE","Vehicle":{"Color":null},"Mileage":20137,"PaintCode":null},"StockNo":"NK1188","RONo":"SAN89614","IsCompleted":false,"PONo":null,"SalesPerson":{"Id":null},"Sales":{"PersonName":null},"Owner":{"Id":null,"Name":null,"Address":"...","Phone":null},"Location":{"Name":null},"ServiceRequest":{"Id":"5B270B07-5C5C-EC11-8103-00155D9EC500","Number":"R-0007924353","LocalId":9959659},"Order":{"Id":null,"No":null},"Invoice":{"Id":null,"No":null},"Insurance":{"Id":null,"Name":null,"Address":null,"ContactInfo":""},"PolicyNumber":null,"ClaimNumber":null,"Deductible":null,"AccidentDate":null,"Inspection_Notes":"Contrato No \/ Rental Agreement: SAN89614\r\nEconomico  \/ Stock: NK1188\r\nSeguro  \/ Coverage: \r\nCD. Que Renta \/ Rental Location: SAN61\r\nCD. Recibe \/ Return Location: SAN61\r\nKM Salida \/ Mileage: 20137\r\nGas Salida \/ Fuel Tank Level: 7\/8\r\nDatos de contacto \/ Contact info: ","EStatus":{"Id":5,"Name":"Draft"},"EStatusReason":{"Name":null},"CreateUTCTime":"2021-12-13T21:31:27.670","ModifyUTCTime":"2021-12-13T21:31:27.670","EstimationServices":null,"EstimationQuestions":null}
