{"EntityText":"#: E-000-2240547 Date: 12\/13\/2021 Stock: B50313 RO: F3267268 PO:  (2020 CHE BEAT5P MA6CB6CD3LT034493) Client: CHRISTIAN MARTIN","UTCTimestamp":"2022-03-28T04:28:37.390","InspectionId":"09A40A82-504D-44A1-BF14-1E40721A3EB6","InspectionNumber":"E-000-2240547","InspectionDate":"2021-12-13","InspectionType":{"Id":"33034816-D00A-49F6-8AA5-55D54FDE8907","Name":"Hoja de Inspeccion - check out"},"Amount":0.00,"ApprovedAmount":0.00,"DiscountAmount":0.00000,"TaxAmount":0.00000,"FeesAmount":0.00000,"Employee":{"Id":"897AF737-C484-4D9C-9FEA-C21B99EABE11","Name":"HERTZ SAN50-01","ExternalID":null},"Client":{"Id":"791F8DA5-F47D-4A8E-BC4F-B317E22544D4","Name":"CHRISTIAN MARTIN","Address":"CARR LIB SICARSTICA","Phone":"7531079935","ExternalID":null},"Vehicle":{"VIN":"MA6CB6CD3LT034493","Year":2020,"Make":"CHE","Model":"BEAT5P","PlateNo":"10-38-AVE","Vehicle":{"Color":null},"Mileage":41382,"PaintCode":null},"StockNo":"B50313","RONo":"F3267268","IsCompleted":false,"PONo":null,"SalesPerson":{"Id":null},"Sales":{"PersonName":null},"Owner":{"Id":null,"Name":null,"Address":"...","Phone":null},"Location":{"Name":null},"ServiceRequest":{"Id":"186B127F-5A5C-EC11-8103-00155D9EC500","Number":"R-0007924301","LocalId":9959584},"Order":{"Id":null,"No":null},"Invoice":{"Id":null,"No":null},"Insurance":{"Id":null,"Name":null,"Address":null,"ContactInfo":""},"PolicyNumber":null,"ClaimNumber":null,"Deductible":null,"AccidentDate":null,"Inspection_Notes":"Contrato No \/ Rental Agreement: F3267268\r\nEconomico  \/ Stock: B50313\r\nSeguro  \/ Coverage: LDW,B2B,PAI,RS ASSIST.\r\nCD. Que Renta \/ Rental Location: SAN50\r\nCD. Recibe \/ Return Location: SAN50\r\nKM Salida \/ Mileage: 41382\r\nGas Salida \/ Fuel Tank Level: F\r\nDatos de contacto \/ Contact info: FIESTA AMERICANA","EStatus":{"Id":5,"Name":"Draft"},"EStatusReason":{"Name":null},"CreateUTCTime":"2021-12-13T21:20:34.410","ModifyUTCTime":"2021-12-13T21:20:34.410","EstimationServices":null,"EstimationQuestions":null}
