{"EntityText":"#: E-000-2242423 Date: 12\/13\/2021 Stock: VS1199 RO: TJ001838 PO:  (2021 VW VIRTUS 9BWDL5BZ9MP015889) Client: NORMA OLIVA MANCILLAS","UTCTimestamp":"2022-03-28T04:32:19.930","InspectionId":"0A0A72AA-DABB-4DDC-B56C-E8AE32E94E90","InspectionNumber":"E-000-2242423","InspectionDate":"2021-12-13","InspectionType":{"Id":"33034816-D00A-49F6-8AA5-55D54FDE8907","Name":"Hoja de Inspeccion - check out"},"Amount":0.00,"ApprovedAmount":0.00,"DiscountAmount":0.00000,"TaxAmount":0.00000,"FeesAmount":0.00000,"Employee":{"Id":"ED630168-DBE6-4645-A153-00A57C5D54A6","Name":"HERTZ TIJ51","ExternalID":null},"Client":{"Id":"6EB6B773-70B8-4D2D-819B-DAB1D889C9DD","Name":"NORMA OLIVA MANCILLAS","Address":"...","Phone":null,"ExternalID":null},"Vehicle":{"VIN":"9BWDL5BZ9MP015889","Year":2021,"Make":"VW","Model":"VIRTUS","PlateNo":"11-77-AVE","Vehicle":{"Color":null},"Mileage":28626,"PaintCode":null},"StockNo":"VS1199","RONo":"TJ001838","IsCompleted":false,"PONo":null,"SalesPerson":{"Id":null},"Sales":{"PersonName":null},"Owner":{"Id":null,"Name":null,"Address":"...","Phone":null},"Location":{"Name":null},"ServiceRequest":{"Id":"C13E2298-9F5C-EC11-8103-00155D9EC500","Number":"R-0007925239","LocalId":9960983},"Order":{"Id":null,"No":null},"Invoice":{"Id":null,"No":null},"Insurance":{"Id":null,"Name":null,"Address":null,"ContactInfo":""},"PolicyNumber":null,"ClaimNumber":null,"Deductible":null,"AccidentDate":null,"Inspection_Notes":"Contrato No \/ Rental Agreement: TJ001838\r\nEconomico  \/ Stock: VS1199\r\nSeguro  \/ Coverage: \r\nCD. Que Renta \/ Rental Location: TIJ51\r\nCD. Recibe \/ Return Location: TIJ51\r\nKM Salida \/ Mileage: 28626\r\nGas Salida \/ Fuel Tank Level: 1\/4\r\nDatos de contacto \/ Contact info: ","EStatus":{"Id":5,"Name":"Draft"},"EStatusReason":{"Name":null},"CreateUTCTime":"2021-12-14T05:35:09.857","ModifyUTCTime":"2021-12-14T05:35:09.857","EstimationServices":null,"EstimationQuestions":null}
