{"EntityText":"#: E-000-2237546 Date: 12\/13\/2021 Stock: RK1282 RO: F3266222 PO:  (2021 RENAULT KWID 93Y1R3D58MJ933212) Client: ALFARO ISAIAS ARROYO","UTCTimestamp":"2022-03-28T04:21:30.170","InspectionId":"0A222998-36AA-443B-B993-E2389762FBBD","InspectionNumber":"E-000-2237546","InspectionDate":"2021-12-13","InspectionType":{"Id":"04A19838-AEEC-4B12-BC41-77C52A166A0E","Name":"Hoja de Inspecci�n - check in"},"Amount":0.00,"ApprovedAmount":0.00,"DiscountAmount":0.00000,"TaxAmount":0.00000,"FeesAmount":0.00000,"Employee":{"Id":"7272EF35-BA42-4012-A525-ECB34FF20C5B","Name":"HERTZ R52M10TDL7W","ExternalID":null},"Client":{"Id":"584EEF53-2525-4BA6-9541-B481B9E5D013","Name":"ALFARO ISAIAS ARROYO","Address":"CARR A VALLE DEL BRAVO","Phone":"5517405312","ExternalID":null},"Vehicle":{"VIN":"93Y1R3D58MJ933212","Year":2021,"Make":"RENAULT","Model":"KWID","PlateNo":"EPD-57-37","Vehicle":{"Color":null},"Mileage":5552,"PaintCode":null},"StockNo":"RK1282","RONo":"F3266222","IsCompleted":false,"PONo":null,"SalesPerson":{"Id":null},"Sales":{"PersonName":null},"Owner":{"Id":null,"Name":null,"Address":"...","Phone":null},"Location":{"Name":null},"ServiceRequest":{"Id":"E1324761-1E5C-EC11-8103-00155D9EC500","Number":"R-0007922800","LocalId":9957272},"Order":{"Id":null,"No":null},"Invoice":{"Id":null,"No":null},"Insurance":{"Id":null,"Name":null,"Address":null,"ContactInfo":""},"PolicyNumber":null,"ClaimNumber":null,"Deductible":null,"AccidentDate":null,"Inspection_Notes":"Contrato No \/ Rental Agreement: F3266222\r\nEconomico  \/ Stock: RK1282\r\nSeguro  \/ Coverage: CDW\r\nCD. Que Renta \/ Rental Location: MTY50\r\nCD. Recibe \/ Return Location: MTY50\r\nKM Salida \/ Mileage: 5552\r\nGas Salida \/ Fuel Tank Level: F\r\nDatos de contacto \/ Contact info: CRISTAL URBAN MTY","EStatus":{"Id":5,"Name":"Draft"},"EStatusReason":{"Name":null},"CreateUTCTime":"2021-12-13T14:10:14.637","ModifyUTCTime":"2021-12-13T14:10:14.637","EstimationServices":null,"EstimationQuestions":null}
