{"EntityText":"#: E-000-2239797 Date: 12\/13\/2021 Stock: TH1010 RO: F3267013 PO:  (2021 TYT HIACE JTFJM9CP7M6004076) Client: CECILIA","UTCTimestamp":"2022-03-28T04:26:50.300","InspectionId":"0A5EAD8E-AA4C-4B4A-8AF6-00D196F1972C","InspectionNumber":"E-000-2239797","InspectionDate":"2021-12-13","InspectionType":{"Id":"33034816-D00A-49F6-8AA5-55D54FDE8907","Name":"Hoja de Inspeccion - check out"},"Amount":0.00,"ApprovedAmount":0.00,"DiscountAmount":0.00000,"TaxAmount":0.00000,"FeesAmount":0.00000,"Employee":{"Id":"D9181D69-A72F-4ED3-B334-455E1E58A55F","Name":"HERTZ F4KJL61QF193","ExternalID":null},"Client":{"Id":"A0BB613D-1977-468C-A8D3-7E5E78DFCECC","Name":"CECILIA","Address":"QUEEN ST","Phone":"5404235791","ExternalID":null},"Vehicle":{"VIN":"JTFJM9CP7M6004076","Year":2021,"Make":"TYT","Model":"HIACE","PlateNo":"YZA-021-D","Vehicle":{"Color":null},"Mileage":5980,"PaintCode":null},"StockNo":"TH1010","RONo":"F3267013","IsCompleted":false,"PONo":null,"SalesPerson":{"Id":null},"Sales":{"PersonName":null},"Owner":{"Id":null,"Name":null,"Address":"...","Phone":null},"Location":{"Name":null},"ServiceRequest":{"Id":"401175D2-4B5C-EC11-8103-00155D9EC500","Number":"R-0007923926","LocalId":9958880},"Order":{"Id":null,"No":null},"Invoice":{"Id":null,"No":null},"Insurance":{"Id":null,"Name":null,"Address":null,"ContactInfo":""},"PolicyNumber":null,"ClaimNumber":null,"Deductible":null,"AccidentDate":null,"Inspection_Notes":"Contrato No \/ Rental Agreement: F3267013\r\nEconomico  \/ Stock: TH1010\r\nSeguro  \/ Coverage: CDW,ALI,PAI,RS ASSIST.\r\nCD. Que Renta \/ Rental Location: DCAN51\r\nCD. Recibe \/ Return Location: DCAN51\r\nKM Salida \/ Mileage: 5980\r\nGas Salida \/ Fuel Tank Level: F\r\nDatos de contacto \/ Contact info: AIRBNB CUN","EStatus":{"Id":5,"Name":"Draft"},"EStatusReason":{"Name":null},"CreateUTCTime":"2021-12-13T19:35:32.530","ModifyUTCTime":"2021-12-13T19:35:32.530","EstimationServices":null,"EstimationQuestions":null}
