{"EntityText":"#: E-000-1693546 Date: 12\/13\/2021 Stock: SU0031 RO: NVI23428 PO:  (2020 CHE SUBRBANB 1GNSC8KC8LR136924) Client: JORGE LUIS GOMEZ CACHO","UTCTimestamp":"2022-03-28T04:19:39.813","InspectionId":"0A71ED86-4BBE-42A4-A5D1-8B65328A6790","InspectionNumber":"E-000-1693546","InspectionDate":"2021-12-13","InspectionType":{"Id":"04A19838-AEEC-4B12-BC41-77C52A166A0E","Name":"Hoja de Inspecci�n - check in"},"Amount":0.00,"ApprovedAmount":0.00,"DiscountAmount":0.00000,"TaxAmount":0.00000,"FeesAmount":0.00000,"Employee":{"Id":"C33CCB26-FE72-4F9B-BCCF-D8DEACBE1013","Name":"HERTZ R52M40KZAXT","ExternalID":null},"Client":{"Id":"42D3D2F0-11DD-4E03-8FEC-225113094A1A","Name":"JORGE LUIS GOMEZ CACHO","Address":"...","Phone":null,"ExternalID":null},"Vehicle":{"VIN":"1GNSC8KC8LR136924","Year":2020,"Make":"CHE","Model":"SUBRBANB","PlateNo":"YZF-712-C","Vehicle":{"Color":null},"Mileage":32815,"PaintCode":null},"StockNo":"SU0031","RONo":"NVI23428","IsCompleted":false,"PONo":null,"SalesPerson":{"Id":null},"Sales":{"PersonName":null},"Owner":{"Id":null,"Name":null,"Address":"...","Phone":null},"Location":{"Name":null},"ServiceRequest":{"Id":"B420A05B-43FD-EB11-80FE-00155D9EC500","Number":"R-0007650735","LocalId":9494173},"Order":{"Id":null,"No":null},"Invoice":{"Id":null,"No":null},"Insurance":{"Id":null,"Name":null,"Address":null,"ContactInfo":""},"PolicyNumber":null,"ClaimNumber":null,"Deductible":null,"AccidentDate":null,"Inspection_Notes":"Contrato No \/ Rental Agreement: NVI23428\r\nEconomico  \/ Stock: SU0031\r\nSeguro  \/ Coverage: \r\nCD. Que Renta \/ Rental Location: VIL50\r\nCD. Recibe \/ Return Location: TVIL52\r\nKM Salida \/ Mileage: 32815\r\nGas Salida \/ Fuel Tank Level: F\r\nDatos de contacto \/ Contact info: ","EStatus":{"Id":5,"Name":"Draft"},"EStatusReason":{"Name":null},"CreateUTCTime":"2021-08-14T21:05:36.787","ModifyUTCTime":"2021-08-14T21:05:36.787","EstimationServices":null,"EstimationQuestions":null}
