{"EntityText":"#: E-000-1721963 Date: 12\/13\/2021 Stock: NM0437 RO: F3087303 PO:  (2020 NSN MARCHABS 3N1CK3CD4LL213535) Client: DANIEL","UTCTimestamp":"2022-03-28T04:19:39.813","InspectionId":"0A9B4F60-722C-42F6-B2A4-78C9B84EA6A8","InspectionNumber":"E-000-1721963","InspectionDate":"2021-12-13","InspectionType":{"Id":"33034816-D00A-49F6-8AA5-55D54FDE8907","Name":"Hoja de Inspeccion - check out"},"Amount":0.00,"ApprovedAmount":0.00,"DiscountAmount":0.00000,"TaxAmount":0.00000,"FeesAmount":0.00000,"Employee":{"Id":"4C1D4F7F-6DC2-4CCB-B1C9-068DC167B80B","Name":"HERTZ GDL50","ExternalID":null},"Client":{"Id":"840BAA7F-9E7C-48B4-8D52-472725E055DA","Name":"DANIEL","Address":"AV COBA","Phone":"9983856987","ExternalID":null},"Vehicle":{"VIN":"3N1CK3CD4LL213535","Year":2020,"Make":"NSN","Model":"MARCHABS","PlateNo":"YZA-563-C","Vehicle":{"Color":null},"Mileage":42671,"PaintCode":null},"StockNo":"NM0437","RONo":"F3087303","IsCompleted":false,"PONo":null,"SalesPerson":{"Id":null},"Sales":{"PersonName":null},"Owner":{"Id":null,"Name":null,"Address":"...","Phone":null},"Location":{"Name":null},"ServiceRequest":{"Id":"3D89307E-AE02-EC11-80FE-00155D9EC500","Number":"R-0007664956","LocalId":9520701},"Order":{"Id":null,"No":null},"Invoice":{"Id":null,"No":null},"Insurance":{"Id":null,"Name":null,"Address":null,"ContactInfo":""},"PolicyNumber":null,"ClaimNumber":null,"Deductible":null,"AccidentDate":null,"Inspection_Notes":"Contrato No \/ Rental Agreement: F3087303\r\nEconomico  \/ Stock: NM0437\r\nSeguro  \/ Coverage: \r\nCD. Que Renta \/ Rental Location: GDL60\r\nCD. Recibe \/ Return Location: GDL50\r\nKM Salida \/ Mileage: 42671\r\nGas Salida \/ Fuel Tank Level: F\r\nDatos de contacto \/ Contact info: CRISTIAN CALDERON","EStatus":{"Id":5,"Name":"Draft"},"EStatusReason":{"Name":null},"CreateUTCTime":"2021-08-21T18:35:10.553","ModifyUTCTime":"2021-08-21T18:35:10.553","EstimationServices":null,"EstimationQuestions":null}
