{"EntityText":"#: E-000-2242226 Date: 12\/13\/2021 Stock: B51201 RO: F3267847 PO:  (2021 CHE BEAT5P MA6CB6FD4MT022866) Client: FERNANDO PEREZ HERNANDEZ","UTCTimestamp":"2022-03-28T04:32:19.930","InspectionId":"0AD64A4C-D44D-4CB2-9137-9B4BAD9990F1","InspectionNumber":"E-000-2242226","InspectionDate":"2021-12-13","InspectionType":{"Id":"04A19838-AEEC-4B12-BC41-77C52A166A0E","Name":"Hoja de Inspecci�n - check in"},"Amount":0.00,"ApprovedAmount":0.00,"DiscountAmount":0.00000,"TaxAmount":0.00000,"FeesAmount":0.00000,"Employee":{"Id":"58AD97DC-705C-4B70-9626-EC476DC4785D","Name":"HERTZ MTY53","ExternalID":null},"Client":{"Id":"80D60645-6155-4B0E-98D9-538BE4C7D933","Name":"FERNANDO PEREZ HERNANDEZ","Address":"MATAMOROS","Phone":"7351021594","ExternalID":null},"Vehicle":{"VIN":"MA6CB6FD4MT022866","Year":2021,"Make":"CHE","Model":"BEAT5P","PlateNo":"EPA-80-47","Vehicle":{"Color":null},"Mileage":23913,"PaintCode":null},"StockNo":"B51201","RONo":"F3267847","IsCompleted":false,"PONo":null,"SalesPerson":{"Id":null},"Sales":{"PersonName":null},"Owner":{"Id":null,"Name":null,"Address":"...","Phone":null},"Location":{"Name":null},"ServiceRequest":{"Id":"8465F8D3-8E5C-EC11-8103-00155D9EC500","Number":"R-0007925140","LocalId":9960857},"Order":{"Id":null,"No":null},"Invoice":{"Id":null,"No":null},"Insurance":{"Id":null,"Name":null,"Address":null,"ContactInfo":""},"PolicyNumber":null,"ClaimNumber":null,"Deductible":null,"AccidentDate":null,"Inspection_Notes":"Contrato No \/ Rental Agreement: F3267847\r\nEconomico  \/ Stock: B51201\r\nSeguro  \/ Coverage: CDW-2,B2B,CDW2-LDW0%\r\nCD. Que Renta \/ Rental Location: DMTY51\r\nCD. Recibe \/ Return Location: MTY53\r\nKM Salida \/ Mileage: 23913\r\nGas Salida \/ Fuel Tank Level: F\r\nDatos de contacto \/ Contact info: SAFI CENTRO","EStatus":{"Id":5,"Name":"Draft"},"EStatusReason":{"Name":null},"CreateUTCTime":"2021-12-14T03:35:10.537","ModifyUTCTime":"2021-12-14T03:35:10.537","EstimationServices":null,"EstimationQuestions":null}
