{"EntityText":"#: E-000-2241867 Date: 12\/13\/2021 Stock: B40445 RO: F3267723 PO:  (2020 CHE BEAT4P MA6CB5CD2LT013760) Client: MARCO","UTCTimestamp":"2022-03-28T04:31:09.373","InspectionId":"0AD717C7-DDB3-4B63-9946-6A0770D895FA","InspectionNumber":"E-000-2241867","InspectionDate":"2021-12-13","InspectionType":{"Id":"33034816-D00A-49F6-8AA5-55D54FDE8907","Name":"Hoja de Inspeccion - check out"},"Amount":0.00,"ApprovedAmount":0.00,"DiscountAmount":0.00000,"TaxAmount":0.00000,"FeesAmount":0.00000,"Employee":{"Id":"897AF737-C484-4D9C-9FEA-C21B99EABE11","Name":"HERTZ SAN50-01","ExternalID":null},"Client":{"Id":"A3C0E649-0274-4231-8AA5-D33CC7CF6013","Name":"MARCO","Address":"AV TOLUCA","Phone":"5513207896","ExternalID":null},"Vehicle":{"VIN":"MA6CB5CD2LT013760","Year":2020,"Make":"CHE","Model":"BEAT4P","PlateNo":"97-95-AVD","Vehicle":{"Color":null},"Mileage":52306,"PaintCode":null},"StockNo":"B40445","RONo":"F3267723","IsCompleted":false,"PONo":null,"SalesPerson":{"Id":null},"Sales":{"PersonName":null},"Owner":{"Id":null,"Name":null,"Address":"...","Phone":null},"Location":{"Name":null},"ServiceRequest":{"Id":"0650515E-7D5C-EC11-8103-00155D9EC500","Number":"R-0007924961","LocalId":9960617},"Order":{"Id":null,"No":null},"Invoice":{"Id":null,"No":null},"Insurance":{"Id":null,"Name":null,"Address":null,"ContactInfo":""},"PolicyNumber":null,"ClaimNumber":null,"Deductible":null,"AccidentDate":null,"Inspection_Notes":"Contrato No \/ Rental Agreement: F3267723\r\nEconomico  \/ Stock: B40445\r\nSeguro  \/ Coverage: CDW,PAI,ALI\r\nCD. Que Renta \/ Rental Location: SAN50\r\nCD. Recibe \/ Return Location: SAN50\r\nKM Salida \/ Mileage: 52306\r\nGas Salida \/ Fuel Tank Level: F\r\nDatos de contacto \/ Contact info: LOS PATIOS","EStatus":{"Id":5,"Name":"Draft"},"EStatusReason":{"Name":null},"CreateUTCTime":"2021-12-14T01:30:11.233","ModifyUTCTime":"2021-12-14T01:30:11.233","EstimationServices":null,"EstimationQuestions":null}
