{"EntityText":"#: E-000-2145114 Date: 12\/13\/2021 Stock: NK1361 RO: F3233899 PO:  (2021 NSN KICKSADV 3N8CP5HE6ML550953) Client: MARCO ANTONIO","UTCTimestamp":"2022-03-28T04:19:48.133","InspectionId":"0ADF00CA-F3CA-481D-B372-517CFD12A55F","InspectionNumber":"E-000-2145114","InspectionDate":"2021-12-13","InspectionType":{"Id":"04A19838-AEEC-4B12-BC41-77C52A166A0E","Name":"Hoja de Inspecci�n - check in"},"Amount":0.00,"ApprovedAmount":0.00,"DiscountAmount":0.00000,"TaxAmount":0.00000,"FeesAmount":0.00000,"Employee":{"Id":"22A20387-4CB9-4CA1-8011-0915B3DFC79B","Name":"HERTZ MEX53","ExternalID":null},"Client":{"Id":"97429E0B-930E-4658-AA0B-A8E63AA78E55","Name":"MARCO ANTONIO","Address":"PRIV SANTA PAOLA","Phone":"5513904645","ExternalID":null},"Vehicle":{"VIN":"3N8CP5HE6ML550953","Year":2021,"Make":"NSN","Model":"KICKSADV","PlateNo":"ENX-18-50","Vehicle":{"Color":null},"Mileage":4880,"PaintCode":null},"StockNo":"NK1361","RONo":"F3233899","IsCompleted":false,"PONo":null,"SalesPerson":{"Id":null},"Sales":{"PersonName":null},"Owner":{"Id":null,"Name":null,"Address":"...","Phone":null},"Location":{"Name":null},"ServiceRequest":{"Id":"19B6B249-894C-EC11-8103-00155D9EC500","Number":"R-0007876582","LocalId":9885248},"Order":{"Id":null,"No":null},"Invoice":{"Id":null,"No":null},"Insurance":{"Id":null,"Name":null,"Address":null,"ContactInfo":""},"PolicyNumber":null,"ClaimNumber":null,"Deductible":null,"AccidentDate":null,"Inspection_Notes":"Contrato No \/ Rental Agreement: F3233899\r\nEconomico  \/ Stock: NK1361\r\nSeguro  \/ Coverage: LDW,B2B\r\nCD. Que Renta \/ Rental Location: MEX51\r\nCD. Recibe \/ Return Location: MEX51\r\nKM Salida \/ Mileage: 4880\r\nGas Salida \/ Fuel Tank Level: F\r\nDatos de contacto \/ Contact info: 8711183150","EStatus":{"Id":5,"Name":"Draft"},"EStatusReason":{"Name":null},"CreateUTCTime":"2021-11-23T18:15:16.857","ModifyUTCTime":"2021-11-23T18:15:16.857","EstimationServices":null,"EstimationQuestions":null}
