{"EntityText":"#: E-000-2242099 Date: 12\/13\/2021 Stock: CA1113 RO: SAN89621 PO:  (2021 CHE CAVALILT LSGKB54H6MV047370) Client: GASTON DANIE ORENDAIN RAYAS","UTCTimestamp":"2022-03-28T04:31:47.343","InspectionId":"0AE38BD2-BBC9-4E90-8D2E-58FB8B9916BA","InspectionNumber":"E-000-2242099","InspectionDate":"2021-12-13","InspectionType":{"Id":"33034816-D00A-49F6-8AA5-55D54FDE8907","Name":"Hoja de Inspeccion - check out"},"Amount":0.00,"ApprovedAmount":0.00,"DiscountAmount":0.00000,"TaxAmount":0.00000,"FeesAmount":0.00000,"Employee":{"Id":"0B0030C7-9A3F-4F3E-8029-28FE38BDF808","Name":"HERTZ SAN61","ExternalID":null},"Client":{"Id":"6448871D-4375-4EB8-B9EB-CC9E49D49D1C","Name":"GASTON DANIE ORENDAIN RAYAS","Address":"...","Phone":null,"ExternalID":null},"Vehicle":{"VIN":"LSGKB54H6MV047370","Year":2021,"Make":"CHE","Model":"CAVALILT","PlateNo":"25-23-AVE","Vehicle":{"Color":null},"Mileage":16930,"PaintCode":null},"StockNo":"CA1113","RONo":"SAN89621","IsCompleted":false,"PONo":null,"SalesPerson":{"Id":null},"Sales":{"PersonName":null},"Owner":{"Id":null,"Name":null,"Address":"...","Phone":null},"Location":{"Name":null},"ServiceRequest":{"Id":"91C66772-865C-EC11-8103-00155D9EC500","Number":"R-0007925077","LocalId":9960778},"Order":{"Id":null,"No":null},"Invoice":{"Id":null,"No":null},"Insurance":{"Id":null,"Name":null,"Address":null,"ContactInfo":""},"PolicyNumber":null,"ClaimNumber":null,"Deductible":null,"AccidentDate":null,"Inspection_Notes":"Contrato No \/ Rental Agreement: SAN89621\r\nEconomico  \/ Stock: CA1113\r\nSeguro  \/ Coverage: \r\nCD. Que Renta \/ Rental Location: SAN61\r\nCD. Recibe \/ Return Location: CSL60\r\nKM Salida \/ Mileage: 16930\r\nGas Salida \/ Fuel Tank Level: 1\/2\r\nDatos de contacto \/ Contact info: ","EStatus":{"Id":5,"Name":"Draft"},"EStatusReason":{"Name":null},"CreateUTCTime":"2021-12-14T02:35:14.970","ModifyUTCTime":"2021-12-14T02:35:14.970","EstimationServices":null,"EstimationQuestions":null}
