{"EntityText":"#: E-000-2242176 Date: 12\/13\/2021 Stock: VV0885 RO: F3267825 PO:  (2020 VW VENTO MEX512602LT037924) Client: ALVA MONICA","UTCTimestamp":"2022-03-28T04:31:47.343","InspectionId":"0AFA1D72-EDE9-43CC-AED4-24C1494AD2CC","InspectionNumber":"E-000-2242176","InspectionDate":"2021-12-13","InspectionType":{"Id":"04A19838-AEEC-4B12-BC41-77C52A166A0E","Name":"Hoja de Inspecci�n - check in"},"Amount":0.00,"ApprovedAmount":0.00,"DiscountAmount":0.00000,"TaxAmount":0.00000,"FeesAmount":0.00000,"Employee":{"Id":"D9181D69-A72F-4ED3-B334-455E1E58A55F","Name":"HERTZ F4KJL61QF193","ExternalID":null},"Client":{"Id":"0B88488F-ADF8-47EE-929B-7FD7201BF0E1","Name":"ALVA MONICA","Address":"ANGLESY PL","Phone":"+19154977136","ExternalID":null},"Vehicle":{"VIN":"MEX512602LT037924","Year":2020,"Make":"VW","Model":"VENTO","PlateNo":"YYB-592-C","Vehicle":{"Color":null},"Mileage":57914,"PaintCode":null},"StockNo":"VV0885","RONo":"F3267825","IsCompleted":false,"PONo":null,"SalesPerson":{"Id":null},"Sales":{"PersonName":null},"Owner":{"Id":null,"Name":null,"Address":"...","Phone":null},"Location":{"Name":null},"ServiceRequest":{"Id":"8B280C05-8C5C-EC11-8103-00155D9EC500","Number":"R-0007925115","LocalId":9960831},"Order":{"Id":null,"No":null},"Invoice":{"Id":null,"No":null},"Insurance":{"Id":null,"Name":null,"Address":null,"ContactInfo":""},"PolicyNumber":null,"ClaimNumber":null,"Deductible":null,"AccidentDate":null,"Inspection_Notes":"Contrato No \/ Rental Agreement: F3267825\r\nEconomico  \/ Stock: VV0885\r\nSeguro  \/ Coverage: LDW\r\nCD. Que Renta \/ Rental Location: DCAN51\r\nCD. Recibe \/ Return Location: DCAN51\r\nKM Salida \/ Mileage: 57914\r\nGas Salida \/ Fuel Tank Level: F\r\nDatos de contacto \/ Contact info: HTL IBEROSTAR","EStatus":{"Id":5,"Name":"Draft"},"EStatusReason":{"Name":null},"CreateUTCTime":"2021-12-14T03:15:09.663","ModifyUTCTime":"2021-12-14T03:15:09.663","EstimationServices":null,"EstimationQuestions":null}
