{"EntityText":"#: E-000-2240896 Date: 12\/13\/2021 Stock: PO1198 RO: F3267384 PO:  (2021 VW POLOC MEX6K2600MT118259) Client: DAVID FEDERICO","UTCTimestamp":"2022-03-28T04:29:14.223","InspectionId":"0B113820-26D8-44F7-BD82-379C202287B4","InspectionNumber":"E-000-2240896","InspectionDate":"2021-12-13","InspectionType":{"Id":"04A19838-AEEC-4B12-BC41-77C52A166A0E","Name":"Hoja de Inspecci�n - check in"},"Amount":0.00,"ApprovedAmount":0.00,"DiscountAmount":0.00000,"TaxAmount":0.00000,"FeesAmount":0.00000,"Employee":{"Id":"52819308-9F8A-4AB2-8B65-707CFAC517C1","Name":"HERTZ PAC60","ExternalID":null},"Client":{"Id":"FE4B1E80-67E0-46BF-AB92-8DF93370D32C","Name":"DAVID FEDERICO","Address":"C PUERTO BARRA NAUTLA","Phone":"7712408963","ExternalID":null},"Vehicle":{"VIN":"MEX6K2600MT118259","Year":2021,"Make":"VW","Model":"POLOC","PlateNo":"DAC-58-79","Vehicle":{"Color":null},"Mileage":25176,"PaintCode":null},"StockNo":"PO1198","RONo":"F3267384","IsCompleted":false,"PONo":null,"SalesPerson":{"Id":null},"Sales":{"PersonName":null},"Owner":{"Id":null,"Name":null,"Address":"...","Phone":null},"Location":{"Name":null},"ServiceRequest":{"Id":"26C4BE73-615C-EC11-8103-00155D9EC500","Number":"R-0007924475","LocalId":9959826},"Order":{"Id":null,"No":null},"Invoice":{"Id":null,"No":null},"Insurance":{"Id":null,"Name":null,"Address":null,"ContactInfo":""},"PolicyNumber":null,"ClaimNumber":null,"Deductible":null,"AccidentDate":null,"Inspection_Notes":"Contrato No \/ Rental Agreement: F3267384\r\nEconomico  \/ Stock: PO1198\r\nSeguro  \/ Coverage: CDW,PAI,TP\r\nCD. Que Renta \/ Rental Location: PAC60\r\nCD. Recibe \/ Return Location: PAC60\r\nKM Salida \/ Mileage: 25176\r\nGas Salida \/ Fuel Tank Level: F\r\nDatos de contacto \/ Contact info: ","EStatus":{"Id":5,"Name":"Draft"},"EStatusReason":{"Name":null},"CreateUTCTime":"2021-12-13T22:10:25.650","ModifyUTCTime":"2021-12-13T22:10:25.650","EstimationServices":null,"EstimationQuestions":null}
