{"EntityText":"#: E-000-1922432 Date: 12\/13\/2021 Stock: AU1379 RO: F3156433 PO:  (2021 CHE AVEOLS LSGHD52H1MD099924) Client: ARMANDO","UTCTimestamp":"2022-03-28T04:19:43.870","InspectionId":"0B171567-CE8C-40A0-A58B-55AEF6693B26","InspectionNumber":"E-000-1922432","InspectionDate":"2021-12-13","InspectionType":{"Id":"04A19838-AEEC-4B12-BC41-77C52A166A0E","Name":"Hoja de Inspecci�n - check in"},"Amount":0.00,"ApprovedAmount":0.00,"DiscountAmount":0.00000,"TaxAmount":0.00000,"FeesAmount":0.00000,"Employee":{"Id":"5FC7CEE4-9401-4F86-A734-ACDCF801B45A","Name":"HERTZ R52M40K91Z","ExternalID":null},"Client":{"Id":"8EBA0DA2-C3A6-45A0-9A63-9C9E175EA0F4","Name":"ARMANDO","Address":"SATELITE","Phone":"5521211001","ExternalID":null},"Vehicle":{"VIN":"LSGHD52H1MD099924","Year":2021,"Make":"CHE","Model":"AVEOLS","PlateNo":"ZCC-847-C","Vehicle":{"Color":null},"Mileage":25392,"PaintCode":null},"StockNo":"AU1379","RONo":"F3156433","IsCompleted":false,"PONo":null,"SalesPerson":{"Id":null},"Sales":{"PersonName":null},"Owner":{"Id":null,"Name":null,"Address":"...","Phone":null},"Location":{"Name":null},"ServiceRequest":{"Id":"85D63E65-9F27-EC11-80FE-00155D9EC500","Number":"R-0007765222","LocalId":9693323},"Order":{"Id":null,"No":null},"Invoice":{"Id":null,"No":null},"Insurance":{"Id":null,"Name":null,"Address":null,"ContactInfo":""},"PolicyNumber":null,"ClaimNumber":null,"Deductible":null,"AccidentDate":null,"Inspection_Notes":"Contrato No \/ Rental Agreement: F3156433\r\nEconomico  \/ Stock: AU1379\r\nSeguro  \/ Coverage: LDW,B2B,PAI,RS ASSIST.\r\nCD. Que Renta \/ Rental Location: MEX68\r\nCD. Recibe \/ Return Location: MEX68\r\nKM Salida \/ Mileage: 25392\r\nGas Salida \/ Fuel Tank Level: F\r\nDatos de contacto \/ Contact info: ","EStatus":{"Id":5,"Name":"Draft"},"EStatusReason":{"Name":null},"CreateUTCTime":"2021-10-07T18:50:15.273","ModifyUTCTime":"2021-10-07T18:50:15.273","EstimationServices":null,"EstimationQuestions":null}
