{"EntityText":"#: E-000-2240930 Date: 12\/13\/2021 Stock: AA0030 RO: PC789765 PO:  (2020 DDG ATTITUDA ML3AB26J7LH005425) Client: PAMELA","UTCTimestamp":"2022-03-28T04:29:14.223","InspectionId":"0B178947-A03C-4606-81A4-9F5F750504BD","InspectionNumber":"E-000-2240930","InspectionDate":"2021-12-13","InspectionType":{"Id":"04A19838-AEEC-4B12-BC41-77C52A166A0E","Name":"Hoja de Inspecci�n - check in"},"Amount":0.00,"ApprovedAmount":0.00,"DiscountAmount":0.00000,"TaxAmount":0.00000,"FeesAmount":0.00000,"Employee":{"Id":"D43C5968-7DBA-4003-A590-1957E72842E4","Name":"HERTZ PDC61","ExternalID":null},"Client":{"Id":"7674EB20-49D6-44E2-AFA4-8171E48E496C","Name":"PAMELA","Address":".","Phone":".","ExternalID":null},"Vehicle":{"VIN":"ML3AB26J7LH005425","Year":2020,"Make":"DDG","Model":"ATTITUDA","PlateNo":"ZCN-281-C","Vehicle":{"Color":null},"Mileage":43052,"PaintCode":null},"StockNo":"AA0030","RONo":"PC789765","IsCompleted":false,"PONo":null,"SalesPerson":{"Id":null},"Sales":{"PersonName":null},"Owner":{"Id":null,"Name":null,"Address":"...","Phone":null},"Location":{"Name":null},"ServiceRequest":{"Id":"76B0B299-615C-EC11-8103-00155D9EC500","Number":"R-0007924492","LocalId":9959844},"Order":{"Id":null,"No":null},"Invoice":{"Id":null,"No":null},"Insurance":{"Id":null,"Name":null,"Address":null,"ContactInfo":""},"PolicyNumber":null,"ClaimNumber":null,"Deductible":null,"AccidentDate":null,"Inspection_Notes":"Contrato No \/ Rental Agreement: PC789765\r\nEconomico  \/ Stock: AA0030\r\nSeguro  \/ Coverage: \r\nCD. Que Renta \/ Rental Location: PDC78\r\nCD. Recibe \/ Return Location: PDC76\r\nKM Salida \/ Mileage: 43052\r\nGas Salida \/ Fuel Tank Level: 5\/8\r\nDatos de contacto \/ Contact info: ","EStatus":{"Id":5,"Name":"Draft"},"EStatusReason":{"Name":null},"CreateUTCTime":"2021-12-13T22:11:22.103","ModifyUTCTime":"2021-12-13T22:11:22.103","EstimationServices":null,"EstimationQuestions":null}
