{"EntityText":"#: E-000-1647101 Date: 12\/13\/2021 Stock: AU0904 RO: ADCL0935 PO:  (2020 CHE AVEOLT LSGHD52H4LD043572) Client: JESUS ERNEST MARTINEZ","UTCTimestamp":"2022-03-28T04:19:39.813","InspectionId":"0B531333-06B6-474D-A080-ED7AAB365216","InspectionNumber":"E-000-1647101","InspectionDate":"2021-12-13","InspectionType":{"Id":"33034816-D00A-49F6-8AA5-55D54FDE8907","Name":"Hoja de Inspeccion - check out"},"Amount":0.00,"ApprovedAmount":0.00,"DiscountAmount":0.00000,"TaxAmount":0.00000,"FeesAmount":0.00000,"Employee":{"Id":"0C424B04-09C4-4FE9-8068-20B1B7429997","Name":"HERTZ MEX67","ExternalID":null},"Client":{"Id":"432387E8-90B7-413A-AB57-1379AED8B036","Name":"JESUS ERNEST MARTINEZ","Address":"...","Phone":null,"ExternalID":null},"Vehicle":{"VIN":"LSGHD52H4LD043572","Year":2020,"Make":"CHE","Model":"AVEOLT","PlateNo":"96-63-AVD","Vehicle":{"Color":null},"Mileage":66751,"PaintCode":null},"StockNo":"AU0904","RONo":"ADCL0935","IsCompleted":false,"PONo":null,"SalesPerson":{"Id":null},"Sales":{"PersonName":null},"Owner":{"Id":null,"Name":null,"Address":"...","Phone":null},"Location":{"Name":null},"ServiceRequest":{"Id":"E4A6E50D-2FF5-EB11-80FE-00155D9EC500","Number":"R-0007627476","LocalId":9453409},"Order":{"Id":null,"No":null},"Invoice":{"Id":null,"No":null},"Insurance":{"Id":null,"Name":null,"Address":null,"ContactInfo":""},"PolicyNumber":null,"ClaimNumber":null,"Deductible":null,"AccidentDate":null,"Inspection_Notes":"Contrato No \/ Rental Agreement: ADCL0935\r\nEconomico  \/ Stock: AU0904\r\nSeguro  \/ Coverage: \r\nCD. Que Renta \/ Rental Location: CUL51\r\nCD. Recibe \/ Return Location: CUL51\r\nKM Salida \/ Mileage: 66751\r\nGas Salida \/ Fuel Tank Level: F\r\nDatos de contacto \/ Contact info: ","EStatus":{"Id":5,"Name":"Draft"},"EStatusReason":{"Name":null},"CreateUTCTime":"2021-08-04T14:20:04.377","ModifyUTCTime":"2021-08-04T14:20:04.377","EstimationServices":null,"EstimationQuestions":null}
