{"EntityText":"#: E-000-2242191 Date: 12\/13\/2021 Stock: VV1423 RO: F3267829 PO:  (2021 VW VENTOCS MEX5M2607MT141222) Client: ROBERTO","UTCTimestamp":"2022-03-28T04:31:47.343","InspectionId":"0B769499-7FEA-451E-A1DE-BEEF07A867CE","InspectionNumber":"E-000-2242191","InspectionDate":"2021-12-13","InspectionType":{"Id":"33034816-D00A-49F6-8AA5-55D54FDE8907","Name":"Hoja de Inspeccion - check out"},"Amount":0.00,"ApprovedAmount":0.00,"DiscountAmount":0.00000,"TaxAmount":0.00000,"FeesAmount":0.00000,"Employee":{"Id":"22A20387-4CB9-4CA1-8011-0915B3DFC79B","Name":"HERTZ MEX53","ExternalID":null},"Client":{"Id":"48AF3481-29AE-40AE-9824-2D49D8FB837E","Name":"ROBERTO","Address":"NORTE 90","Phone":"5511331112","ExternalID":null},"Vehicle":{"VIN":"MEX5M2607MT141222","Year":2021,"Make":"VW","Model":"VENTOCS","PlateNo":"ENY-28-91","Vehicle":{"Color":null},"Mileage":5095,"PaintCode":null},"StockNo":"VV1423","RONo":"F3267829","IsCompleted":false,"PONo":null,"SalesPerson":{"Id":null},"Sales":{"PersonName":null},"Owner":{"Id":null,"Name":null,"Address":"...","Phone":null},"Location":{"Name":null},"ServiceRequest":{"Id":"6129726A-8D5C-EC11-8103-00155D9EC500","Number":"R-0007925123","LocalId":9960840},"Order":{"Id":null,"No":null},"Invoice":{"Id":null,"No":null},"Insurance":{"Id":null,"Name":null,"Address":null,"ContactInfo":""},"PolicyNumber":null,"ClaimNumber":null,"Deductible":null,"AccidentDate":null,"Inspection_Notes":"Contrato No \/ Rental Agreement: F3267829\r\nEconomico  \/ Stock: VV1423\r\nSeguro  \/ Coverage: LDW,B2B\r\nCD. Que Renta \/ Rental Location: MEX52\r\nCD. Recibe \/ Return Location: MEX52\r\nKM Salida \/ Mileage: 5095\r\nGas Salida \/ Fuel Tank Level: F\r\nDatos de contacto \/ Contact info: ","EStatus":{"Id":5,"Name":"Draft"},"EStatusReason":{"Name":null},"CreateUTCTime":"2021-12-14T03:25:05.873","ModifyUTCTime":"2021-12-14T03:25:05.873","EstimationServices":null,"EstimationQuestions":null}
