{"EntityText":"#: E-000-2241527 Date: 12\/13\/2021 Stock: B41148 RO: F3267593 PO:  (2021 CHE BEAT4P MA6CB5FDXMT006858) Client: EDGAR","UTCTimestamp":"2022-03-28T04:30:31.747","InspectionId":"0BA1475B-98DC-4B74-B7C0-64FAB95946BE","InspectionNumber":"E-000-2241527","InspectionDate":"2021-12-13","InspectionType":{"Id":"33034816-D00A-49F6-8AA5-55D54FDE8907","Name":"Hoja de Inspeccion - check out"},"Amount":0.00,"ApprovedAmount":0.00,"DiscountAmount":0.00000,"TaxAmount":0.00000,"FeesAmount":0.00000,"Employee":{"Id":"D967FA0D-AB21-43BD-A8C5-51F8815621D7","Name":"HERTZ HUA50","ExternalID":null},"Client":{"Id":"6F3C5E7A-3FA0-4D2A-B1EF-8327A99D38CD","Name":"EDGAR","Address":"PLAYA ICACOS","Phone":"4423468686","ExternalID":null},"Vehicle":{"VIN":"MA6CB5FDXMT006858","Year":2021,"Make":"CHE","Model":"BEAT4P","PlateNo":"DAC-34-30","Vehicle":{"Color":null},"Mileage":30953,"PaintCode":null},"StockNo":"B41148","RONo":"F3267593","IsCompleted":false,"PONo":null,"SalesPerson":{"Id":null},"Sales":{"PersonName":null},"Owner":{"Id":null,"Name":null,"Address":"...","Phone":null},"Location":{"Name":null},"ServiceRequest":{"Id":"FA105D85-715C-EC11-8103-00155D9EC500","Number":"R-0007924791","LocalId":9960373},"Order":{"Id":null,"No":null},"Invoice":{"Id":null,"No":null},"Insurance":{"Id":null,"Name":null,"Address":null,"ContactInfo":""},"PolicyNumber":null,"ClaimNumber":null,"Deductible":null,"AccidentDate":null,"Inspection_Notes":"Contrato No \/ Rental Agreement: F3267593\r\nEconomico  \/ Stock: B41148\r\nSeguro  \/ Coverage: CDW-2\r\nCD. Que Renta \/ Rental Location: HUA50\r\nCD. Recibe \/ Return Location: HUA50\r\nKM Salida \/ Mileage: 30953\r\nGas Salida \/ Fuel Tank Level: F\r\nDatos de contacto \/ Contact info: MARINA RESORT","EStatus":{"Id":5,"Name":"Draft"},"EStatusReason":{"Name":null},"CreateUTCTime":"2021-12-14T00:05:19.017","ModifyUTCTime":"2021-12-14T00:05:19.017","EstimationServices":null,"EstimationQuestions":null}
