{"EntityText":"#: E-000-2239495 Date: 12\/13\/2021 Stock: VV0994 RO: F3266904 PO:  (2020 VW VENTO MEX512606LT037263) Client: MARIA JIMENA","UTCTimestamp":"2022-03-28T04:26:09.920","InspectionId":"0BB797D8-1DB9-4CDD-BFBA-76086C4B13C6","InspectionNumber":"E-000-2239495","InspectionDate":"2021-12-13","InspectionType":{"Id":"33034816-D00A-49F6-8AA5-55D54FDE8907","Name":"Hoja de Inspeccion - check out"},"Amount":0.00,"ApprovedAmount":0.00,"DiscountAmount":0.00000,"TaxAmount":0.00000,"FeesAmount":0.00000,"Employee":{"Id":"D43C5968-7DBA-4003-A590-1957E72842E4","Name":"HERTZ PDC61","ExternalID":null},"Client":{"Id":"3A0B5B2A-8378-4C6C-9B6F-5A1EA19ED1C1","Name":"MARIA JIMENA","Address":"CONDO AZUL 210","Phone":"9842384849","ExternalID":null},"Vehicle":{"VIN":"MEX512606LT037263","Year":2020,"Make":"VW","Model":"VENTO","PlateNo":"YZE-643-C","Vehicle":{"Color":null},"Mileage":54966,"PaintCode":null},"StockNo":"VV0994","RONo":"F3266904","IsCompleted":false,"PONo":null,"SalesPerson":{"Id":null},"Sales":{"PersonName":null},"Owner":{"Id":null,"Name":null,"Address":"...","Phone":null},"Location":{"Name":null},"ServiceRequest":{"Id":"006F8466-465C-EC11-8103-00155D9EC500","Number":"R-0007923775","LocalId":9958676},"Order":{"Id":null,"No":null},"Invoice":{"Id":null,"No":null},"Insurance":{"Id":null,"Name":null,"Address":null,"ContactInfo":""},"PolicyNumber":null,"ClaimNumber":null,"Deductible":null,"AccidentDate":null,"Inspection_Notes":"Contrato No \/ Rental Agreement: F3266904\r\nEconomico  \/ Stock: VV0994\r\nSeguro  \/ Coverage: LDW,B2B\r\nCD. Que Renta \/ Rental Location: PDC76\r\nCD. Recibe \/ Return Location: PDC76\r\nKM Salida \/ Mileage: 54966\r\nGas Salida \/ Fuel Tank Level: 1\/2\r\nDatos de contacto \/ Contact info: LOCAL PDC","EStatus":{"Id":5,"Name":"Draft"},"EStatusReason":{"Name":null},"CreateUTCTime":"2021-12-13T18:56:41.890","ModifyUTCTime":"2021-12-13T18:56:41.890","EstimationServices":null,"EstimationQuestions":null}
