{"EntityText":"#: E-000-2239042 Date: 12\/13\/2021 Stock: VV1226 RO: F3266764 PO:  (2021 VW VENTO MEX5A2603MT118416) Client: JORGEEDUARD","UTCTimestamp":"2022-03-28T04:24:53.330","InspectionId":"0BD33070-AE8B-43DF-A0E3-B8C336451D1D","InspectionNumber":"E-000-2239042","InspectionDate":"2021-12-13","InspectionType":{"Id":"04A19838-AEEC-4B12-BC41-77C52A166A0E","Name":"Hoja de Inspecci�n - check in"},"Amount":0.00,"ApprovedAmount":0.00,"DiscountAmount":0.00000,"TaxAmount":0.00000,"FeesAmount":0.00000,"Employee":{"Id":"D8DE4A66-C3A6-4885-950A-1A40CBBC229C","Name":"HERTZ R52M10TCWQR","ExternalID":null},"Client":{"Id":"3B3BBB34-2801-424D-8949-406892F9EBD9","Name":"JORGEEDUARD","Address":"FRACC CONDESA","Phone":"527444307601","ExternalID":null},"Vehicle":{"VIN":"MEX5A2603MT118416","Year":2021,"Make":"VW","Model":"VENTO","PlateNo":"YYK-530-D","Vehicle":{"Color":null},"Mileage":24342,"PaintCode":null},"StockNo":"VV1226","RONo":"F3266764","IsCompleted":false,"PONo":null,"SalesPerson":{"Id":null},"Sales":{"PersonName":null},"Owner":{"Id":null,"Name":null,"Address":"...","Phone":null},"Location":{"Name":null},"ServiceRequest":{"Id":"B1D1BC1F-3D5C-EC11-8103-00155D9EC500","Number":"R-0007923548","LocalId":9958372},"Order":{"Id":null,"No":null},"Invoice":{"Id":null,"No":null},"Insurance":{"Id":null,"Name":null,"Address":null,"ContactInfo":""},"PolicyNumber":null,"ClaimNumber":null,"Deductible":null,"AccidentDate":null,"Inspection_Notes":"Contrato No \/ Rental Agreement: F3266764\r\nEconomico  \/ Stock: VV1226\r\nSeguro  \/ Coverage: CDW PACK.,RS ASSIST.,HOMEKEY AR\r\nCD. Que Renta \/ Rental Location: MER50\r\nCD. Recibe \/ Return Location: MER50\r\nKM Salida \/ Mileage: 24342\r\nGas Salida \/ Fuel Tank Level: F\r\nDatos de contacto \/ Contact info: HAYAT","EStatus":{"Id":2,"Name":"Archived"},"EStatusReason":{"Name":"Car Changed"},"CreateUTCTime":"2021-12-13T17:50:20.890","ModifyUTCTime":"2021-12-13T18:05:07.283","EstimationServices":null,"EstimationQuestions":null}
