{"EntityText":"#: E-000-2241361 Date: 12\/13\/2021 Stock: RK2007 RO: F3267545 PO:  (2022 RENAULT KWID ICO 93Y1R3D58NJ029409) Client: ISRAEL","UTCTimestamp":"2022-03-28T04:29:53.097","InspectionId":"0BDEF363-33D8-45AD-9898-F82406DA710C","InspectionNumber":"E-000-2241361","InspectionDate":"2021-12-13","InspectionType":{"Id":"33034816-D00A-49F6-8AA5-55D54FDE8907","Name":"Hoja de Inspeccion - check out"},"Amount":0.00,"ApprovedAmount":0.00,"DiscountAmount":0.00000,"TaxAmount":0.00000,"FeesAmount":0.00000,"Employee":{"Id":"22A20387-4CB9-4CA1-8011-0915B3DFC79B","Name":"HERTZ MEX53","ExternalID":null},"Client":{"Id":"4D9D1F43-44F5-4A9F-8D94-0B5F1D6F2CA1","Name":"ISRAEL","Address":"ROSARIO CASTELLANOS MZA 6 LT44","Phone":"5539943220","ExternalID":null},"Vehicle":{"VIN":"93Y1R3D58NJ029409","Year":2022,"Make":"RENAULT","Model":"KWID ICO","PlateNo":"DAD-41-47","Vehicle":{"Color":null},"Mileage":737,"PaintCode":null},"StockNo":"RK2007","RONo":"F3267545","IsCompleted":false,"PONo":null,"SalesPerson":{"Id":null},"Sales":{"PersonName":null},"Owner":{"Id":null,"Name":null,"Address":"...","Phone":null},"Location":{"Name":null},"ServiceRequest":{"Id":"8BB24199-6C5C-EC11-8103-00155D9EC500","Number":"R-0007924708","LocalId":9960200},"Order":{"Id":null,"No":null},"Invoice":{"Id":null,"No":null},"Insurance":{"Id":null,"Name":null,"Address":null,"ContactInfo":""},"PolicyNumber":null,"ClaimNumber":null,"Deductible":null,"AccidentDate":null,"Inspection_Notes":"Contrato No \/ Rental Agreement: F3267545\r\nEconomico  \/ Stock: RK2007\r\nSeguro  \/ Coverage: LDW,PAI,TP,B2B\r\nCD. Que Renta \/ Rental Location: MEX53\r\nCD. Recibe \/ Return Location: MEX50\r\nKM Salida \/ Mileage: 737\r\nGas Salida \/ Fuel Tank Level: 7\/8\r\nDatos de contacto \/ Contact info: ","EStatus":{"Id":5,"Name":"Draft"},"EStatusReason":{"Name":null},"CreateUTCTime":"2021-12-13T23:30:13.750","ModifyUTCTime":"2021-12-13T23:30:13.750","EstimationServices":null,"EstimationQuestions":null}
