{"EntityText":"#: E-000-2231925 Date: 12\/13\/2021 Stock: AA2112 RO: MXI11065 PO:  (2022 DDG ATTITUDA ML3ABT6J4NH001633) Client: JAIRA ORTIZ","UTCTimestamp":"2022-03-28T04:20:51.597","InspectionId":"0C1310E6-0970-4903-B3EF-52B978F56CDB","InspectionNumber":"E-000-2231925","InspectionDate":"2021-12-13","InspectionType":{"Id":"33034816-D00A-49F6-8AA5-55D54FDE8907","Name":"Hoja de Inspeccion - check out"},"Amount":0.00,"ApprovedAmount":0.00,"DiscountAmount":0.00000,"TaxAmount":0.00000,"FeesAmount":0.00000,"Employee":{"Id":"A3FA764F-59C5-4A11-BDC2-8F157B708CCB","Name":"HERTZ MXI50","ExternalID":null},"Client":{"Id":"DF475322-0B0E-4EA8-9328-BC39022BAE56","Name":"JAIRA ORTIZ","Address":"...","Phone":null,"ExternalID":null},"Vehicle":{"VIN":"ML3ABT6J4NH001633","Year":2022,"Make":"DDG","Model":"ATTITUDA","PlateNo":"DAD-56-73","Vehicle":{"Color":null},"Mileage":914,"PaintCode":null},"StockNo":"AA2112","RONo":"MXI11065","IsCompleted":false,"PONo":null,"SalesPerson":{"Id":null},"Sales":{"PersonName":null},"Owner":{"Id":null,"Name":null,"Address":"...","Phone":null},"Location":{"Name":null},"ServiceRequest":{"Id":"FA1A4185-D05A-EC11-8103-00155D9EC500","Number":"R-0007919989","LocalId":9953401},"Order":{"Id":null,"No":null},"Invoice":{"Id":null,"No":null},"Insurance":{"Id":null,"Name":null,"Address":null,"ContactInfo":""},"PolicyNumber":null,"ClaimNumber":null,"Deductible":null,"AccidentDate":null,"Inspection_Notes":"Contrato No \/ Rental Agreement: MXI11065\r\nEconomico  \/ Stock: AA2112\r\nSeguro  \/ Coverage: \r\nCD. Que Renta \/ Rental Location: MXI50\r\nCD. Recibe \/ Return Location: MXI90\r\nKM Salida \/ Mileage: 914\r\nGas Salida \/ Fuel Tank Level: 1\/2\r\nDatos de contacto \/ Contact info: ","EStatus":{"Id":5,"Name":"Draft"},"EStatusReason":{"Name":null},"CreateUTCTime":"2021-12-11T22:20:25.023","ModifyUTCTime":"2021-12-11T22:20:25.023","EstimationServices":null,"EstimationQuestions":null}
