{"EntityText":"#: E-000-1639279 Date: 12\/13\/2021 Stock: VS1207 RO: F3059217 PO:  (2021 VW VIRTUS 9BWDL5BZ4MP019834) Client: ALAN SUMMERS","UTCTimestamp":"2022-03-28T04:19:39.813","InspectionId":"0C443737-7451-4522-88E6-8B8CAB5D82FE","InspectionNumber":"E-000-1639279","InspectionDate":"2021-12-13","InspectionType":{"Id":"33034816-D00A-49F6-8AA5-55D54FDE8907","Name":"Hoja de Inspeccion - check out"},"Amount":0.00,"ApprovedAmount":0.00,"DiscountAmount":0.00000,"TaxAmount":0.00000,"FeesAmount":0.00000,"Employee":{"Id":"36D5A659-96CA-4FFC-8E9F-6A4418AB3FA3","Name":"HERTZ MEX51","ExternalID":null},"Client":{"Id":"E96C88DF-2F55-4DC0-B89D-3B4D7B209357","Name":"ALAN SUMMERS","Address":"11905 COLUMBUS PKWY","Phone":"502-930-1045","ExternalID":null},"Vehicle":{"VIN":"9BWDL5BZ4MP019834","Year":2021,"Make":"VW","Model":"VIRTUS","PlateNo":"YWM-359-D","Vehicle":{"Color":null},"Mileage":21527,"PaintCode":null},"StockNo":"VS1207","RONo":"F3059217","IsCompleted":false,"PONo":null,"SalesPerson":{"Id":null},"Sales":{"PersonName":null},"Owner":{"Id":null,"Name":null,"Address":"...","Phone":null},"Location":{"Name":null},"ServiceRequest":{"Id":"BF20A79A-B6F3-EB11-80FE-00155D9EC500","Number":"R-0007623558","LocalId":9445973},"Order":{"Id":null,"No":null},"Invoice":{"Id":null,"No":null},"Insurance":{"Id":null,"Name":null,"Address":null,"ContactInfo":""},"PolicyNumber":null,"ClaimNumber":null,"Deductible":null,"AccidentDate":null,"Inspection_Notes":"Contrato No \/ Rental Agreement: F3059217\r\nEconomico  \/ Stock: VS1207\r\nSeguro  \/ Coverage: CDW\r\nCD. Que Renta \/ Rental Location: QUE51\r\nCD. Recibe \/ Return Location: QUE51\r\nKM Salida \/ Mileage: 21527\r\nGas Salida \/ Fuel Tank Level: 5\/8\r\nDatos de contacto \/ Contact info: HOLIDAY INN CRISTAL","EStatus":{"Id":5,"Name":"Draft"},"EStatusReason":{"Name":null},"CreateUTCTime":"2021-08-02T17:25:27.180","ModifyUTCTime":"2021-08-02T17:25:27.180","EstimationServices":null,"EstimationQuestions":null}
