{"EntityText":"#: E-000-2237792 Date: 12\/13\/2021 Stock: AU0910 RO: F3266305 PO:  (2020 CHE AVEOLT LSGHD52HXLD018417) Client: ABBAS","UTCTimestamp":"2022-03-28T04:22:10.483","InspectionId":"0C68B7DE-A497-4699-9165-E4693FAFD4FE","InspectionNumber":"E-000-2237792","InspectionDate":"2021-12-13","InspectionType":{"Id":"04A19838-AEEC-4B12-BC41-77C52A166A0E","Name":"Hoja de Inspecci�n - check in"},"Amount":0.00,"ApprovedAmount":0.00,"DiscountAmount":0.00000,"TaxAmount":0.00000,"FeesAmount":0.00000,"Employee":{"Id":"D9181D69-A72F-4ED3-B334-455E1E58A55F","Name":"HERTZ F4KJL61QF193","ExternalID":null},"Client":{"Id":"88A4BE8B-5215-4E2D-BA8A-C52AF08CABE8","Name":"ABBAS","Address":"KENMORE AVE","Phone":"8042176412","ExternalID":null},"Vehicle":{"VIN":"LSGHD52HXLD018417","Year":2020,"Make":"CHE","Model":"AVEOLT","PlateNo":"YZA-423-C","Vehicle":{"Color":null},"Mileage":58771,"PaintCode":null},"StockNo":"AU0910","RONo":"F3266305","IsCompleted":false,"PONo":null,"SalesPerson":{"Id":null},"Sales":{"PersonName":null},"Owner":{"Id":null,"Name":null,"Address":"...","Phone":null},"Location":{"Name":null},"ServiceRequest":{"Id":"962E9366-255C-EC11-8103-00155D9EC500","Number":"R-0007922923","LocalId":9957466},"Order":{"Id":null,"No":null},"Invoice":{"Id":null,"No":null},"Insurance":{"Id":null,"Name":null,"Address":null,"ContactInfo":""},"PolicyNumber":null,"ClaimNumber":null,"Deductible":null,"AccidentDate":null,"Inspection_Notes":"Contrato No \/ Rental Agreement: F3266305\r\nEconomico  \/ Stock: AU0910\r\nSeguro  \/ Coverage: ALI,PAI,LOST USE,RS ASSIST.\r\nCD. Que Renta \/ Rental Location: CAN50\r\nCD. Recibe \/ Return Location: CAN50\r\nKM Salida \/ Mileage: 58771\r\nGas Salida \/ Fuel Tank Level: F\r\nDatos de contacto \/ Contact info: INTERCONTINENTAL HTL","EStatus":{"Id":5,"Name":"Draft"},"EStatusReason":{"Name":null},"CreateUTCTime":"2021-12-13T15:00:25.623","ModifyUTCTime":"2021-12-13T15:00:25.623","EstimationServices":null,"EstimationQuestions":null}
