{"EntityText":"#: E-000-1924789 Date: 12\/13\/2021 Stock: CX1099 RO: TJ001220 PO:  (2021 CHE ONIX 3G1MA5E24ML118429) Client: ARTURO HERNANDEZ GARCIA","UTCTimestamp":"2022-03-28T04:19:43.870","InspectionId":"0C726B72-6687-43D5-9FBD-8EE429A7297D","InspectionNumber":"E-000-1924789","InspectionDate":"2021-12-13","InspectionType":{"Id":"33034816-D00A-49F6-8AA5-55D54FDE8907","Name":"Hoja de Inspeccion - check out"},"Amount":0.00,"ApprovedAmount":0.00,"DiscountAmount":0.00000,"TaxAmount":0.00000,"FeesAmount":0.00000,"Employee":{"Id":"A3FA764F-59C5-4A11-BDC2-8F157B708CCB","Name":"HERTZ MXI50","ExternalID":null},"Client":{"Id":"E203D458-762C-4659-9C1D-845B37362EC3","Name":"ARTURO HERNANDEZ GARCIA","Address":"MATAMOROS","Phone":"6646702753","ExternalID":null},"Vehicle":{"VIN":"3G1MA5E24ML118429","Year":2021,"Make":"CHE","Model":"ONIX","PlateNo":"11-17-AVE","Vehicle":{"Color":null},"Mileage":24913,"PaintCode":null},"StockNo":"CX1099","RONo":"TJ001220","IsCompleted":false,"PONo":null,"SalesPerson":{"Id":null},"Sales":{"PersonName":null},"Owner":{"Id":null,"Name":null,"Address":"...","Phone":null},"Location":{"Name":null},"ServiceRequest":{"Id":"14CC1F1B-F127-EC11-80FE-00155D9EC500","Number":"R-0007766401","LocalId":9695441},"Order":{"Id":null,"No":null},"Invoice":{"Id":null,"No":null},"Insurance":{"Id":null,"Name":null,"Address":null,"ContactInfo":""},"PolicyNumber":null,"ClaimNumber":null,"Deductible":null,"AccidentDate":null,"Inspection_Notes":"Contrato No \/ Rental Agreement: TJ001220\r\nEconomico  \/ Stock: CX1099\r\nSeguro  \/ Coverage: \r\nCD. Que Renta \/ Rental Location: TIJ51\r\nCD. Recibe \/ Return Location: TIJ51\r\nKM Salida \/ Mileage: 24913\r\nGas Salida \/ Fuel Tank Level: 3\/8\r\nDatos de contacto \/ Contact info: ","EStatus":{"Id":5,"Name":"Draft"},"EStatusReason":{"Name":null},"CreateUTCTime":"2021-10-08T04:35:05.700","ModifyUTCTime":"2021-10-08T04:35:05.700","EstimationServices":null,"EstimationQuestions":null}
