{"EntityText":"#: E-000-2237402 Date: 12\/13\/2021 Stock: AU1114 RO: F3266172 PO:  (2021 CHE AVEOLS LSGHD52H6MD097635) Client: ABOLGHASSEM J","UTCTimestamp":"2022-03-28T04:21:30.170","InspectionId":"0C9D1A88-6DAE-4694-9DF4-56264E0BE335","InspectionNumber":"E-000-2237402","InspectionDate":"2021-12-13","InspectionType":{"Id":"04A19838-AEEC-4B12-BC41-77C52A166A0E","Name":"Hoja de Inspecci�n - check in"},"Amount":0.00,"ApprovedAmount":0.00,"DiscountAmount":0.00000,"TaxAmount":0.00000,"FeesAmount":0.00000,"Employee":{"Id":"4C1D4F7F-6DC2-4CCB-B1C9-068DC167B80B","Name":"HERTZ GDL50","ExternalID":null},"Client":{"Id":"CF3F48BE-C648-4791-9E35-BE849465673F","Name":"ABOLGHASSEM J","Address":"PO BX","Phone":"6642346103","ExternalID":null},"Vehicle":{"VIN":"LSGHD52H6MD097635","Year":2021,"Make":"CHE","Model":"AVEOLS","PlateNo":"DAC-35-25","Vehicle":{"Color":null},"Mileage":32950,"PaintCode":null},"StockNo":"AU1114","RONo":"F3266172","IsCompleted":false,"PONo":null,"SalesPerson":{"Id":null},"Sales":{"PersonName":null},"Owner":{"Id":null,"Name":null,"Address":"...","Phone":null},"Location":{"Name":null},"ServiceRequest":{"Id":"E8BCBDC7-185C-EC11-8103-00155D9EC500","Number":"R-0007922728","LocalId":9957156},"Order":{"Id":null,"No":null},"Invoice":{"Id":null,"No":null},"Insurance":{"Id":null,"Name":null,"Address":null,"ContactInfo":""},"PolicyNumber":null,"ClaimNumber":null,"Deductible":null,"AccidentDate":null,"Inspection_Notes":"Contrato No \/ Rental Agreement: F3266172\r\nEconomico  \/ Stock: AU1114\r\nSeguro  \/ Coverage: CDW-2\r\nCD. Que Renta \/ Rental Location: GDL50\r\nCD. Recibe \/ Return Location: GDL50\r\nKM Salida \/ Mileage: 32950\r\nGas Salida \/ Fuel Tank Level: 3\/8\r\nDatos de contacto \/ Contact info: ","EStatus":{"Id":5,"Name":"Draft"},"EStatusReason":{"Name":null},"CreateUTCTime":"2021-12-13T13:30:08.997","ModifyUTCTime":"2021-12-13T13:30:08.997","EstimationServices":null,"EstimationQuestions":null}
