{"EntityText":"#: E-000-2240946 Date: 12\/13\/2021 Stock: AU1324 RO: F3267403 PO:  (2021 CHE AVEOLS LSGHD52H5MD099635) Client: SERGIO","UTCTimestamp":"2022-03-28T04:29:14.223","InspectionId":"0CA8481C-D300-43A8-823B-00411CDBBDD2","InspectionNumber":"E-000-2240946","InspectionDate":"2021-12-13","InspectionType":{"Id":"04A19838-AEEC-4B12-BC41-77C52A166A0E","Name":"Hoja de Inspecci�n - check in"},"Amount":0.00,"ApprovedAmount":0.00,"DiscountAmount":0.00000,"TaxAmount":0.00000,"FeesAmount":0.00000,"Employee":{"Id":"22A535E0-558A-444E-BDE6-A5EFA9C691AE","Name":"HERTZ MTY63","ExternalID":null},"Client":{"Id":"6E16A4DE-0988-46CD-BA3B-86A8B5A4FFB3","Name":"SERGIO","Address":"ARQUITECTURA","Phone":"4422799725","ExternalID":null},"Vehicle":{"VIN":"LSGHD52H5MD099635","Year":2021,"Make":"CHE","Model":"AVEOLS","PlateNo":"YXU-712-D","Vehicle":{"Color":null},"Mileage":24436,"PaintCode":null},"StockNo":"AU1324","RONo":"F3267403","IsCompleted":false,"PONo":null,"SalesPerson":{"Id":null},"Sales":{"PersonName":null},"Owner":{"Id":null,"Name":null,"Address":"...","Phone":null},"Location":{"Name":null},"ServiceRequest":{"Id":"2024E431-625C-EC11-8103-00155D9EC500","Number":"R-0007924500","LocalId":9959859},"Order":{"Id":null,"No":null},"Invoice":{"Id":null,"No":null},"Insurance":{"Id":null,"Name":null,"Address":null,"ContactInfo":""},"PolicyNumber":null,"ClaimNumber":null,"Deductible":null,"AccidentDate":null,"Inspection_Notes":"Contrato No \/ Rental Agreement: F3267403\r\nEconomico  \/ Stock: AU1324\r\nSeguro  \/ Coverage: LDWPACK US,RS ASSIST.\r\nCD. Que Renta \/ Rental Location: MTY63\r\nCD. Recibe \/ Return Location: MTY63\r\nKM Salida \/ Mileage: 24436\r\nGas Salida \/ Fuel Tank Level: F\r\nDatos de contacto \/ Contact info: DOM PARTICULAR","EStatus":{"Id":5,"Name":"Draft"},"EStatusReason":{"Name":null},"CreateUTCTime":"2021-12-13T22:15:40.067","ModifyUTCTime":"2021-12-13T22:15:40.067","EstimationServices":null,"EstimationQuestions":null}
