{"EntityText":"#: E-000-2240000 Date: 12\/13\/2021 Stock: CX1051 RO: F3267079 PO:  (2021 CHE ONIX 3G1MA5E21ML112930) Client: WILSON DE JESUS","UTCTimestamp":"2022-03-28T04:27:26.117","InspectionId":"0CBEA2FD-D91A-491D-BB51-2A1333EDD2F6","InspectionNumber":"E-000-2240000","InspectionDate":"2021-12-13","InspectionType":{"Id":"04A19838-AEEC-4B12-BC41-77C52A166A0E","Name":"Hoja de Inspecci�n - check in"},"Amount":0.00,"ApprovedAmount":0.00,"DiscountAmount":0.00000,"TaxAmount":0.00000,"FeesAmount":0.00000,"Employee":{"Id":"22A20387-4CB9-4CA1-8011-0915B3DFC79B","Name":"HERTZ MEX53","ExternalID":null},"Client":{"Id":"D0EE8D24-2145-48FD-BD76-49810ECFEB90","Name":"WILSON DE JESUS","Address":"CARRERA 21 9 A 28","Phone":"3108251596","ExternalID":null},"Vehicle":{"VIN":"3G1MA5E21ML112930","Year":2021,"Make":"CHE","Model":"ONIX","PlateNo":"YYX-990-D","Vehicle":{"Color":null},"Mileage":32481,"PaintCode":null},"StockNo":"CX1051","RONo":"F3267079","IsCompleted":false,"PONo":null,"SalesPerson":{"Id":null},"Sales":{"PersonName":null},"Owner":{"Id":null,"Name":null,"Address":"...","Phone":null},"Location":{"Name":null},"ServiceRequest":{"Id":"05A3D64F-4F5C-EC11-8103-00155D9EC500","Number":"R-0007924027","LocalId":9959180},"Order":{"Id":null,"No":null},"Invoice":{"Id":null,"No":null},"Insurance":{"Id":null,"Name":null,"Address":null,"ContactInfo":""},"PolicyNumber":null,"ClaimNumber":null,"Deductible":null,"AccidentDate":null,"Inspection_Notes":"Contrato No \/ Rental Agreement: F3267079\r\nEconomico  \/ Stock: CX1051\r\nSeguro  \/ Coverage: CDW,PAI,RS ASSIST.\r\nCD. Que Renta \/ Rental Location: MEX53\r\nCD. Recibe \/ Return Location: MEX53\r\nKM Salida \/ Mileage: 32481\r\nGas Salida \/ Fuel Tank Level: F\r\nDatos de contacto \/ Contact info: ","EStatus":{"Id":5,"Name":"Draft"},"EStatusReason":{"Name":null},"CreateUTCTime":"2021-12-13T20:00:29.920","ModifyUTCTime":"2021-12-13T20:00:29.920","EstimationServices":null,"EstimationQuestions":null}
