{"EntityText":"#: E-000-2239612 Date: 12\/13\/2021 Stock: AU0845 RO: F3266942 PO:  (2020 CHE AVEOLT LSGHD52H9LD045107) Client: EDGAR","UTCTimestamp":"2022-03-28T04:26:09.920","InspectionId":"0CE08D10-E10A-4521-88B7-AD88440DC501","InspectionNumber":"E-000-2239612","InspectionDate":"2021-12-13","InspectionType":{"Id":"04A19838-AEEC-4B12-BC41-77C52A166A0E","Name":"Hoja de Inspecci�n - check in"},"Amount":0.00,"ApprovedAmount":0.00,"DiscountAmount":0.00000,"TaxAmount":0.00000,"FeesAmount":0.00000,"Employee":{"Id":"D9181D69-A72F-4ED3-B334-455E1E58A55F","Name":"HERTZ F4KJL61QF193","ExternalID":null},"Client":{"Id":"94805674-4D21-4607-868B-5C76EFCD8435","Name":"EDGAR","Address":"MOUNTAIN","Phone":"5528658441","ExternalID":null},"Vehicle":{"VIN":"LSGHD52H9LD045107","Year":2020,"Make":"CHE","Model":"AVEOLT","PlateNo":"YZA-371-C","Vehicle":{"Color":null},"Mileage":70670,"PaintCode":null},"StockNo":"AU0845","RONo":"F3266942","IsCompleted":false,"PONo":null,"SalesPerson":{"Id":null},"Sales":{"PersonName":null},"Owner":{"Id":null,"Name":null,"Address":"...","Phone":null},"Location":{"Name":null},"ServiceRequest":{"Id":"A64E5C95-485C-EC11-8103-00155D9EC500","Number":"R-0007923833","LocalId":9958754},"Order":{"Id":null,"No":null},"Invoice":{"Id":null,"No":null},"Insurance":{"Id":null,"Name":null,"Address":null,"ContactInfo":""},"PolicyNumber":null,"ClaimNumber":null,"Deductible":null,"AccidentDate":null,"Inspection_Notes":"Contrato No \/ Rental Agreement: F3266942\r\nEconomico  \/ Stock: AU0845\r\nSeguro  \/ Coverage: LDW,B2B\r\nCD. Que Renta \/ Rental Location: TCAN52\r\nCD. Recibe \/ Return Location: TCAN52\r\nKM Salida \/ Mileage: 70670\r\nGas Salida \/ Fuel Tank Level: F\r\nDatos de contacto \/ Contact info: CASA PROPIA EN PLAYA","EStatus":{"Id":2,"Name":"Archived"},"EStatusReason":{"Name":"Car Changed"},"CreateUTCTime":"2021-12-13T19:12:23.473","ModifyUTCTime":"2021-12-13T19:50:08.427","EstimationServices":null,"EstimationQuestions":null}
