{"EntityText":"#: E-000-2241793 Date: 12\/13\/2021 Stock: B40702 RO: F3267693 PO:  (2020 CHE BEAT4P MA6CB5CD0LT026992) Client: CARLOS ALFONSO RAMIREZ CRUZ","UTCTimestamp":"2022-03-28T04:31:09.373","InspectionId":"0CF34600-57E2-4682-B482-F09A49BB9342","InspectionNumber":"E-000-2241793","InspectionDate":"2021-12-13","InspectionType":{"Id":"33034816-D00A-49F6-8AA5-55D54FDE8907","Name":"Hoja de Inspeccion - check out"},"Amount":0.00,"ApprovedAmount":0.00,"DiscountAmount":0.00000,"TaxAmount":0.00000,"FeesAmount":0.00000,"Employee":{"Id":"D8DE4A66-C3A6-4885-950A-1A40CBBC229C","Name":"HERTZ R52M10TCWQR","ExternalID":null},"Client":{"Id":"631A197D-C638-4B64-B7FB-92053E13B034","Name":"CARLOS ALFONSO RAMIREZ CRUZ","Address":"C LOS SABINOS 12","Phone":"9611779409","ExternalID":null},"Vehicle":{"VIN":"MA6CB5CD0LT026992","Year":2020,"Make":"CHE","Model":"BEAT4P","PlateNo":"ZCU-170-C","Vehicle":{"Color":null},"Mileage":77390,"PaintCode":null},"StockNo":"B40702","RONo":"F3267693","IsCompleted":false,"PONo":null,"SalesPerson":{"Id":null},"Sales":{"PersonName":null},"Owner":{"Id":null,"Name":null,"Address":"...","Phone":null},"Location":{"Name":null},"ServiceRequest":{"Id":"D320E897-7A5C-EC11-8103-00155D9EC500","Number":"R-0007924924","LocalId":9960574},"Order":{"Id":null,"No":null},"Invoice":{"Id":null,"No":null},"Insurance":{"Id":null,"Name":null,"Address":null,"ContactInfo":""},"PolicyNumber":null,"ClaimNumber":null,"Deductible":null,"AccidentDate":null,"Inspection_Notes":"Contrato No \/ Rental Agreement: F3267693\r\nEconomico  \/ Stock: B40702\r\nSeguro  \/ Coverage: LDW\r\nCD. Que Renta \/ Rental Location: TMID51\r\nCD. Recibe \/ Return Location: TMID51\r\nKM Salida \/ Mileage: 77390\r\nGas Salida \/ Fuel Tank Level: F\r\nDatos de contacto \/ Contact info: GAMMA CASTELLANO","EStatus":{"Id":5,"Name":"Draft"},"EStatusReason":{"Name":null},"CreateUTCTime":"2021-12-14T01:10:18.160","ModifyUTCTime":"2021-12-14T01:10:18.160","EstimationServices":null,"EstimationQuestions":null}
