{"EntityText":"#: E-000-2242340 Date: 12\/13\/2021 Stock: B41012 RO: MTY97281 PO:  (2021 CHE BEAT4P MA6CB5FD9MT011484) Client: DAVID JUNES CERVANTES","UTCTimestamp":"2022-03-28T04:32:19.930","InspectionId":"0CF509BD-2623-41C2-9BAF-04AB8B6097CE","InspectionNumber":"E-000-2242340","InspectionDate":"2021-12-13","InspectionType":{"Id":"04A19838-AEEC-4B12-BC41-77C52A166A0E","Name":"Hoja de Inspecci�n - check in"},"Amount":0.00,"ApprovedAmount":0.00,"DiscountAmount":0.00000,"TaxAmount":0.00000,"FeesAmount":0.00000,"Employee":{"Id":"58AD97DC-705C-4B70-9626-EC476DC4785D","Name":"HERTZ MTY53","ExternalID":null},"Client":{"Id":"5D4698A6-C7E1-4277-B7BF-DADD37A3E0D7","Name":"DAVID JUNES CERVANTES","Address":"...","Phone":null,"ExternalID":null},"Vehicle":{"VIN":"MA6CB5FD9MT011484","Year":2021,"Make":"CHE","Model":"BEAT4P","PlateNo":"EPA-70-52","Vehicle":{"Color":null},"Mileage":32264,"PaintCode":null},"StockNo":"B41012","RONo":"MTY97281","IsCompleted":false,"PONo":null,"SalesPerson":{"Id":null},"Sales":{"PersonName":null},"Owner":{"Id":null,"Name":null,"Address":"...","Phone":null},"Location":{"Name":null},"ServiceRequest":{"Id":"4AA94B9A-985C-EC11-8103-00155D9EC500","Number":"R-0007925197","LocalId":9960932},"Order":{"Id":null,"No":null},"Invoice":{"Id":null,"No":null},"Insurance":{"Id":null,"Name":null,"Address":null,"ContactInfo":""},"PolicyNumber":null,"ClaimNumber":null,"Deductible":null,"AccidentDate":null,"Inspection_Notes":"Contrato No \/ Rental Agreement: MTY97281\r\nEconomico  \/ Stock: B41012\r\nSeguro  \/ Coverage: \r\nCD. Que Renta \/ Rental Location: MTY50\r\nCD. Recibe \/ Return Location: MTY53\r\nKM Salida \/ Mileage: 32264\r\nGas Salida \/ Fuel Tank Level: F\r\nDatos de contacto \/ Contact info: ","EStatus":{"Id":5,"Name":"Draft"},"EStatusReason":{"Name":null},"CreateUTCTime":"2021-12-14T04:45:12.210","ModifyUTCTime":"2021-12-14T04:45:12.210","EstimationServices":null,"EstimationQuestions":null}
