{"EntityText":"#: E-000-2240120 Date: 12\/13\/2021 Stock: NK1433 RO: F3267112 PO:  (2021 NSN KICKSADV 3N8CP5HEXML550986) Client: MARIA DEL PILAR","UTCTimestamp":"2022-03-28T04:27:26.117","InspectionId":"0CFEC155-711B-49EB-8D46-0419E03ECA65","InspectionNumber":"E-000-2240120","InspectionDate":"2021-12-13","InspectionType":{"Id":"04A19838-AEEC-4B12-BC41-77C52A166A0E","Name":"Hoja de Inspecci�n - check in"},"Amount":0.00,"ApprovedAmount":0.00,"DiscountAmount":0.00000,"TaxAmount":0.00000,"FeesAmount":0.00000,"Employee":{"Id":"D9181D69-A72F-4ED3-B334-455E1E58A55F","Name":"HERTZ F4KJL61QF193","ExternalID":null},"Client":{"Id":"10C3B999-287E-44CA-8B8A-95A7515A6A42","Name":"MARIA DEL PILAR","Address":"SW32ND","Phone":"13052156677","ExternalID":null},"Vehicle":{"VIN":"3N8CP5HEXML550986","Year":2021,"Make":"NSN","Model":"KICKSADV","PlateNo":"YZU-253-D","Vehicle":{"Color":null},"Mileage":1907,"PaintCode":null},"StockNo":"NK1433","RONo":"F3267112","IsCompleted":false,"PONo":null,"SalesPerson":{"Id":null},"Sales":{"PersonName":null},"Owner":{"Id":null,"Name":null,"Address":"...","Phone":null},"Location":{"Name":null},"ServiceRequest":{"Id":"69715B10-525C-EC11-8103-00155D9EC500","Number":"R-0007924087","LocalId":9959272},"Order":{"Id":null,"No":null},"Invoice":{"Id":null,"No":null},"Insurance":{"Id":null,"Name":null,"Address":null,"ContactInfo":""},"PolicyNumber":null,"ClaimNumber":null,"Deductible":null,"AccidentDate":null,"Inspection_Notes":"Contrato No \/ Rental Agreement: F3267112\r\nEconomico  \/ Stock: NK1433\r\nSeguro  \/ Coverage: LDW,B2B\r\nCD. Que Renta \/ Rental Location: TCAN52\r\nCD. Recibe \/ Return Location: TCAN52\r\nKM Salida \/ Mileage: 1907\r\nGas Salida \/ Fuel Tank Level: 5\/8\r\nDatos de contacto \/ Contact info: HILTON CANCUN","EStatus":{"Id":5,"Name":"Draft"},"EStatusReason":{"Name":null},"CreateUTCTime":"2021-12-13T20:20:11.220","ModifyUTCTime":"2021-12-13T20:20:11.220","EstimationServices":null,"EstimationQuestions":null}
