{"EntityText":"#: E-000-2047914 Date: 12\/13\/2021 Stock: VV1351 RO: NM669289 PO:  (2021 VW VENTOC MEX5J2609MT150450) Client: MONICA GARCIA","UTCTimestamp":"2022-03-28T04:19:43.870","InspectionId":"0D07304D-6295-4AF0-8B9E-E1C548A27852","InspectionNumber":"E-000-2047914","InspectionDate":"2021-12-13","InspectionType":{"Id":"04A19838-AEEC-4B12-BC41-77C52A166A0E","Name":"Hoja de Inspecci�n - check in"},"Amount":0.00,"ApprovedAmount":0.00,"DiscountAmount":0.00000,"TaxAmount":0.00000,"FeesAmount":0.00000,"Employee":{"Id":"36D5A659-96CA-4FFC-8E9F-6A4418AB3FA3","Name":"HERTZ MEX51","ExternalID":null},"Client":{"Id":"32482C8F-A9CE-4EA0-9831-906168507D1C","Name":"MONICA GARCIA","Address":"...","Phone":null,"ExternalID":null},"Vehicle":{"VIN":"MEX5J2609MT150450","Year":2021,"Make":"VW","Model":"VENTOC","PlateNo":"EPD-19-88","Vehicle":{"Color":null},"Mileage":3670,"PaintCode":null},"StockNo":"VV1351","RONo":"NM669289","IsCompleted":false,"PONo":null,"SalesPerson":{"Id":null},"Sales":{"PersonName":null},"Owner":{"Id":null,"Name":null,"Address":"...","Phone":null},"Location":{"Name":null},"ServiceRequest":{"Id":"573A253C-B83C-EC11-8103-00155D9EC500","Number":"R-0007827976","LocalId":9806522},"Order":{"Id":null,"No":null},"Invoice":{"Id":null,"No":null},"Insurance":{"Id":null,"Name":null,"Address":null,"ContactInfo":""},"PolicyNumber":null,"ClaimNumber":null,"Deductible":null,"AccidentDate":null,"Inspection_Notes":"Contrato No \/ Rental Agreement: NM669289\r\nEconomico  \/ Stock: VV1351\r\nSeguro  \/ Coverage: \r\nCD. Que Renta \/ Rental Location: MEX53\r\nCD. Recibe \/ Return Location: MEX51\r\nKM Salida \/ Mileage: 3670\r\nGas Salida \/ Fuel Tank Level: F\r\nDatos de contacto \/ Contact info: ","EStatus":{"Id":5,"Name":"Draft"},"EStatusReason":{"Name":null},"CreateUTCTime":"2021-11-03T15:10:57.673","ModifyUTCTime":"2021-11-03T15:10:57.673","EstimationServices":null,"EstimationQuestions":null}
