{"EntityText":"#: E-000-2213494 Date: 12\/13\/2021 Stock: NM0326 RO: FPDC7693 PO:  (2020 NSN MARCHABS 3N1CK3CD4LL212191) Client: JAVIER ALEJA","UTCTimestamp":"2022-03-28T04:20:00.600","InspectionId":"0D096A0E-BB2E-437C-BBA4-E2639F187E5F","InspectionNumber":"E-000-2213494","InspectionDate":"2021-12-13","InspectionType":{"Id":"04A19838-AEEC-4B12-BC41-77C52A166A0E","Name":"Hoja de Inspecci�n - check in"},"Amount":0.00,"ApprovedAmount":0.00,"DiscountAmount":0.00000,"TaxAmount":0.00000,"FeesAmount":0.00000,"Employee":{"Id":"D43C5968-7DBA-4003-A590-1957E72842E4","Name":"HERTZ PDC61","ExternalID":null},"Client":{"Id":"DD6DE80C-1243-481C-A7DB-26670F420803","Name":"JAVIER ALEJA","Address":"MARGARITAS","Phone":"9842336479","ExternalID":null},"Vehicle":{"VIN":"3N1CK3CD4LL212191","Year":2020,"Make":"NSN","Model":"MARCHABS","PlateNo":"YZF-162-C","Vehicle":{"Color":null},"Mileage":57988,"PaintCode":null},"StockNo":"NM0326","RONo":"FPDC7693","IsCompleted":false,"PONo":null,"SalesPerson":{"Id":null},"Sales":{"PersonName":null},"Owner":{"Id":null,"Name":null,"Address":"...","Phone":null},"Location":{"Name":null},"ServiceRequest":{"Id":"55B4990C-2D58-EC11-8103-00155D9EC500","Number":"R-0007910773","LocalId":9939499},"Order":{"Id":null,"No":null},"Invoice":{"Id":null,"No":null},"Insurance":{"Id":null,"Name":null,"Address":null,"ContactInfo":""},"PolicyNumber":null,"ClaimNumber":null,"Deductible":null,"AccidentDate":null,"Inspection_Notes":"Contrato No \/ Rental Agreement: FPDC7693\r\nEconomico  \/ Stock: NM0326\r\nSeguro  \/ Coverage: \r\nCD. Que Renta \/ Rental Location: FPDC60\r\nCD. Recibe \/ Return Location: PDC78\r\nKM Salida \/ Mileage: 57988\r\nGas Salida \/ Fuel Tank Level: F\r\nDatos de contacto \/ Contact info: ","EStatus":{"Id":5,"Name":"Draft"},"EStatusReason":{"Name":null},"CreateUTCTime":"2021-12-08T13:45:08.887","ModifyUTCTime":"2021-12-08T13:45:08.887","EstimationServices":null,"EstimationQuestions":null}
