{"EntityText":"#: E-000-2238590 Date: 12\/13\/2021 Stock: VS1309 RO: F3266604 PO:  (2021 VW VIRTUS 9BWDL5BZ2MP019329) Client: IRAM PABLO VELZQUEZ","UTCTimestamp":"2022-03-28T04:24:18.940","InspectionId":"0D0A8298-7D64-43D9-BC64-4EF4D52A54C8","InspectionNumber":"E-000-2238590","InspectionDate":"2021-12-13","InspectionType":{"Id":"04A19838-AEEC-4B12-BC41-77C52A166A0E","Name":"Hoja de Inspecci�n - check in"},"Amount":0.00,"ApprovedAmount":0.00,"DiscountAmount":0.00000,"TaxAmount":0.00000,"FeesAmount":0.00000,"Employee":{"Id":"91A96957-69FD-4329-B258-36721778DFDA","Name":"HERTZ LEO50","ExternalID":null},"Client":{"Id":"7F23FE20-235A-4258-9BA2-B5EFCB27D49A","Name":"IRAM PABLO VELZQUEZ","Address":"CALLE 13","Phone":"5511724012","ExternalID":null},"Vehicle":{"VIN":"9BWDL5BZ2MP019329","Year":2021,"Make":"VW","Model":"VIRTUS","PlateNo":"YWS-040-D","Vehicle":{"Color":null},"Mileage":34119,"PaintCode":null},"StockNo":"VS1309","RONo":"F3266604","IsCompleted":false,"PONo":null,"SalesPerson":{"Id":null},"Sales":{"PersonName":null},"Owner":{"Id":null,"Name":null,"Address":"...","Phone":null},"Location":{"Name":null},"ServiceRequest":{"Id":"43C00B7E-355C-EC11-8103-00155D9EC500","Number":"R-0007923322","LocalId":9958069},"Order":{"Id":null,"No":null},"Invoice":{"Id":null,"No":null},"Insurance":{"Id":null,"Name":null,"Address":null,"ContactInfo":""},"PolicyNumber":null,"ClaimNumber":null,"Deductible":null,"AccidentDate":null,"Inspection_Notes":"Contrato No \/ Rental Agreement: F3266604\r\nEconomico  \/ Stock: VS1309\r\nSeguro  \/ Coverage: LDW,PAI,TP,B2B\r\nCD. Que Renta \/ Rental Location: LEO50\r\nCD. Recibe \/ Return Location: LEO50\r\nKM Salida \/ Mileage: 34119\r\nGas Salida \/ Fuel Tank Level: 7\/8\r\nDatos de contacto \/ Contact info: GTO","EStatus":{"Id":5,"Name":"Draft"},"EStatusReason":{"Name":null},"CreateUTCTime":"2021-12-13T16:55:40.887","ModifyUTCTime":"2021-12-13T16:55:40.887","EstimationServices":null,"EstimationQuestions":null}
