{"EntityText":"#: E-000-2240997 Date: 12\/13\/2021 Stock: B41234 RO: F3267422 PO:  (2021 CHE BEAT4P MA6CB5FDXMT007380) Client: CORINA","UTCTimestamp":"2022-03-28T04:29:14.223","InspectionId":"0D0EAF0F-253B-4B89-B784-50421267A7B5","InspectionNumber":"E-000-2240997","InspectionDate":"2021-12-13","InspectionType":{"Id":"33034816-D00A-49F6-8AA5-55D54FDE8907","Name":"Hoja de Inspeccion - check out"},"Amount":0.00,"ApprovedAmount":0.00,"DiscountAmount":0.00000,"TaxAmount":0.00000,"FeesAmount":0.00000,"Employee":{"Id":"4C1D4F7F-6DC2-4CCB-B1C9-068DC167B80B","Name":"HERTZ GDL50","ExternalID":null},"Client":{"Id":"EEA02E80-4AB4-485C-9318-82F7A3A4E024","Name":"CORINA","Address":"CALLE TERRESTRE","Phone":"9564349630","ExternalID":null},"Vehicle":{"VIN":"MA6CB5FDXMT007380","Year":2021,"Make":"CHE","Model":"BEAT4P","PlateNo":"DAC-31-64","Vehicle":{"Color":null},"Mileage":19448,"PaintCode":null},"StockNo":"B41234","RONo":"F3267422","IsCompleted":false,"PONo":null,"SalesPerson":{"Id":null},"Sales":{"PersonName":null},"Owner":{"Id":null,"Name":null,"Address":"...","Phone":null},"Location":{"Name":null},"ServiceRequest":{"Id":"F7661691-635C-EC11-8103-00155D9EC500","Number":"R-0007924526","LocalId":9959926},"Order":{"Id":null,"No":null},"Invoice":{"Id":null,"No":null},"Insurance":{"Id":null,"Name":null,"Address":null,"ContactInfo":""},"PolicyNumber":null,"ClaimNumber":null,"Deductible":null,"AccidentDate":null,"Inspection_Notes":"Contrato No \/ Rental Agreement: F3267422\r\nEconomico  \/ Stock: B41234\r\nSeguro  \/ Coverage: CDW-2\r\nCD. Que Renta \/ Rental Location: GDL50\r\nCD. Recibe \/ Return Location: GDL50\r\nKM Salida \/ Mileage: 19448\r\nGas Salida \/ Fuel Tank Level: F\r\nDatos de contacto \/ Contact info: 9564663416","EStatus":{"Id":5,"Name":"Draft"},"EStatusReason":{"Name":null},"CreateUTCTime":"2021-12-13T22:25:27.247","ModifyUTCTime":"2021-12-13T22:25:27.247","EstimationServices":null,"EstimationQuestions":null}
