{"EntityText":"#: E-000-2239979 Date: 12\/13\/2021 Stock: RD1115 RO: F3267069 PO:  (2021 RENAULT DUSTER 93YHSB152MJ926466) Client: BURLEIGH","UTCTimestamp":"2022-03-28T04:26:50.300","InspectionId":"0D1EC1EF-2A70-4625-99EB-F4DA30157528","InspectionNumber":"E-000-2239979","InspectionDate":"2021-12-13","InspectionType":{"Id":"33034816-D00A-49F6-8AA5-55D54FDE8907","Name":"Hoja de Inspeccion - check out"},"Amount":0.00,"ApprovedAmount":0.00,"DiscountAmount":0.00000,"TaxAmount":0.00000,"FeesAmount":0.00000,"Employee":{"Id":"B4D10B7C-1811-4B1D-BBD5-25ADA2D414B4","Name":"THRIFTY R52M40KZ9NH","ExternalID":null},"Client":{"Id":"966AB542-7F57-4F9A-854E-103086F58F24","Name":"BURLEIGH","Address":"RUSTIC LIVE OAK TRL","Phone":"4783913717","ExternalID":null},"Vehicle":{"VIN":"93YHSB152MJ926466","Year":2021,"Make":"RENAULT","Model":"DUSTER","PlateNo":"EPD-28-09","Vehicle":{"Color":null},"Mileage":6743,"PaintCode":null},"StockNo":"RD1115","RONo":"F3267069","IsCompleted":false,"PONo":null,"SalesPerson":{"Id":null},"Sales":{"PersonName":null},"Owner":{"Id":null,"Name":null,"Address":"...","Phone":null},"Location":{"Name":null},"ServiceRequest":{"Id":"8B889243-4F5C-EC11-8103-00155D9EC500","Number":"R-0007924017","LocalId":9959168},"Order":{"Id":null,"No":null},"Invoice":{"Id":null,"No":null},"Insurance":{"Id":null,"Name":null,"Address":null,"ContactInfo":""},"PolicyNumber":null,"ClaimNumber":null,"Deductible":null,"AccidentDate":null,"Inspection_Notes":"Contrato No \/ Rental Agreement: F3267069\r\nEconomico  \/ Stock: RD1115\r\nSeguro  \/ Coverage: CDW-2,B2B,CDW2-LDW0%,ALI,PAI,RS ASSIST.\r\nCD. Que Renta \/ Rental Location: TGUA52\r\nCD. Recibe \/ Return Location: TGUA52\r\nKM Salida \/ Mileage: 6743\r\nGas Salida \/ Fuel Tank Level: F\r\nDatos de contacto \/ Contact info: COCULA","EStatus":{"Id":5,"Name":"Draft"},"EStatusReason":{"Name":null},"CreateUTCTime":"2021-12-13T20:00:14.903","ModifyUTCTime":"2021-12-13T20:00:14.903","EstimationServices":null,"EstimationQuestions":null}
