{"EntityText":"#: E-000-2241907 Date: 12\/13\/2021 Stock: AS0522 RO: TJ001833 PO:  (2020 CHE AVEOLS LSGHD52HXLD092162) Client: MONICA IVETT NIETO PARRA","UTCTimestamp":"2022-03-28T04:31:09.373","InspectionId":"0D515161-2FD8-4905-9BF9-C037C7029749","InspectionNumber":"E-000-2241907","InspectionDate":"2021-12-13","InspectionType":{"Id":"33034816-D00A-49F6-8AA5-55D54FDE8907","Name":"Hoja de Inspeccion - check out"},"Amount":0.00,"ApprovedAmount":0.00,"DiscountAmount":0.00000,"TaxAmount":0.00000,"FeesAmount":0.00000,"Employee":{"Id":"ED630168-DBE6-4645-A153-00A57C5D54A6","Name":"HERTZ TIJ51","ExternalID":null},"Client":{"Id":"49AF9003-362F-4DB8-A0FD-87EAC0182B7A","Name":"MONICA IVETT NIETO PARRA","Address":"...","Phone":null,"ExternalID":null},"Vehicle":{"VIN":"LSGHD52HXLD092162","Year":2020,"Make":"CHE","Model":"AVEOLS","PlateNo":"10-18-AVE","Vehicle":{"Color":null},"Mileage":64639,"PaintCode":null},"StockNo":"AS0522","RONo":"TJ001833","IsCompleted":false,"PONo":null,"SalesPerson":{"Id":null},"Sales":{"PersonName":null},"Owner":{"Id":null,"Name":null,"Address":"...","Phone":null},"Location":{"Name":null},"ServiceRequest":{"Id":"E0494DC7-7E5C-EC11-8103-00155D9EC500","Number":"R-0007924981","LocalId":9960639},"Order":{"Id":null,"No":null},"Invoice":{"Id":null,"No":null},"Insurance":{"Id":null,"Name":null,"Address":null,"ContactInfo":""},"PolicyNumber":null,"ClaimNumber":null,"Deductible":null,"AccidentDate":null,"Inspection_Notes":"Contrato No \/ Rental Agreement: TJ001833\r\nEconomico  \/ Stock: AS0522\r\nSeguro  \/ Coverage: \r\nCD. Que Renta \/ Rental Location: TIJ51\r\nCD. Recibe \/ Return Location: TIJ51\r\nKM Salida \/ Mileage: 64639\r\nGas Salida \/ Fuel Tank Level: 5\/8\r\nDatos de contacto \/ Contact info: ","EStatus":{"Id":5,"Name":"Draft"},"EStatusReason":{"Name":null},"CreateUTCTime":"2021-12-14T01:40:19.193","ModifyUTCTime":"2021-12-14T01:40:19.193","EstimationServices":null,"EstimationQuestions":null}
