{"EntityText":"#: E-000-2240185 Date: 12\/13\/2021 Stock: WD9085 RO: F3266150 PO:  (2019 JEEP WRANGLER 1C4HJXEG2KW572525) Client: BROOKE MORAN","UTCTimestamp":"2022-03-28T04:27:26.117","InspectionId":"0D5A39E9-9446-4091-BF5A-6F3C7201997D","InspectionNumber":"E-000-2240185","InspectionDate":"2021-12-13","InspectionType":{"Id":"33034816-D00A-49F6-8AA5-55D54FDE8907","Name":"Hoja de Inspeccion - check out"},"Amount":0.00,"ApprovedAmount":0.00,"DiscountAmount":0.00000,"TaxAmount":0.00000,"FeesAmount":0.00000,"Employee":{"Id":"D9181D69-A72F-4ED3-B334-455E1E58A55F","Name":"HERTZ F4KJL61QF193","ExternalID":null},"Client":{"Id":"C7AB2672-DCD4-41F5-ADBB-39282F556725","Name":"BROOKE MORAN","Address":"403 N PINE ST","Phone":"970-209-4330","ExternalID":null},"Vehicle":{"VIN":"1C4HJXEG2KW572525","Year":2019,"Make":"JEEP","Model":"WRANGLER","PlateNo":"YZC-141-C","Vehicle":{"Color":null},"Mileage":55370,"PaintCode":null},"StockNo":"WD9085","RONo":"F3266150","IsCompleted":false,"PONo":null,"SalesPerson":{"Id":null},"Sales":{"PersonName":null},"Owner":{"Id":null,"Name":null,"Address":"...","Phone":null},"Location":{"Name":null},"ServiceRequest":{"Id":"6FEFE572-535C-EC11-8103-00155D9EC500","Number":"R-0007924120","LocalId":9959321},"Order":{"Id":null,"No":null},"Invoice":{"Id":null,"No":null},"Insurance":{"Id":null,"Name":null,"Address":null,"ContactInfo":""},"PolicyNumber":null,"ClaimNumber":null,"Deductible":null,"AccidentDate":null,"Inspection_Notes":"Contrato No \/ Rental Agreement: F3266150\r\nEconomico  \/ Stock: WD9085\r\nSeguro  \/ Coverage: CDW PACK.,RS ASSIST.,HDI 10000\r\nCD. Que Renta \/ Rental Location: CAN50\r\nCD. Recibe \/ Return Location: CAN50\r\nKM Salida \/ Mileage: 55370\r\nGas Salida \/ Fuel Tank Level: F\r\nDatos de contacto \/ Contact info: AK Y TULUM","EStatus":{"Id":5,"Name":"Draft"},"EStatusReason":{"Name":null},"CreateUTCTime":"2021-12-13T20:30:08.540","ModifyUTCTime":"2021-12-13T20:30:08.540","EstimationServices":null,"EstimationQuestions":null}
