{"EntityText":"#: E-000-1831213 Date: 12\/13\/2021 Stock: AU1493 RO: NTO66724 PO:  (2021 CHE AVEOLS LSGHD52HXMD079509) Client: ALDO NORBERT ROJAS CARRASCO","UTCTimestamp":"2022-03-28T04:19:39.813","InspectionId":"0D7378EB-F539-4017-B6CB-7303D9545359","InspectionNumber":"E-000-1831213","InspectionDate":"2021-12-13","InspectionType":{"Id":"33034816-D00A-49F6-8AA5-55D54FDE8907","Name":"Hoja de Inspeccion - check out"},"Amount":0.00,"ApprovedAmount":0.00,"DiscountAmount":0.00000,"TaxAmount":0.00000,"FeesAmount":0.00000,"Employee":{"Id":"36D5A659-96CA-4FFC-8E9F-6A4418AB3FA3","Name":"HERTZ MEX51","ExternalID":null},"Client":{"Id":"6C5CB8D6-EF87-428C-9476-ADD356D019AC","Name":"ALDO NORBERT ROJAS CARRASCO","Address":"...","Phone":null,"ExternalID":null},"Vehicle":{"VIN":"LSGHD52HXMD079509","Year":2021,"Make":"CHE","Model":"AVEOLS","PlateNo":"ZCC-842-C","Vehicle":{"Color":null},"Mileage":17370,"PaintCode":null},"StockNo":"AU1493","RONo":"NTO66724","IsCompleted":false,"PONo":null,"SalesPerson":{"Id":null},"Sales":{"PersonName":null},"Owner":{"Id":null,"Name":null,"Address":"...","Phone":null},"Location":{"Name":null},"ServiceRequest":{"Id":"06631A72-1B17-EC11-80FE-00155D9EC500","Number":"R-0007719601","LocalId":9616848},"Order":{"Id":null,"No":null},"Invoice":{"Id":null,"No":null},"Insurance":{"Id":null,"Name":null,"Address":null,"ContactInfo":""},"PolicyNumber":null,"ClaimNumber":null,"Deductible":null,"AccidentDate":null,"Inspection_Notes":"Contrato No \/ Rental Agreement: NTO66724\r\nEconomico  \/ Stock: AU1493\r\nSeguro  \/ Coverage: \r\nCD. Que Renta \/ Rental Location: TOL51\r\nCD. Recibe \/ Return Location: TOL51\r\nKM Salida \/ Mileage: 17370\r\nGas Salida \/ Fuel Tank Level: 5\/8\r\nDatos de contacto \/ Contact info: ","EStatus":{"Id":5,"Name":"Draft"},"EStatusReason":{"Name":null},"CreateUTCTime":"2021-09-16T18:25:22.250","ModifyUTCTime":"2021-09-16T18:25:22.250","EstimationServices":null,"EstimationQuestions":null}
