{"EntityText":"#: E-000-2239591 Date: 12\/13\/2021 Stock: CA1385 RO: F3266932 PO:  (2021 CHE CAVALILT LSGKB54H3MV135390) Client: ALEJANDRO","UTCTimestamp":"2022-03-28T04:26:09.920","InspectionId":"0D974831-EA7C-4646-B8BD-D1ABCD1C3E64","InspectionNumber":"E-000-2239591","InspectionDate":"2021-12-13","InspectionType":{"Id":"33034816-D00A-49F6-8AA5-55D54FDE8907","Name":"Hoja de Inspeccion - check out"},"Amount":0.00,"ApprovedAmount":0.00,"DiscountAmount":0.00000,"TaxAmount":0.00000,"FeesAmount":0.00000,"Employee":{"Id":"D8DE4A66-C3A6-4885-950A-1A40CBBC229C","Name":"HERTZ R52M10TCWQR","ExternalID":null},"Client":{"Id":"2A054C8B-E7D9-4E8E-B672-C9F2CEDC8D74","Name":"ALEJANDRO","Address":"AV ACTORES","Phone":"527772982681","ExternalID":null},"Vehicle":{"VIN":"LSGKB54H3MV135390","Year":2021,"Make":"CHE","Model":"CAVALILT","PlateNo":"YXZ-631-D","Vehicle":{"Color":null},"Mileage":28047,"PaintCode":null},"StockNo":"CA1385","RONo":"F3266932","IsCompleted":false,"PONo":null,"SalesPerson":{"Id":null},"Sales":{"PersonName":null},"Owner":{"Id":null,"Name":null,"Address":"...","Phone":null},"Location":{"Name":null},"ServiceRequest":{"Id":"18353789-485C-EC11-8103-00155D9EC500","Number":"R-0007923823","LocalId":9958743},"Order":{"Id":null,"No":null},"Invoice":{"Id":null,"No":null},"Insurance":{"Id":null,"Name":null,"Address":null,"ContactInfo":""},"PolicyNumber":null,"ClaimNumber":null,"Deductible":null,"AccidentDate":null,"Inspection_Notes":"Contrato No \/ Rental Agreement: F3266932\r\nEconomico  \/ Stock: CA1385\r\nSeguro  \/ Coverage: \r\nCD. Que Renta \/ Rental Location: MER50\r\nCD. Recibe \/ Return Location: MER50\r\nKM Salida \/ Mileage: 28047\r\nGas Salida \/ Fuel Tank Level: 3\/4\r\nDatos de contacto \/ Contact info: PARTICULAR","EStatus":{"Id":5,"Name":"Draft"},"EStatusReason":{"Name":null},"CreateUTCTime":"2021-12-13T19:12:01.707","ModifyUTCTime":"2021-12-13T19:12:01.707","EstimationServices":null,"EstimationQuestions":null}
