{"EntityText":"#: E-000-2241883 Date: 12\/13\/2021 Stock: CA1167 RO: F3267729 PO:  (2021 CHE CAVALILT LSGKB54HXMV116318) Client: ENREIQUE","UTCTimestamp":"2022-03-28T04:31:09.373","InspectionId":"0DBEF370-E95E-4E35-AAD9-1BA2E2368104","InspectionNumber":"E-000-2241883","InspectionDate":"2021-12-13","InspectionType":{"Id":"33034816-D00A-49F6-8AA5-55D54FDE8907","Name":"Hoja de Inspeccion - check out"},"Amount":0.00,"ApprovedAmount":0.00,"DiscountAmount":0.00000,"TaxAmount":0.00000,"FeesAmount":0.00000,"Employee":{"Id":"897AF737-C484-4D9C-9FEA-C21B99EABE11","Name":"HERTZ SAN50-01","ExternalID":null},"Client":{"Id":"C3CA8E75-4D3C-41CC-83D4-3842088142CE","Name":"ENREIQUE","Address":"ANGEL AMATIEL","Phone":"5621637868","ExternalID":null},"Vehicle":{"VIN":"LSGKB54HXMV116318","Year":2021,"Make":"CHE","Model":"CAVALILT","PlateNo":"28-20-AVE","Vehicle":{"Color":null},"Mileage":16790,"PaintCode":null},"StockNo":"CA1167","RONo":"F3267729","IsCompleted":false,"PONo":null,"SalesPerson":{"Id":null},"Sales":{"PersonName":null},"Owner":{"Id":null,"Name":null,"Address":"...","Phone":null},"Location":{"Name":null},"ServiceRequest":{"Id":"7E012B0B-7E5C-EC11-8103-00155D9EC500","Number":"R-0007924969","LocalId":9960625},"Order":{"Id":null,"No":null},"Invoice":{"Id":null,"No":null},"Insurance":{"Id":null,"Name":null,"Address":null,"ContactInfo":""},"PolicyNumber":null,"ClaimNumber":null,"Deductible":null,"AccidentDate":null,"Inspection_Notes":"Contrato No \/ Rental Agreement: F3267729\r\nEconomico  \/ Stock: CA1167\r\nSeguro  \/ Coverage: LDW\r\nCD. Que Renta \/ Rental Location: SAN50\r\nCD. Recibe \/ Return Location: SAN50\r\nKM Salida \/ Mileage: 16790\r\nGas Salida \/ Fuel Tank Level: F\r\nDatos de contacto \/ Contact info: CONFORT INN","EStatus":{"Id":5,"Name":"Draft"},"EStatusReason":{"Name":null},"CreateUTCTime":"2021-12-14T01:35:07.167","ModifyUTCTime":"2021-12-14T01:35:07.167","EstimationServices":null,"EstimationQuestions":null}
