{"EntityText":"#: E-000-2237750 Date: 12\/13\/2021 Stock: AU1212 RO: F3266291 PO:  (2021 CHE AVEOLS LSGHD52H5MD080227) Client: REYNA MAURIC","UTCTimestamp":"2022-03-28T04:22:10.483","InspectionId":"0DC68014-58A0-45DB-B297-CC314AF3EE2E","InspectionNumber":"E-000-2237750","InspectionDate":"2021-12-13","InspectionType":{"Id":"04A19838-AEEC-4B12-BC41-77C52A166A0E","Name":"Hoja de Inspecci�n - check in"},"Amount":0.00,"ApprovedAmount":0.00,"DiscountAmount":0.00000,"TaxAmount":0.00000,"FeesAmount":0.00000,"Employee":{"Id":"E65CFBE2-ED52-4C96-B955-1F2EE1902072","Name":"HERTZ R52M40KZ7FX","ExternalID":null},"Client":{"Id":"126CE57D-52BE-48B1-82D3-4A234860B2E5","Name":"REYNA MAURIC","Address":"CALLE JUNIPEROS","Phone":"5552415600","ExternalID":null},"Vehicle":{"VIN":"LSGHD52H5MD080227","Year":2021,"Make":"CHE","Model":"AVEOLS","PlateNo":"ZBZ-307-C","Vehicle":{"Color":null},"Mileage":18481,"PaintCode":null},"StockNo":"AU1212","RONo":"F3266291","IsCompleted":false,"PONo":null,"SalesPerson":{"Id":null},"Sales":{"PersonName":null},"Owner":{"Id":null,"Name":null,"Address":"...","Phone":null},"Location":{"Name":null},"ServiceRequest":{"Id":"EF6434A8-245C-EC11-8103-00155D9EC500","Number":"R-0007922902","LocalId":9957435},"Order":{"Id":null,"No":null},"Invoice":{"Id":null,"No":null},"Insurance":{"Id":null,"Name":null,"Address":null,"ContactInfo":""},"PolicyNumber":null,"ClaimNumber":null,"Deductible":null,"AccidentDate":null,"Inspection_Notes":"Contrato No \/ Rental Agreement: F3266291\r\nEconomico  \/ Stock: AU1212\r\nSeguro  \/ Coverage: LDW,B2B\r\nCD. Que Renta \/ Rental Location: OAX50\r\nCD. Recibe \/ Return Location: OAX50\r\nKM Salida \/ Mileage: 18481\r\nGas Salida \/ Fuel Tank Level: F\r\nDatos de contacto \/ Contact info: OAX CNETRO","EStatus":{"Id":5,"Name":"Draft"},"EStatusReason":{"Name":null},"CreateUTCTime":"2021-12-13T14:55:14.783","ModifyUTCTime":"2021-12-13T14:55:14.783","EstimationServices":null,"EstimationQuestions":null}
