{"EntityText":"#: E-000-2190536 Date: 12\/13\/2021 Stock: PO1198 RO: F3249837 PO:  (2021 VW POLOC MEX6K2600MT118259) Client: HECTOR","UTCTimestamp":"2022-03-28T04:19:48.133","InspectionId":"0DD618EC-43C6-4290-85F2-58C03B546147","InspectionNumber":"E-000-2190536","InspectionDate":"2021-12-13","InspectionType":{"Id":"04A19838-AEEC-4B12-BC41-77C52A166A0E","Name":"Hoja de Inspecci�n - check in"},"Amount":0.00,"ApprovedAmount":0.00,"DiscountAmount":0.00000,"TaxAmount":0.00000,"FeesAmount":0.00000,"Employee":{"Id":"52819308-9F8A-4AB2-8B65-707CFAC517C1","Name":"HERTZ PAC60","ExternalID":null},"Client":{"Id":"4758C272-E920-42A7-9B5F-6202DBAAACB8","Name":"HECTOR","Address":"CS RENDON","Phone":"5561227421","ExternalID":null},"Vehicle":{"VIN":"MEX6K2600MT118259","Year":2021,"Make":"VW","Model":"POLOC","PlateNo":"DAC-58-79","Vehicle":{"Color":null},"Mileage":23673,"PaintCode":null},"StockNo":"PO1198","RONo":"F3249837","IsCompleted":false,"PONo":null,"SalesPerson":{"Id":null},"Sales":{"PersonName":null},"Owner":{"Id":null,"Name":null,"Address":"...","Phone":null},"Location":{"Name":null},"ServiceRequest":{"Id":"57BDFED2-4B54-EC11-8103-00155D9EC500","Number":"R-0007899294","LocalId":9921734},"Order":{"Id":null,"No":null},"Invoice":{"Id":null,"No":null},"Insurance":{"Id":null,"Name":null,"Address":null,"ContactInfo":""},"PolicyNumber":null,"ClaimNumber":null,"Deductible":null,"AccidentDate":null,"Inspection_Notes":"Contrato No \/ Rental Agreement: F3249837\r\nEconomico  \/ Stock: PO1198\r\nSeguro  \/ Coverage: LDW,PAI,TP,B2B\r\nCD. Que Renta \/ Rental Location: MEX63\r\nCD. Recibe \/ Return Location: MEX63\r\nKM Salida \/ Mileage: 23673\r\nGas Salida \/ Fuel Tank Level: F\r\nDatos de contacto \/ Contact info: ","EStatus":{"Id":5,"Name":"Draft"},"EStatusReason":{"Name":null},"CreateUTCTime":"2021-12-03T15:15:21.207","ModifyUTCTime":"2021-12-03T15:15:21.207","EstimationServices":null,"EstimationQuestions":null}
