{"EntityText":"#: E-000-2242390 Date: 12\/13\/2021 Stock: NK1139 RO: F3267902 PO:  (2021 NSN KICKSADV 3N8CP5HE6ML481262) Client: RAJIV","UTCTimestamp":"2022-03-28T04:32:19.930","InspectionId":"0DD78B28-5036-435F-8B55-39A7EB0DAF59","InspectionNumber":"E-000-2242390","InspectionDate":"2021-12-13","InspectionType":{"Id":"04A19838-AEEC-4B12-BC41-77C52A166A0E","Name":"Hoja de Inspecci�n - check in"},"Amount":0.00,"ApprovedAmount":0.00,"DiscountAmount":0.00000,"TaxAmount":0.00000,"FeesAmount":0.00000,"Employee":{"Id":"D9181D69-A72F-4ED3-B334-455E1E58A55F","Name":"HERTZ F4KJL61QF193","ExternalID":null},"Client":{"Id":"742D6031-DBE2-4460-A00C-50C0C3D89198","Name":"RAJIV","Address":"1202 350 WEBB DR","Phone":"+16476757242","ExternalID":null},"Vehicle":{"VIN":"3N8CP5HE6ML481262","Year":2021,"Make":"NSN","Model":"KICKSADV","PlateNo":"A-013-TPJ","Vehicle":{"Color":null},"Mileage":27883,"PaintCode":null},"StockNo":"NK1139","RONo":"F3267902","IsCompleted":false,"PONo":null,"SalesPerson":{"Id":null},"Sales":{"PersonName":null},"Owner":{"Id":null,"Name":null,"Address":"...","Phone":null},"Location":{"Name":null},"ServiceRequest":{"Id":"0F36BCCE-9C5C-EC11-8103-00155D9EC500","Number":"R-0007925222","LocalId":9960962},"Order":{"Id":null,"No":null},"Invoice":{"Id":null,"No":null},"Insurance":{"Id":null,"Name":null,"Address":null,"ContactInfo":""},"PolicyNumber":null,"ClaimNumber":null,"Deductible":null,"AccidentDate":null,"Inspection_Notes":"Contrato No \/ Rental Agreement: F3267902\r\nEconomico  \/ Stock: NK1139\r\nSeguro  \/ Coverage: LDW PACK,RS ASSIST.,HDI 15000\r\nCD. Que Renta \/ Rental Location: CAN50\r\nCD. Recibe \/ Return Location: CAN50\r\nKM Salida \/ Mileage: 27883\r\nGas Salida \/ Fuel Tank Level: F\r\nDatos de contacto \/ Contact info: HTL NIZ RESORT & SPA","EStatus":{"Id":5,"Name":"Draft"},"EStatusReason":{"Name":null},"CreateUTCTime":"2021-12-14T05:15:11.580","ModifyUTCTime":"2021-12-14T05:15:11.580","EstimationServices":null,"EstimationQuestions":null}
