{"EntityText":"#: E-000-2242140 Date: 12\/13\/2021 Stock: B51178 RO: TJ001836 PO:  (2021 CHE BEAT5P MA6CB6FD6MT020567) Client: ROBERTO GODINEZ","UTCTimestamp":"2022-03-28T04:31:47.343","InspectionId":"0DE3002F-9871-4FDE-A82D-123837C1DE9D","InspectionNumber":"E-000-2242140","InspectionDate":"2021-12-13","InspectionType":{"Id":"04A19838-AEEC-4B12-BC41-77C52A166A0E","Name":"Hoja de Inspecci�n - check in"},"Amount":0.00,"ApprovedAmount":0.00,"DiscountAmount":0.00000,"TaxAmount":0.00000,"FeesAmount":0.00000,"Employee":{"Id":"0A62DDF0-4CE0-4B6D-ADC7-FB9D106869C1","Name":"TIJ90 HERTZ","ExternalID":null},"Client":{"Id":"5E044B06-FD84-48DD-972E-86D0E33CA6C6","Name":"ROBERTO GODINEZ","Address":"...","Phone":null,"ExternalID":null},"Vehicle":{"VIN":"MA6CB6FD6MT020567","Year":2021,"Make":"CHE","Model":"BEAT5P","PlateNo":"28-72-AVE","Vehicle":{"Color":null},"Mileage":32127,"PaintCode":null},"StockNo":"B51178","RONo":"TJ001836","IsCompleted":false,"PONo":null,"SalesPerson":{"Id":null},"Sales":{"PersonName":null},"Owner":{"Id":null,"Name":null,"Address":"...","Phone":null},"Location":{"Name":null},"ServiceRequest":{"Id":"C4DD1FF3-895C-EC11-8103-00155D9EC500","Number":"R-0007925097","LocalId":9960804},"Order":{"Id":null,"No":null},"Invoice":{"Id":null,"No":null},"Insurance":{"Id":null,"Name":null,"Address":null,"ContactInfo":""},"PolicyNumber":null,"ClaimNumber":null,"Deductible":null,"AccidentDate":null,"Inspection_Notes":"Contrato No \/ Rental Agreement: TJ001836\r\nEconomico  \/ Stock: B51178\r\nSeguro  \/ Coverage: \r\nCD. Que Renta \/ Rental Location: TIJ51\r\nCD. Recibe \/ Return Location: TIJ90\r\nKM Salida \/ Mileage: 32127\r\nGas Salida \/ Fuel Tank Level: 5\/8\r\nDatos de contacto \/ Contact info: ","EStatus":{"Id":5,"Name":"Draft"},"EStatusReason":{"Name":null},"CreateUTCTime":"2021-12-14T03:00:16.790","ModifyUTCTime":"2021-12-14T03:00:16.790","EstimationServices":null,"EstimationQuestions":null}
