{"EntityText":"#: E-000-2240190 Date: 12\/13\/2021 Stock: CA2014 RO: F3267128 PO:  (2022 CHE CAVAL RS LSGKB5417NV000773) Client: ANGEL","UTCTimestamp":"2022-03-28T04:27:26.117","InspectionId":"0E1A5E34-7F21-4FBB-ABC6-C2C39150F49E","InspectionNumber":"E-000-2240190","InspectionDate":"2021-12-13","InspectionType":{"Id":"04A19838-AEEC-4B12-BC41-77C52A166A0E","Name":"Hoja de Inspecci�n - check in"},"Amount":0.00,"ApprovedAmount":0.00,"DiscountAmount":0.00000,"TaxAmount":0.00000,"FeesAmount":0.00000,"Employee":{"Id":"58AD97DC-705C-4B70-9626-EC476DC4785D","Name":"HERTZ MTY53","ExternalID":null},"Client":{"Id":"78A3CBA0-35DD-4285-9D73-EB741E7DD0F2","Name":"ANGEL","Address":"PLAYA RINCON","Phone":"5551639708","ExternalID":null},"Vehicle":{"VIN":"LSGKB5417NV000773","Year":2022,"Make":"CHE","Model":"CAVAL RS","PlateNo":"ENY-13-92","Vehicle":{"Color":null},"Mileage":648,"PaintCode":null},"StockNo":"CA2014","RONo":"F3267128","IsCompleted":false,"PONo":null,"SalesPerson":{"Id":null},"Sales":{"PersonName":null},"Owner":{"Id":null,"Name":null,"Address":"...","Phone":null},"Location":{"Name":null},"ServiceRequest":{"Id":"213E5A79-535C-EC11-8103-00155D9EC500","Number":"R-0007924122","LocalId":9959325},"Order":{"Id":null,"No":null},"Invoice":{"Id":null,"No":null},"Insurance":{"Id":null,"Name":null,"Address":null,"ContactInfo":""},"PolicyNumber":null,"ClaimNumber":null,"Deductible":null,"AccidentDate":null,"Inspection_Notes":"Contrato No \/ Rental Agreement: F3267128\r\nEconomico  \/ Stock: CA2014\r\nSeguro  \/ Coverage: LDW,PAI,TP,B2B\r\nCD. Que Renta \/ Rental Location: MTY50\r\nCD. Recibe \/ Return Location: MTY53\r\nKM Salida \/ Mileage: 648\r\nGas Salida \/ Fuel Tank Level: F\r\nDatos de contacto \/ Contact info: HOLIDAY INN FUNDIDORA","EStatus":{"Id":5,"Name":"Draft"},"EStatusReason":{"Name":null},"CreateUTCTime":"2021-12-13T20:30:14.023","ModifyUTCTime":"2021-12-13T20:30:14.023","EstimationServices":null,"EstimationQuestions":null}
