{"EntityText":"#: E-000-2242254 Date: 12\/13\/2021 Stock: AU1512 RO: MER25756 PO:  (2021 CHE AVEOLS LSGHD52H8MD099824) Client: FERNANDO KU GARCIA","UTCTimestamp":"2022-03-28T04:32:19.930","InspectionId":"0E1BCC5D-BECD-4DE1-B2D1-F6C7E21FE9EC","InspectionNumber":"E-000-2242254","InspectionDate":"2021-12-13","InspectionType":{"Id":"04A19838-AEEC-4B12-BC41-77C52A166A0E","Name":"Hoja de Inspecci�n - check in"},"Amount":0.00,"ApprovedAmount":0.00,"DiscountAmount":0.00000,"TaxAmount":0.00000,"FeesAmount":0.00000,"Employee":{"Id":"D8DE4A66-C3A6-4885-950A-1A40CBBC229C","Name":"HERTZ R52M10TCWQR","ExternalID":null},"Client":{"Id":"905369B8-031E-49D2-BF57-EB31CD94A1A8","Name":"FERNANDO KU GARCIA","Address":"...","Phone":null,"ExternalID":null},"Vehicle":{"VIN":"LSGHD52H8MD099824","Year":2021,"Make":"CHE","Model":"AVEOLS","PlateNo":"YXZ-871-D","Vehicle":{"Color":null},"Mileage":35867,"PaintCode":null},"StockNo":"AU1512","RONo":"MER25756","IsCompleted":false,"PONo":null,"SalesPerson":{"Id":null},"Sales":{"PersonName":null},"Owner":{"Id":null,"Name":null,"Address":"...","Phone":null},"Location":{"Name":null},"ServiceRequest":{"Id":"CE245E9B-915C-EC11-8103-00155D9EC500","Number":"R-0007925154","LocalId":9960877},"Order":{"Id":null,"No":null},"Invoice":{"Id":null,"No":null},"Insurance":{"Id":null,"Name":null,"Address":null,"ContactInfo":""},"PolicyNumber":null,"ClaimNumber":null,"Deductible":null,"AccidentDate":null,"Inspection_Notes":"Contrato No \/ Rental Agreement: MER25756\r\nEconomico  \/ Stock: AU1512\r\nSeguro  \/ Coverage: \r\nCD. Que Renta \/ Rental Location: MER50\r\nCD. Recibe \/ Return Location: TMID51\r\nKM Salida \/ Mileage: 35867\r\nGas Salida \/ Fuel Tank Level: F\r\nDatos de contacto \/ Contact info: ","EStatus":{"Id":5,"Name":"Draft"},"EStatusReason":{"Name":null},"CreateUTCTime":"2021-12-14T03:55:09.187","ModifyUTCTime":"2021-12-14T03:55:09.187","EstimationServices":null,"EstimationQuestions":null}
