{"EntityText":"#: E-000-2239379 Date: 12\/13\/2021 Stock: NM0437 RO: F3266866 PO:  (2020 NSN MARCHABS 3N1CK3CD4LL213535) Client: JESUS ALBERTO","UTCTimestamp":"2022-03-28T04:25:34.067","InspectionId":"0E2497C6-E3ED-4B13-9756-80862034FED7","InspectionNumber":"E-000-2239379","InspectionDate":"2021-12-13","InspectionType":{"Id":"33034816-D00A-49F6-8AA5-55D54FDE8907","Name":"Hoja de Inspeccion - check out"},"Amount":0.00,"ApprovedAmount":0.00,"DiscountAmount":0.00000,"TaxAmount":0.00000,"FeesAmount":0.00000,"Employee":{"Id":"4C1D4F7F-6DC2-4CCB-B1C9-068DC167B80B","Name":"HERTZ GDL50","ExternalID":null},"Client":{"Id":"8F21620A-1867-45CC-9544-1A435107598E","Name":"JESUS ALBERTO","Address":"OCHO","Phone":"9931776044","ExternalID":null},"Vehicle":{"VIN":"3N1CK3CD4LL213535","Year":2020,"Make":"NSN","Model":"MARCHABS","PlateNo":"YZA-563-C","Vehicle":{"Color":null},"Mileage":55161,"PaintCode":null},"StockNo":"NM0437","RONo":"F3266866","IsCompleted":false,"PONo":null,"SalesPerson":{"Id":null},"Sales":{"PersonName":null},"Owner":{"Id":null,"Name":null,"Address":"...","Phone":null},"Location":{"Name":null},"ServiceRequest":{"Id":"695E8067-445C-EC11-8103-00155D9EC500","Number":"R-0007923717","LocalId":9958598},"Order":{"Id":null,"No":null},"Invoice":{"Id":null,"No":null},"Insurance":{"Id":null,"Name":null,"Address":null,"ContactInfo":""},"PolicyNumber":null,"ClaimNumber":null,"Deductible":null,"AccidentDate":null,"Inspection_Notes":"Contrato No \/ Rental Agreement: F3266866\r\nEconomico  \/ Stock: NM0437\r\nSeguro  \/ Coverage: CDW-2\r\nCD. Que Renta \/ Rental Location: DGUA51\r\nCD. Recibe \/ Return Location: DGUA51\r\nKM Salida \/ Mileage: 55161\r\nGas Salida \/ Fuel Tank Level: 1\/2\r\nDatos de contacto \/ Contact info: ","EStatus":{"Id":5,"Name":"Draft"},"EStatusReason":{"Name":null},"CreateUTCTime":"2021-12-13T18:42:31.157","ModifyUTCTime":"2021-12-13T18:42:31.157","EstimationServices":null,"EstimationQuestions":null}
