{"EntityText":"#: E-000-1779876 Date: 12\/13\/2021 Stock: B51072 RO: F3107241 PO:  (2021 CHE BEAT5P MA6CB6FD9MT020563) Client: JUANGER","UTCTimestamp":"2022-03-28T04:19:39.813","InspectionId":"0E2B44FF-CCF8-469F-A2C1-6603B085E7D7","InspectionNumber":"E-000-1779876","InspectionDate":"2021-12-13","InspectionType":{"Id":"04A19838-AEEC-4B12-BC41-77C52A166A0E","Name":"Hoja de Inspecci�n - check in"},"Amount":0.00,"ApprovedAmount":0.00,"DiscountAmount":0.00000,"TaxAmount":0.00000,"FeesAmount":0.00000,"Employee":{"Id":"AADB7F29-58BF-4BE9-93A3-DC8D98C6B9F7","Name":"HERTZ MEX80","ExternalID":null},"Client":{"Id":"B899D5F2-9753-403F-B860-D133D11A9A2C","Name":"JUANGER","Address":"JORGE GLZ CAMARENA 722","Phone":"8116828037","ExternalID":null},"Vehicle":{"VIN":"MA6CB6FD9MT020563","Year":2021,"Make":"CHE","Model":"BEAT5P","PlateNo":"ZCF-751-C","Vehicle":{"Color":null},"Mileage":16751,"PaintCode":null},"StockNo":"B51072","RONo":"F3107241","IsCompleted":false,"PONo":null,"SalesPerson":{"Id":null},"Sales":{"PersonName":null},"Owner":{"Id":null,"Name":null,"Address":"...","Phone":null},"Location":{"Name":null},"ServiceRequest":{"Id":"E1C51311-9E0D-EC11-80FE-00155D9EC500","Number":"R-0007693928","LocalId":9572513},"Order":{"Id":null,"No":null},"Invoice":{"Id":null,"No":null},"Insurance":{"Id":null,"Name":null,"Address":null,"ContactInfo":""},"PolicyNumber":null,"ClaimNumber":null,"Deductible":null,"AccidentDate":null,"Inspection_Notes":"Contrato No \/ Rental Agreement: F3107241\r\nEconomico  \/ Stock: B51072\r\nSeguro  \/ Coverage: LDW PACK\r\nCD. Que Renta \/ Rental Location: MEX69\r\nCD. Recibe \/ Return Location: MEX50\r\nKM Salida \/ Mileage: 16751\r\nGas Salida \/ Fuel Tank Level: 1\/2\r\nDatos de contacto \/ Contact info: 8184024970 ROSA MARIA","EStatus":{"Id":5,"Name":"Draft"},"EStatusReason":{"Name":null},"CreateUTCTime":"2021-09-04T16:35:12.930","ModifyUTCTime":"2021-09-04T16:35:12.930","EstimationServices":null,"EstimationQuestions":null}
