{"EntityText":"#: E-000-2240754 Date: 12\/13\/2021 Stock: AU0909 RO: F3266401 PO:  (2020 CHE AVEOLT LSGHD52H3LD044728) Client: PASCALE","UTCTimestamp":"2022-03-28T04:28:37.390","InspectionId":"0E2C82E4-4677-48F4-A3F1-7EC001FA9BED","InspectionNumber":"E-000-2240754","InspectionDate":"2021-12-13","InspectionType":{"Id":"04A19838-AEEC-4B12-BC41-77C52A166A0E","Name":"Hoja de Inspecci�n - check in"},"Amount":0.00,"ApprovedAmount":0.00,"DiscountAmount":0.00000,"TaxAmount":0.00000,"FeesAmount":0.00000,"Employee":{"Id":"61CE5BAC-018C-4298-8418-13C5E8D798C4","Name":"HERTZ TUL61","ExternalID":null},"Client":{"Id":"E2E3A8DA-13D3-4D76-AB50-57CACE60DFCA","Name":"PASCALE","Address":"RUE CHAMBORD","Phone":"9842025518","ExternalID":null},"Vehicle":{"VIN":"LSGHD52H3LD044728","Year":2020,"Make":"CHE","Model":"AVEOLT","PlateNo":"YWW-091-D","Vehicle":{"Color":null},"Mileage":49738,"PaintCode":null},"StockNo":"AU0909","RONo":"F3266401","IsCompleted":false,"PONo":null,"SalesPerson":{"Id":null},"Sales":{"PersonName":null},"Owner":{"Id":null,"Name":null,"Address":"...","Phone":null},"Location":{"Name":null},"ServiceRequest":{"Id":"3A3A1AA7-5E5C-EC11-8103-00155D9EC500","Number":"R-0007924404","LocalId":9959731},"Order":{"Id":null,"No":null},"Invoice":{"Id":null,"No":null},"Insurance":{"Id":null,"Name":null,"Address":null,"ContactInfo":""},"PolicyNumber":null,"ClaimNumber":null,"Deductible":null,"AccidentDate":null,"Inspection_Notes":"Contrato No \/ Rental Agreement: F3266401\r\nEconomico  \/ Stock: AU0909\r\nSeguro  \/ Coverage: LDW\r\nCD. Que Renta \/ Rental Location: TUL60\r\nCD. Recibe \/ Return Location: TUL60\r\nKM Salida \/ Mileage: 49738\r\nGas Salida \/ Fuel Tank Level: F\r\nDatos de contacto \/ Contact info: LA VELETA (CUYO)","EStatus":{"Id":5,"Name":"Draft"},"EStatusReason":{"Name":null},"CreateUTCTime":"2021-12-13T21:50:22.887","ModifyUTCTime":"2021-12-13T21:50:22.887","EstimationServices":null,"EstimationQuestions":null}
