{"EntityText":"#: E-000-2240558 Date: 12\/13\/2021 Stock: AS0315 RO: F3267273 PO:  (2020 CHE AVEOLS LSGHD52H5LD059151) Client: PORSHA RENEISHA NIKOLE","UTCTimestamp":"2022-03-28T04:28:37.390","InspectionId":"0E2CDC71-0B92-4A4E-995C-2044F9421E1A","InspectionNumber":"E-000-2240558","InspectionDate":"2021-12-13","InspectionType":{"Id":"04A19838-AEEC-4B12-BC41-77C52A166A0E","Name":"Hoja de Inspecci�n - check in"},"Amount":0.00,"ApprovedAmount":0.00,"DiscountAmount":0.00000,"TaxAmount":0.00000,"FeesAmount":0.00000,"Employee":{"Id":"D9181D69-A72F-4ED3-B334-455E1E58A55F","Name":"HERTZ F4KJL61QF193","ExternalID":null},"Client":{"Id":"0DED1FD2-5CBB-48DA-AC59-F83657ADF823","Name":"PORSHA RENEISHA NIKOLE","Address":"STACIE","Phone":"+19164760565","ExternalID":null},"Vehicle":{"VIN":"LSGHD52H5LD059151","Year":2020,"Make":"CHE","Model":"AVEOLS","PlateNo":"YZG-418-C","Vehicle":{"Color":null},"Mileage":63243,"PaintCode":null},"StockNo":"AS0315","RONo":"F3267273","IsCompleted":false,"PONo":null,"SalesPerson":{"Id":null},"Sales":{"PersonName":null},"Owner":{"Id":null,"Name":null,"Address":"...","Phone":null},"Location":{"Name":null},"ServiceRequest":{"Id":"62A91685-5A5C-EC11-8103-00155D9EC500","Number":"R-0007924306","LocalId":9959590},"Order":{"Id":null,"No":null},"Invoice":{"Id":null,"No":null},"Insurance":{"Id":null,"Name":null,"Address":null,"ContactInfo":""},"PolicyNumber":null,"ClaimNumber":null,"Deductible":null,"AccidentDate":null,"Inspection_Notes":"Contrato No \/ Rental Agreement: F3267273\r\nEconomico  \/ Stock: AS0315\r\nSeguro  \/ Coverage: CDW-2\r\nCD. Que Renta \/ Rental Location: DCAN51\r\nCD. Recibe \/ Return Location: DCAN51\r\nKM Salida \/ Mileage: 63243\r\nGas Salida \/ Fuel Tank Level: F\r\nDatos de contacto \/ Contact info: AIRBNB","EStatus":{"Id":5,"Name":"Draft"},"EStatusReason":{"Name":null},"CreateUTCTime":"2021-12-13T21:20:41.613","ModifyUTCTime":"2021-12-13T21:20:41.613","EstimationServices":null,"EstimationQuestions":null}
