{"EntityText":"#: E-000-2240344 Date: 12\/13\/2021 Stock: NV1088 RO: F3267189 PO:  (2021 NSN VERSASEN 3N1CN8AE9ML911348) Client: CAMPO ANA","UTCTimestamp":"2022-03-28T04:28:03.503","InspectionId":"0E346E85-2222-42A6-9CA3-9859F6D33D47","InspectionNumber":"E-000-2240344","InspectionDate":"2021-12-13","InspectionType":{"Id":"04A19838-AEEC-4B12-BC41-77C52A166A0E","Name":"Hoja de Inspecci�n - check in"},"Amount":0.00,"ApprovedAmount":0.00,"DiscountAmount":0.00000,"TaxAmount":0.00000,"FeesAmount":0.00000,"Employee":{"Id":"22A20387-4CB9-4CA1-8011-0915B3DFC79B","Name":"HERTZ MEX53","ExternalID":null},"Client":{"Id":"841E1F6D-A36A-4F18-A57C-4390638E9568","Name":"CAMPO ANA","Address":"62 ESSEX AVE","Phone":"+19738516708","ExternalID":null},"Vehicle":{"VIN":"3N1CN8AE9ML911348","Year":2021,"Make":"NSN","Model":"VERSASEN","PlateNo":"WGN-294-A","Vehicle":{"Color":null},"Mileage":4202,"PaintCode":null},"StockNo":"NV1088","RONo":"F3267189","IsCompleted":false,"PONo":null,"SalesPerson":{"Id":null},"Sales":{"PersonName":null},"Owner":{"Id":null,"Name":null,"Address":"...","Phone":null},"Location":{"Name":null},"ServiceRequest":{"Id":"D4E6B742-565C-EC11-8103-00155D9EC500","Number":"R-0007924199","LocalId":9959431},"Order":{"Id":null,"No":null},"Invoice":{"Id":null,"No":null},"Insurance":{"Id":null,"Name":null,"Address":null,"ContactInfo":""},"PolicyNumber":null,"ClaimNumber":null,"Deductible":null,"AccidentDate":null,"Inspection_Notes":"Contrato No \/ Rental Agreement: F3267189\r\nEconomico  \/ Stock: NV1088\r\nSeguro  \/ Coverage: CDW\r\nCD. Que Renta \/ Rental Location: MEX53\r\nCD. Recibe \/ Return Location: MEX50\r\nKM Salida \/ Mileage: 4202\r\nGas Salida \/ Fuel Tank Level: F\r\nDatos de contacto \/ Contact info: MARITA BENEY","EStatus":{"Id":5,"Name":"Draft"},"EStatusReason":{"Name":null},"CreateUTCTime":"2021-12-13T20:50:18.150","ModifyUTCTime":"2021-12-13T20:50:18.150","EstimationServices":null,"EstimationQuestions":null}
