{"EntityText":"#: E-000-2110112 Date: 12\/13\/2021 Stock: NK1361 RO: FMX00161 PO:  (2021 NSN KICKSADV 3N8CP5HE6ML550953) Client: DANIEL ANTON MONTOYA MORALES","UTCTimestamp":"2022-03-28T04:19:48.133","InspectionId":"0E4A2EEB-D4AF-4EFB-986C-C5CDF41EA7DE","InspectionNumber":"E-000-2110112","InspectionDate":"2021-12-13","InspectionType":{"Id":"04A19838-AEEC-4B12-BC41-77C52A166A0E","Name":"Hoja de Inspecci�n - check in"},"Amount":0.00,"ApprovedAmount":0.00,"DiscountAmount":0.00000,"TaxAmount":0.00000,"FeesAmount":0.00000,"Employee":{"Id":"22A20387-4CB9-4CA1-8011-0915B3DFC79B","Name":"HERTZ MEX53","ExternalID":null},"Client":{"Id":"4A2FFE79-3E61-4758-81E6-8A33DE873822","Name":"DANIEL ANTON MONTOYA MORALES","Address":"...","Phone":null,"ExternalID":null},"Vehicle":{"VIN":"3N8CP5HE6ML550953","Year":2021,"Make":"NSN","Model":"KICKSADV","PlateNo":"ENX-18-50","Vehicle":{"Color":null},"Mileage":2870,"PaintCode":null},"StockNo":"NK1361","RONo":"FMX00161","IsCompleted":false,"PONo":null,"SalesPerson":{"Id":null},"Sales":{"PersonName":null},"Owner":{"Id":null,"Name":null,"Address":"...","Phone":null},"Location":{"Name":null},"ServiceRequest":{"Id":"740176F5-0747-EC11-8103-00155D9EC500","Number":"R-0007859078","LocalId":9857103},"Order":{"Id":null,"No":null},"Invoice":{"Id":null,"No":null},"Insurance":{"Id":null,"Name":null,"Address":null,"ContactInfo":""},"PolicyNumber":null,"ClaimNumber":null,"Deductible":null,"AccidentDate":null,"Inspection_Notes":"Contrato No \/ Rental Agreement: FMX00161\r\nEconomico  \/ Stock: NK1361\r\nSeguro  \/ Coverage: \r\nCD. Que Renta \/ Rental Location: FMEX51\r\nCD. Recibe \/ Return Location: MEX51\r\nKM Salida \/ Mileage: 2870\r\nGas Salida \/ Fuel Tank Level: F\r\nDatos de contacto \/ Contact info: ","EStatus":{"Id":5,"Name":"Draft"},"EStatusReason":{"Name":null},"CreateUTCTime":"2021-11-16T18:06:52.763","ModifyUTCTime":"2021-11-16T18:06:52.763","EstimationServices":null,"EstimationQuestions":null}
