{"EntityText":"#: E-000-2239448 Date: 12\/13\/2021 Stock: VV0861 RO: F3266888 PO:  (2020 VW VENTO MEX512605LT040462) Client: ARTHUR","UTCTimestamp":"2022-03-28T04:26:09.920","InspectionId":"0E51EA0B-7BE8-4381-8E61-26D5F8E359A9","InspectionNumber":"E-000-2239448","InspectionDate":"2021-12-13","InspectionType":{"Id":"04A19838-AEEC-4B12-BC41-77C52A166A0E","Name":"Hoja de Inspecci�n - check in"},"Amount":0.00,"ApprovedAmount":0.00,"DiscountAmount":0.00000,"TaxAmount":0.00000,"FeesAmount":0.00000,"Employee":{"Id":"42113174-7AA0-4B7A-96DE-4539A896DFE6","Name":"HERTZ R52M40KZ87E","ExternalID":null},"Client":{"Id":"FA576FA0-98C9-4C21-96D1-34E360F54EF7","Name":"ARTHUR","Address":"RUI LAFABNLAINE","Phone":"+33186269080","ExternalID":null},"Vehicle":{"VIN":"MEX512605LT040462","Year":2020,"Make":"VW","Model":"VENTO","PlateNo":"YYB-547-C","Vehicle":{"Color":null},"Mileage":59425,"PaintCode":null},"StockNo":"VV0861","RONo":"F3266888","IsCompleted":false,"PONo":null,"SalesPerson":{"Id":null},"Sales":{"PersonName":null},"Owner":{"Id":null,"Name":null,"Address":"...","Phone":null},"Location":{"Name":null},"ServiceRequest":{"Id":"713003E2-445C-EC11-8103-00155D9EC500","Number":"R-0007923751","LocalId":9958640},"Order":{"Id":null,"No":null},"Invoice":{"Id":null,"No":null},"Insurance":{"Id":null,"Name":null,"Address":null,"ContactInfo":""},"PolicyNumber":null,"ClaimNumber":null,"Deductible":null,"AccidentDate":null,"Inspection_Notes":"Contrato No \/ Rental Agreement: F3266888\r\nEconomico  \/ Stock: VV0861\r\nSeguro  \/ Coverage: CDW,CDW,TP,TP\r\nCD. Que Renta \/ Rental Location: TCTM52\r\nCD. Recibe \/ Return Location: TCTM52\r\nKM Salida \/ Mileage: 59425\r\nGas Salida \/ Fuel Tank Level: F\r\nDatos de contacto \/ Contact info: BACALAR","EStatus":{"Id":5,"Name":"Draft"},"EStatusReason":{"Name":null},"CreateUTCTime":"2021-12-13T18:45:53.460","ModifyUTCTime":"2021-12-13T18:45:53.460","EstimationServices":null,"EstimationQuestions":null}
