{"EntityText":"#: E-000-2214506 Date: 12\/13\/2021 Stock: SE1050 RO: NM672231 PO:  (2021 NSN SENTRA 3N1AB8AE6MY335835) Client: MONICA GARCIA","UTCTimestamp":"2022-03-28T04:20:00.600","InspectionId":"0E5F99BE-4BC7-4372-8824-C69F8CF2CF70","InspectionNumber":"E-000-2214506","InspectionDate":"2021-12-13","InspectionType":{"Id":"04A19838-AEEC-4B12-BC41-77C52A166A0E","Name":"Hoja de Inspecci�n - check in"},"Amount":0.00,"ApprovedAmount":0.00,"DiscountAmount":0.00000,"TaxAmount":0.00000,"FeesAmount":0.00000,"Employee":{"Id":"36D5A659-96CA-4FFC-8E9F-6A4418AB3FA3","Name":"HERTZ MEX51","ExternalID":null},"Client":{"Id":"ABE27271-50ED-49EB-BF37-63602DB5F140","Name":"MONICA GARCIA","Address":"...","Phone":null,"ExternalID":null},"Vehicle":{"VIN":"3N1AB8AE6MY335835","Year":2021,"Make":"NSN","Model":"SENTRA","PlateNo":"ENX-97-38","Vehicle":{"Color":null},"Mileage":985,"PaintCode":null},"StockNo":"SE1050","RONo":"NM672231","IsCompleted":false,"PONo":null,"SalesPerson":{"Id":null},"Sales":{"PersonName":null},"Owner":{"Id":null,"Name":null,"Address":"...","Phone":null},"Location":{"Name":null},"ServiceRequest":{"Id":"3F1DF6DA-4458-EC11-8103-00155D9EC500","Number":"R-0007911279","LocalId":9940237},"Order":{"Id":null,"No":null},"Invoice":{"Id":null,"No":null},"Insurance":{"Id":null,"Name":null,"Address":null,"ContactInfo":""},"PolicyNumber":null,"ClaimNumber":null,"Deductible":null,"AccidentDate":null,"Inspection_Notes":"Contrato No \/ Rental Agreement: NM672231\r\nEconomico  \/ Stock: SE1050\r\nSeguro  \/ Coverage: \r\nCD. Que Renta \/ Rental Location: MEX53\r\nCD. Recibe \/ Return Location: MEX50\r\nKM Salida \/ Mileage: 985\r\nGas Salida \/ Fuel Tank Level: F\r\nDatos de contacto \/ Contact info: ","EStatus":{"Id":5,"Name":"Draft"},"EStatusReason":{"Name":null},"CreateUTCTime":"2021-12-08T16:35:36.683","ModifyUTCTime":"2021-12-08T16:35:36.683","EstimationServices":null,"EstimationQuestions":null}
