{"EntityText":"#: E-000-2222961 Date: 12\/13\/2021 Stock: B51219 RO: MXI86997 PO:  (2021 CHE BEAT5P MA6CB6FD5MT012167) Client: PABLO","UTCTimestamp":"2022-03-28T04:20:00.600","InspectionId":"0E842504-B20B-4B66-A284-D40047EC91D3","InspectionNumber":"E-000-2222961","InspectionDate":"2021-12-13","InspectionType":{"Id":"33034816-D00A-49F6-8AA5-55D54FDE8907","Name":"Hoja de Inspeccion - check out"},"Amount":0.00,"ApprovedAmount":0.00,"DiscountAmount":0.00000,"TaxAmount":0.00000,"FeesAmount":0.00000,"Employee":{"Id":"A3FA764F-59C5-4A11-BDC2-8F157B708CCB","Name":"HERTZ MXI50","ExternalID":null},"Client":{"Id":"A7B0920E-2D7D-4721-B530-1D03FC65C429","Name":"PABLO","Address":"...","Phone":null,"ExternalID":null},"Vehicle":{"VIN":"MA6CB6FD5MT012167","Year":2021,"Make":"CHE","Model":"BEAT5P","PlateNo":"DAC-29-80","Vehicle":{"Color":null},"Mileage":21320,"PaintCode":null},"StockNo":"B51219","RONo":"MXI86997","IsCompleted":false,"PONo":null,"SalesPerson":{"Id":null},"Sales":{"PersonName":null},"Owner":{"Id":null,"Name":null,"Address":"...","Phone":null},"Location":{"Name":null},"ServiceRequest":{"Id":"4B4500DE-6A59-EC11-8103-00155D9EC500","Number":"R-0007915507","LocalId":9946973},"Order":{"Id":null,"No":null},"Invoice":{"Id":null,"No":null},"Insurance":{"Id":null,"Name":null,"Address":null,"ContactInfo":""},"PolicyNumber":null,"ClaimNumber":null,"Deductible":null,"AccidentDate":null,"Inspection_Notes":"Contrato No \/ Rental Agreement: MXI86997\r\nEconomico  \/ Stock: B51219\r\nSeguro  \/ Coverage: \r\nCD. Que Renta \/ Rental Location: MXI60\r\nCD. Recibe \/ Return Location: MXI50\r\nKM Salida \/ Mileage: 21320\r\nGas Salida \/ Fuel Tank Level: 3\/8\r\nDatos de contacto \/ Contact info: ","EStatus":{"Id":5,"Name":"Draft"},"EStatusReason":{"Name":null},"CreateUTCTime":"2021-12-10T03:40:09.743","ModifyUTCTime":"2021-12-10T03:40:09.743","EstimationServices":null,"EstimationQuestions":null}
