{"EntityText":"#: E-000-2241694 Date: 12\/13\/2021 Stock: CA1281 RO: F3267660 PO:  (2021 CHE CAVALILT LSGKB54H2MV116703) Client: SHEILA","UTCTimestamp":"2022-03-28T04:31:09.373","InspectionId":"0E9A4612-16B2-4EB7-BF46-004DD88CC717","InspectionNumber":"E-000-2241694","InspectionDate":"2021-12-13","InspectionType":{"Id":"04A19838-AEEC-4B12-BC41-77C52A166A0E","Name":"Hoja de Inspecci�n - check in"},"Amount":0.00,"ApprovedAmount":0.00,"DiscountAmount":0.00000,"TaxAmount":0.00000,"FeesAmount":0.00000,"Employee":{"Id":"58AD97DC-705C-4B70-9626-EC476DC4785D","Name":"HERTZ MTY53","ExternalID":null},"Client":{"Id":"28F2DBE3-8B15-4B34-98B6-5B5B5A25D1B9","Name":"SHEILA","Address":"ISLA SAN FRANCISCO","Phone":"5580955349","ExternalID":null},"Vehicle":{"VIN":"LSGKB54H2MV116703","Year":2021,"Make":"CHE","Model":"CAVALILT","PlateNo":"EPA-80-22","Vehicle":{"Color":null},"Mileage":26758,"PaintCode":null},"StockNo":"CA1281","RONo":"F3267660","IsCompleted":false,"PONo":null,"SalesPerson":{"Id":null},"Sales":{"PersonName":null},"Owner":{"Id":null,"Name":null,"Address":"...","Phone":null},"Location":{"Name":null},"ServiceRequest":{"Id":"FC3E5F1A-775C-EC11-8103-00155D9EC500","Number":"R-0007924874","LocalId":9960494},"Order":{"Id":null,"No":null},"Invoice":{"Id":null,"No":null},"Insurance":{"Id":null,"Name":null,"Address":null,"ContactInfo":""},"PolicyNumber":null,"ClaimNumber":null,"Deductible":null,"AccidentDate":null,"Inspection_Notes":"Contrato No \/ Rental Agreement: F3267660\r\nEconomico  \/ Stock: CA1281\r\nSeguro  \/ Coverage: CDW-2,B2B,CDW2-LDW0%,RS ASSIST.\r\nCD. Que Renta \/ Rental Location: MTY52\r\nCD. Recibe \/ Return Location: MTY53\r\nKM Salida \/ Mileage: 26758\r\nGas Salida \/ Fuel Tank Level: 7\/8\r\nDatos de contacto \/ Contact info: QUALITY INN VALLE","EStatus":{"Id":5,"Name":"Draft"},"EStatusReason":{"Name":null},"CreateUTCTime":"2021-12-14T00:45:22.980","ModifyUTCTime":"2021-12-14T00:45:22.980","EstimationServices":null,"EstimationQuestions":null}
