{"EntityText":"#: E-000-2178686 Date: 12\/13\/2021 Stock: VJ1069 RO: F3245634 PO:  (2021 VW JETTACF 3VWHP6BU2MM018288) Client: DAVID HUMBERTO","UTCTimestamp":"2022-03-28T04:19:48.133","InspectionId":"0E9C6B75-FC01-4C78-AA4E-694C00DCC12A","InspectionNumber":"E-000-2178686","InspectionDate":"2021-12-13","InspectionType":{"Id":"04A19838-AEEC-4B12-BC41-77C52A166A0E","Name":"Hoja de Inspecci�n - check in"},"Amount":0.00,"ApprovedAmount":0.00,"DiscountAmount":0.00000,"TaxAmount":0.00000,"FeesAmount":0.00000,"Employee":{"Id":"D43C5968-7DBA-4003-A590-1957E72842E4","Name":"HERTZ PDC61","ExternalID":null},"Client":{"Id":"3CE966D0-3DD3-4F16-BF24-3CF97CCF5B1B","Name":"DAVID HUMBERTO","Address":"C2BIS OTE Y 7 SUR","Phone":"9841361329","ExternalID":null},"Vehicle":{"VIN":"3VWHP6BU2MM018288","Year":2021,"Make":"VW","Model":"JETTACF","PlateNo":"A-808-TPH","Vehicle":{"Color":null},"Mileage":40147,"PaintCode":null},"StockNo":"VJ1069","RONo":"F3245634","IsCompleted":false,"PONo":null,"SalesPerson":{"Id":null},"Sales":{"PersonName":null},"Owner":{"Id":null,"Name":null,"Address":"...","Phone":null},"Location":{"Name":null},"ServiceRequest":{"Id":"6FDF3451-3152-EC11-8103-00155D9EC500","Number":"R-0007893368","LocalId":9911146},"Order":{"Id":null,"No":null},"Invoice":{"Id":null,"No":null},"Insurance":{"Id":null,"Name":null,"Address":null,"ContactInfo":""},"PolicyNumber":null,"ClaimNumber":null,"Deductible":null,"AccidentDate":null,"Inspection_Notes":"Contrato No \/ Rental Agreement: F3245634\r\nEconomico  \/ Stock: VJ1069\r\nSeguro  \/ Coverage: CDW-2\r\nCD. Que Renta \/ Rental Location: PDC61\r\nCD. Recibe \/ Return Location: PDC61\r\nKM Salida \/ Mileage: 40147\r\nGas Salida \/ Fuel Tank Level: F\r\nDatos de contacto \/ Contact info: FRACC VILLAS TULUM","EStatus":{"Id":5,"Name":"Draft"},"EStatusReason":{"Name":null},"CreateUTCTime":"2021-11-30T23:00:33.590","ModifyUTCTime":"2021-11-30T23:00:33.590","EstimationServices":null,"EstimationQuestions":null}
