{"EntityText":"#: E-000-1691483 Date: 12\/13\/2021 Stock: NV0300 RO: SAN87797 PO:  (2020 NSN VERSASEN 3N1CN8AE7LK858962) Client: JOSE ANGEL REYES HERNANDEZ","UTCTimestamp":"2022-03-28T04:19:39.813","InspectionId":"0EB30F1B-506D-4760-A090-B0351BDF2475","InspectionNumber":"E-000-1691483","InspectionDate":"2021-12-13","InspectionType":{"Id":"33034816-D00A-49F6-8AA5-55D54FDE8907","Name":"Hoja de Inspeccion - check out"},"Amount":0.00,"ApprovedAmount":0.00,"DiscountAmount":0.00000,"TaxAmount":0.00000,"FeesAmount":0.00000,"Employee":{"Id":"9A579DA3-F7DA-41C5-9C48-7BAAE449B578","Name":"HERTZ LTO60","ExternalID":null},"Client":{"Id":"F7E21528-7829-4F84-B742-288149512AED","Name":"JOSE ANGEL REYES HERNANDEZ","Address":"...","Phone":null,"ExternalID":null},"Vehicle":{"VIN":"3N1CN8AE7LK858962","Year":2020,"Make":"NSN","Model":"VERSASEN","PlateNo":"17-60-AVE","Vehicle":{"Color":null},"Mileage":11384,"PaintCode":null},"StockNo":"NV0300","RONo":"SAN87797","IsCompleted":false,"PONo":null,"SalesPerson":{"Id":null},"Sales":{"PersonName":null},"Owner":{"Id":null,"Name":null,"Address":"...","Phone":null},"Location":{"Name":null},"ServiceRequest":{"Id":"CC1E43EE-15FD-EB11-80FE-00155D9EC500","Number":"R-0007649702","LocalId":9492831},"Order":{"Id":null,"No":null},"Invoice":{"Id":null,"No":null},"Insurance":{"Id":null,"Name":null,"Address":null,"ContactInfo":""},"PolicyNumber":null,"ClaimNumber":null,"Deductible":null,"AccidentDate":null,"Inspection_Notes":"Contrato No \/ Rental Agreement: SAN87797\r\nEconomico  \/ Stock: NV0300\r\nSeguro  \/ Coverage: \r\nCD. Que Renta \/ Rental Location: SAN50\r\nCD. Recibe \/ Return Location: SAN50\r\nKM Salida \/ Mileage: 11384\r\nGas Salida \/ Fuel Tank Level: 3\/4\r\nDatos de contacto \/ Contact info: ","EStatus":{"Id":5,"Name":"Draft"},"EStatusReason":{"Name":null},"CreateUTCTime":"2021-08-14T15:40:27.610","ModifyUTCTime":"2021-08-14T15:40:27.610","EstimationServices":null,"EstimationQuestions":null}
