{"EntityText":"#: E-000-1958391 Date: 12\/13\/2021 Stock: AU0904 RO: ME982185 PO:  (2020 CHE AVEOLT LSGHD52H4LD043572) Client: JOSE LUIS ARANAMANDUJANO","UTCTimestamp":"2022-03-28T04:19:43.870","InspectionId":"0ED73778-1438-442A-937B-205B9B2B8A7C","InspectionNumber":"E-000-1958391","InspectionDate":"2021-12-13","InspectionType":{"Id":"33034816-D00A-49F6-8AA5-55D54FDE8907","Name":"Hoja de Inspeccion - check out"},"Amount":0.00,"ApprovedAmount":0.00,"DiscountAmount":0.00000,"TaxAmount":0.00000,"FeesAmount":0.00000,"Employee":{"Id":"0C424B04-09C4-4FE9-8068-20B1B7429997","Name":"HERTZ MEX67","ExternalID":null},"Client":{"Id":"5BB62C2A-E352-4960-95BF-6F1E0D68E5EE","Name":"JOSE LUIS ARANAMANDUJANO","Address":"...","Phone":null,"ExternalID":null},"Vehicle":{"VIN":"LSGHD52H4LD043572","Year":2020,"Make":"CHE","Model":"AVEOLT","PlateNo":"96-63-AVD","Vehicle":{"Color":null},"Mileage":71785,"PaintCode":null},"StockNo":"AU0904","RONo":"ME982185","IsCompleted":false,"PONo":null,"SalesPerson":{"Id":null},"Sales":{"PersonName":null},"Owner":{"Id":null,"Name":null,"Address":"...","Phone":null},"Location":{"Name":null},"ServiceRequest":{"Id":"1E6FF7DF-C32D-EC11-80FE-00155D9EC500","Number":"R-0007783206","LocalId":9723385},"Order":{"Id":null,"No":null},"Invoice":{"Id":null,"No":null},"Insurance":{"Id":null,"Name":null,"Address":null,"ContactInfo":""},"PolicyNumber":null,"ClaimNumber":null,"Deductible":null,"AccidentDate":null,"Inspection_Notes":"Contrato No \/ Rental Agreement: ME982185\r\nEconomico  \/ Stock: AU0904\r\nSeguro  \/ Coverage: \r\nCD. Que Renta \/ Rental Location: MEX97\r\nCD. Recibe \/ Return Location: MEX97\r\nKM Salida \/ Mileage: 71785\r\nGas Salida \/ Fuel Tank Level: 3\/4\r\nDatos de contacto \/ Contact info: ","EStatus":{"Id":5,"Name":"Draft"},"EStatusReason":{"Name":null},"CreateUTCTime":"2021-10-15T14:26:31.337","ModifyUTCTime":"2021-10-15T14:26:31.337","EstimationServices":null,"EstimationQuestions":null}
