{"EntityText":"#: E-000-2241040 Date: 12\/13\/2021 Stock: AU0A99 RO: F3267439 PO:  (2020 CHE AVEOLT LSGHD52H3LD081245) Client: GISELA CAMORLINGA COBOS","UTCTimestamp":"2022-03-28T04:29:14.223","InspectionId":"0EDB3FD3-77FA-4F93-84FC-0C602EE95C40","InspectionNumber":"E-000-2241040","InspectionDate":"2021-12-13","InspectionType":{"Id":"04A19838-AEEC-4B12-BC41-77C52A166A0E","Name":"Hoja de Inspecci�n - check in"},"Amount":0.00,"ApprovedAmount":0.00,"DiscountAmount":0.00000,"TaxAmount":0.00000,"FeesAmount":0.00000,"Employee":{"Id":"897AF737-C484-4D9C-9FEA-C21B99EABE11","Name":"HERTZ SAN50-01","ExternalID":null},"Client":{"Id":"65DB5B87-59C6-4F10-A0B9-0A777DA62E50","Name":"GISELA CAMORLINGA COBOS","Address":"2","Phone":"5548778238","ExternalID":null},"Vehicle":{"VIN":"LSGHD52H3LD081245","Year":2020,"Make":"CHE","Model":"AVEOLT","PlateNo":"99-59-AVD","Vehicle":{"Color":null},"Mileage":50582,"PaintCode":null},"StockNo":"AU0A99","RONo":"F3267439","IsCompleted":false,"PONo":null,"SalesPerson":{"Id":null},"Sales":{"PersonName":null},"Owner":{"Id":null,"Name":null,"Address":"...","Phone":null},"Location":{"Name":null},"ServiceRequest":{"Id":"9BFB934F-645C-EC11-8103-00155D9EC500","Number":"R-0007924547","LocalId":9959956},"Order":{"Id":null,"No":null},"Invoice":{"Id":null,"No":null},"Insurance":{"Id":null,"Name":null,"Address":null,"ContactInfo":""},"PolicyNumber":null,"ClaimNumber":null,"Deductible":null,"AccidentDate":null,"Inspection_Notes":"Contrato No \/ Rental Agreement: F3267439\r\nEconomico  \/ Stock: AU0A99\r\nSeguro  \/ Coverage: LDW,RS ASSIST.,B2B\r\nCD. Que Renta \/ Rental Location: SAN50\r\nCD. Recibe \/ Return Location: SAN50\r\nKM Salida \/ Mileage: 50582\r\nGas Salida \/ Fuel Tank Level: 5\/8\r\nDatos de contacto \/ Contact info: KRISTAL GRAND","EStatus":{"Id":5,"Name":"Draft"},"EStatusReason":{"Name":null},"CreateUTCTime":"2021-12-13T22:30:48.477","ModifyUTCTime":"2021-12-13T22:30:48.477","EstimationServices":null,"EstimationQuestions":null}
