{"EntityText":"#: E-000-2240785 Date: 12\/13\/2021 Stock: NM0182 RO: F3267342 PO:  (2020 NSN MARCHABS 3N1CK3CDXLL208954) Client: LUIS ANTONIO JUAREZ MORENO","UTCTimestamp":"2022-03-28T04:28:37.390","InspectionId":"0EF386F5-53CD-49C8-8CFC-B54106A67579","InspectionNumber":"E-000-2240785","InspectionDate":"2021-12-13","InspectionType":{"Id":"33034816-D00A-49F6-8AA5-55D54FDE8907","Name":"Hoja de Inspeccion - check out"},"Amount":0.00,"ApprovedAmount":0.00,"DiscountAmount":0.00000,"TaxAmount":0.00000,"FeesAmount":0.00000,"Employee":{"Id":"4C1D4F7F-6DC2-4CCB-B1C9-068DC167B80B","Name":"HERTZ GDL50","ExternalID":null},"Client":{"Id":"D6010E0C-A00F-41BB-B88D-26D909B77EE6","Name":"LUIS ANTONIO JUAREZ MORENO","Address":"AMERICA","Phone":"5518772123","ExternalID":null},"Vehicle":{"VIN":"3N1CK3CDXLL208954","Year":2020,"Make":"NSN","Model":"MARCHABS","PlateNo":"DAA-12-41","Vehicle":{"Color":null},"Mileage":61664,"PaintCode":null},"StockNo":"NM0182","RONo":"F3267342","IsCompleted":false,"PONo":null,"SalesPerson":{"Id":null},"Sales":{"PersonName":null},"Owner":{"Id":null,"Name":null,"Address":"...","Phone":null},"Location":{"Name":null},"ServiceRequest":{"Id":"8D40BE62-5F5C-EC11-8103-00155D9EC500","Number":"R-0007924420","LocalId":9959753},"Order":{"Id":null,"No":null},"Invoice":{"Id":null,"No":null},"Insurance":{"Id":null,"Name":null,"Address":null,"ContactInfo":""},"PolicyNumber":null,"ClaimNumber":null,"Deductible":null,"AccidentDate":null,"Inspection_Notes":"Contrato No \/ Rental Agreement: F3267342\r\nEconomico  \/ Stock: NM0182\r\nSeguro  \/ Coverage: CDW-2,CDW2 - CDW,PAI,RS ASSIST.\r\nCD. Que Renta \/ Rental Location: GDL50\r\nCD. Recibe \/ Return Location: GDL50\r\nKM Salida \/ Mileage: 61664\r\nGas Salida \/ Fuel Tank Level: F\r\nDatos de contacto \/ Contact info: SOS 5530953317 ADRIANA HMANA","EStatus":{"Id":5,"Name":"Draft"},"EStatusReason":{"Name":null},"CreateUTCTime":"2021-12-13T21:55:29.990","ModifyUTCTime":"2021-12-13T21:55:29.990","EstimationServices":null,"EstimationQuestions":null}
