{"EntityText":"#: E-000-2115130 Date: 12\/13\/2021 Stock: RD1275 RO: ME982552 PO:  (2021 RENAULT DUSTER 93YHSB15XMJ004544) Client: ERICK NAVA CRUZ","UTCTimestamp":"2022-03-28T04:19:48.133","InspectionId":"0F0D9270-4E49-4B3B-A695-140B1625D988","InspectionNumber":"E-000-2115130","InspectionDate":"2021-12-13","InspectionType":{"Id":"04A19838-AEEC-4B12-BC41-77C52A166A0E","Name":"Hoja de Inspecci�n - check in"},"Amount":0.00,"ApprovedAmount":0.00,"DiscountAmount":0.00000,"TaxAmount":0.00000,"FeesAmount":0.00000,"Employee":{"Id":"E65CFBE2-ED52-4C96-B955-1F2EE1902072","Name":"HERTZ R52M40KZ7FX","ExternalID":null},"Client":{"Id":"F30BFC26-93DA-4707-88AE-C8CA0B5620D7","Name":"ERICK NAVA CRUZ","Address":"...","Phone":null,"ExternalID":null},"Vehicle":{"VIN":"93YHSB15XMJ004544","Year":2021,"Make":"RENAULT","Model":"DUSTER","PlateNo":"ENW-39-80","Vehicle":{"Color":null},"Mileage":21,"PaintCode":null},"StockNo":"RD1275","RONo":"ME982552","IsCompleted":false,"PONo":null,"SalesPerson":{"Id":null},"Sales":{"PersonName":null},"Owner":{"Id":null,"Name":null,"Address":"...","Phone":null},"Location":{"Name":null},"ServiceRequest":{"Id":"1D593A44-C947-EC11-8103-00155D9EC500","Number":"R-0007861587","LocalId":9861521},"Order":{"Id":null,"No":null},"Invoice":{"Id":null,"No":null},"Insurance":{"Id":null,"Name":null,"Address":null,"ContactInfo":""},"PolicyNumber":null,"ClaimNumber":null,"Deductible":null,"AccidentDate":null,"Inspection_Notes":"Contrato No \/ Rental Agreement: ME982552\r\nEconomico  \/ Stock: RD1275\r\nSeguro  \/ Coverage: \r\nCD. Que Renta \/ Rental Location: MEX97\r\nCD. Recibe \/ Return Location: MEX51\r\nKM Salida \/ Mileage: 21\r\nGas Salida \/ Fuel Tank Level: \r\nDatos de contacto \/ Contact info: ","EStatus":{"Id":5,"Name":"Draft"},"EStatusReason":{"Name":null},"CreateUTCTime":"2021-11-17T17:10:32.780","ModifyUTCTime":"2021-11-17T17:10:32.780","EstimationServices":null,"EstimationQuestions":null}
