{"EntityText":"#: E-000-2237918 Date: 12\/13\/2021 Stock: MF0003 RO: NCN37878 PO:  (2019 FT MOBI 9BD341A67LY628345) Client: CARLOS GONGORA","UTCTimestamp":"2022-03-28T04:22:10.483","InspectionId":"0F25FD02-601D-4511-8664-F74B0C0DBABF","InspectionNumber":"E-000-2237918","InspectionDate":"2021-12-13","InspectionType":{"Id":"04A19838-AEEC-4B12-BC41-77C52A166A0E","Name":"Hoja de Inspecci�n - check in"},"Amount":0.00,"ApprovedAmount":0.00,"DiscountAmount":0.00000,"TaxAmount":0.00000,"FeesAmount":0.00000,"Employee":{"Id":"D9181D69-A72F-4ED3-B334-455E1E58A55F","Name":"HERTZ F4KJL61QF193","ExternalID":null},"Client":{"Id":"DE63C16A-B2AB-4105-BBC6-28FA17AF14B0","Name":"CARLOS GONGORA","Address":"...","Phone":null,"ExternalID":null},"Vehicle":{"VIN":"9BD341A67LY628345","Year":2019,"Make":"FT","Model":"MOBI","PlateNo":"YZC-158-C","Vehicle":{"Color":null},"Mileage":58311,"PaintCode":null},"StockNo":"MF0003","RONo":"NCN37878","IsCompleted":false,"PONo":null,"SalesPerson":{"Id":null},"Sales":{"PersonName":null},"Owner":{"Id":null,"Name":null,"Address":"...","Phone":null},"Location":{"Name":null},"ServiceRequest":{"Id":"D11AF27E-275C-EC11-8103-00155D9EC500","Number":"R-0007922986","LocalId":9957560},"Order":{"Id":null,"No":null},"Invoice":{"Id":null,"No":null},"Insurance":{"Id":null,"Name":null,"Address":null,"ContactInfo":""},"PolicyNumber":null,"ClaimNumber":null,"Deductible":null,"AccidentDate":null,"Inspection_Notes":"Contrato No \/ Rental Agreement: NCN37878\r\nEconomico  \/ Stock: MF0003\r\nSeguro  \/ Coverage: \r\nCD. Que Renta \/ Rental Location: CAN50\r\nCD. Recibe \/ Return Location: CAN50\r\nKM Salida \/ Mileage: 58311\r\nGas Salida \/ Fuel Tank Level: F\r\nDatos de contacto \/ Contact info: ","EStatus":{"Id":5,"Name":"Draft"},"EStatusReason":{"Name":null},"CreateUTCTime":"2021-12-13T15:15:32.303","ModifyUTCTime":"2021-12-13T15:15:32.303","EstimationServices":null,"EstimationQuestions":null}
