{"EntityText":"#: E-000-1808558 Date: 12\/13\/2021 Stock: CR1002 RO: F3117044 PO:  (2021 VW T-CROSS 9BWBL6BF1M4020976) Client: OMAR","UTCTimestamp":"2022-03-28T04:19:39.813","InspectionId":"0F8F24BC-A69F-4DA0-8636-AA27D17ECA0B","InspectionNumber":"E-000-1808558","InspectionDate":"2021-12-13","InspectionType":{"Id":"04A19838-AEEC-4B12-BC41-77C52A166A0E","Name":"Hoja de Inspecci�n - check in"},"Amount":0.00,"ApprovedAmount":0.00,"DiscountAmount":0.00000,"TaxAmount":0.00000,"FeesAmount":0.00000,"Employee":{"Id":"D43C5968-7DBA-4003-A590-1957E72842E4","Name":"HERTZ PDC61","ExternalID":null},"Client":{"Id":"629694EC-514E-4D5F-B77F-C7ACBF7120EA","Name":"OMAR","Address":"TLACOTALPAN 140","Phone":"5540779000","ExternalID":null},"Vehicle":{"VIN":"9BWBL6BF1M4020976","Year":2021,"Make":"VW","Model":"T-CROSS","PlateNo":"YXZ-997-D","Vehicle":{"Color":null},"Mileage":11653,"PaintCode":null},"StockNo":"CR1002","RONo":"F3117044","IsCompleted":false,"PONo":null,"SalesPerson":{"Id":null},"Sales":{"PersonName":null},"Owner":{"Id":null,"Name":null,"Address":"...","Phone":null},"Location":{"Name":null},"ServiceRequest":{"Id":"ED5E5E73-0D13-EC11-80FE-00155D9EC500","Number":"R-0007708272","LocalId":9596940},"Order":{"Id":null,"No":null},"Invoice":{"Id":null,"No":null},"Insurance":{"Id":null,"Name":null,"Address":null,"ContactInfo":""},"PolicyNumber":null,"ClaimNumber":null,"Deductible":null,"AccidentDate":null,"Inspection_Notes":"Contrato No \/ Rental Agreement: F3117044\r\nEconomico  \/ Stock: CR1002\r\nSeguro  \/ Coverage: LDW,B2B\r\nCD. Que Renta \/ Rental Location: CAN50\r\nCD. Recibe \/ Return Location: CAN50\r\nKM Salida \/ Mileage: 11653\r\nGas Salida \/ Fuel Tank Level: F\r\nDatos de contacto \/ Contact info: PTO MORELOS HTL ARRECIFES","EStatus":{"Id":5,"Name":"Draft"},"EStatusReason":{"Name":null},"CreateUTCTime":"2021-09-11T14:35:09.457","ModifyUTCTime":"2021-09-11T14:35:09.457","EstimationServices":null,"EstimationQuestions":null}
