{"EntityText":"#: E-000-2237174 Date: 12\/13\/2021 Stock: TA1219 RO: F3266067 PO:  (2021 VW TAOS 3VVHB6B26MM007022) Client: FABIAN CRUZ VARGAS","UTCTimestamp":"2022-03-28T04:20:51.597","InspectionId":"0F9388C7-2551-48A8-92A8-2FC171C35434","InspectionNumber":"E-000-2237174","InspectionDate":"2021-12-13","InspectionType":{"Id":"04A19838-AEEC-4B12-BC41-77C52A166A0E","Name":"Hoja de Inspecci�n - check in"},"Amount":0.00,"ApprovedAmount":0.00,"DiscountAmount":0.00000,"TaxAmount":0.00000,"FeesAmount":0.00000,"Employee":{"Id":"ED630168-DBE6-4645-A153-00A57C5D54A6","Name":"HERTZ TIJ51","ExternalID":null},"Client":{"Id":"D0EA232F-A6B3-4515-8699-B7271DF13491","Name":"FABIAN CRUZ VARGAS","Address":"EMILIANO ZAPATA","Phone":"5541817665","ExternalID":null},"Vehicle":{"VIN":"3VVHB6B26MM007022","Year":2021,"Make":"VW","Model":"TAOS","PlateNo":"DAC-74-17","Vehicle":{"Color":null},"Mileage":19878,"PaintCode":null},"StockNo":"TA1219","RONo":"F3266067","IsCompleted":false,"PONo":null,"SalesPerson":{"Id":null},"Sales":{"PersonName":null},"Owner":{"Id":null,"Name":null,"Address":"...","Phone":null},"Location":{"Name":null},"ServiceRequest":{"Id":"68487300-DC5B-EC11-8103-00155D9EC500","Number":"R-0007922614","LocalId":9956636},"Order":{"Id":null,"No":null},"Invoice":{"Id":null,"No":null},"Insurance":{"Id":null,"Name":null,"Address":null,"ContactInfo":""},"PolicyNumber":null,"ClaimNumber":null,"Deductible":null,"AccidentDate":null,"Inspection_Notes":"Contrato No \/ Rental Agreement: F3266067\r\nEconomico  \/ Stock: TA1219\r\nSeguro  \/ Coverage: CDW-2\r\nCD. Que Renta \/ Rental Location: DTIJ51\r\nCD. Recibe \/ Return Location: DTIJ51\r\nKM Salida \/ Mileage: 19878\r\nGas Salida \/ Fuel Tank Level: 3\/4\r\nDatos de contacto \/ Contact info: PARTICULAR","EStatus":{"Id":5,"Name":"Draft"},"EStatusReason":{"Name":null},"CreateUTCTime":"2021-12-13T06:15:09.493","ModifyUTCTime":"2021-12-13T06:15:09.493","EstimationServices":null,"EstimationQuestions":null}
