{"EntityText":"#: E-000-2237508 Date: 12\/13\/2021 Stock: KE0205 RO: CDC59314 PO:  (2020 KIA SEDONA KNDMB5C23L6612572) Client: JOHAN MANUEL SERRAT MIZET","UTCTimestamp":"2022-03-28T04:21:30.170","InspectionId":"0FC63DC6-BB7A-46B2-92DC-6843F97ED078","InspectionNumber":"E-000-2237508","InspectionDate":"2021-12-13","InspectionType":{"Id":"04A19838-AEEC-4B12-BC41-77C52A166A0E","Name":"Hoja de Inspecci�n - check in"},"Amount":0.00,"ApprovedAmount":0.00,"DiscountAmount":0.00000,"TaxAmount":0.00000,"FeesAmount":0.00000,"Employee":{"Id":"398C3146-8AA6-4008-8142-08988741315C","Name":"HERTZ CDC50","ExternalID":null},"Client":{"Id":"A0619894-DCC8-4BC9-BDAF-F88DCEFD2CAF","Name":"JOHAN MANUEL SERRAT MIZET","Address":"...","Phone":null,"ExternalID":null},"Vehicle":{"VIN":"KNDMB5C23L6612572","Year":2020,"Make":"KIA","Model":"SEDONA","PlateNo":"ENT-22-62","Vehicle":{"Color":null},"Mileage":85157,"PaintCode":null},"StockNo":"KE0205","RONo":"CDC59314","IsCompleted":false,"PONo":null,"SalesPerson":{"Id":null},"Sales":{"PersonName":null},"Owner":{"Id":null,"Name":null,"Address":"...","Phone":null},"Location":{"Name":null},"ServiceRequest":{"Id":"13A969F5-1C5C-EC11-8103-00155D9EC500","Number":"R-0007922781","LocalId":9957237},"Order":{"Id":null,"No":null},"Invoice":{"Id":null,"No":null},"Insurance":{"Id":null,"Name":null,"Address":null,"ContactInfo":""},"PolicyNumber":null,"ClaimNumber":null,"Deductible":null,"AccidentDate":null,"Inspection_Notes":"Contrato No \/ Rental Agreement: CDC59314\r\nEconomico  \/ Stock: KE0205\r\nSeguro  \/ Coverage: \r\nCD. Que Renta \/ Rental Location: CDC50\r\nCD. Recibe \/ Return Location: CDC50\r\nKM Salida \/ Mileage: 85157\r\nGas Salida \/ Fuel Tank Level: 7\/8\r\nDatos de contacto \/ Contact info: ","EStatus":{"Id":5,"Name":"Draft"},"EStatusReason":{"Name":null},"CreateUTCTime":"2021-12-13T14:00:04.953","ModifyUTCTime":"2021-12-13T14:00:04.953","EstimationServices":null,"EstimationQuestions":null}
