{"EntityText":"#: E-000-2237899 Date: 12\/13\/2021 Stock: PO1254 RO: F3266342 PO:  (2021 VW POLOC MEX6K2607MT134233) Client: GERNARO","UTCTimestamp":"2022-03-28T04:22:10.483","InspectionId":"0FFEA7AF-C4CD-42D8-936D-8418288A19FB","InspectionNumber":"E-000-2237899","InspectionDate":"2021-12-13","InspectionType":{"Id":"33034816-D00A-49F6-8AA5-55D54FDE8907","Name":"Hoja de Inspeccion - check out"},"Amount":0.00,"ApprovedAmount":0.00,"DiscountAmount":0.00000,"TaxAmount":0.00000,"FeesAmount":0.00000,"Employee":{"Id":"7272EF35-BA42-4012-A525-ECB34FF20C5B","Name":"HERTZ R52M10TDL7W","ExternalID":null},"Client":{"Id":"40D81357-9D71-4AE0-8CAE-C5498C9E7767","Name":"GERNARO","Address":"NIEBLA 2 TREBOL","Phone":"818865173","ExternalID":null},"Vehicle":{"VIN":"MEX6K2607MT134233","Year":2021,"Make":"VW","Model":"POLOC","PlateNo":"EPD-27-04","Vehicle":{"Color":null},"Mileage":10227,"PaintCode":null},"StockNo":"PO1254","RONo":"F3266342","IsCompleted":false,"PONo":null,"SalesPerson":{"Id":null},"Sales":{"PersonName":null},"Owner":{"Id":null,"Name":null,"Address":"...","Phone":null},"Location":{"Name":null},"ServiceRequest":{"Id":"4566D878-275C-EC11-8103-00155D9EC500","Number":"R-0007922977","LocalId":9957549},"Order":{"Id":null,"No":null},"Invoice":{"Id":null,"No":null},"Insurance":{"Id":null,"Name":null,"Address":null,"ContactInfo":""},"PolicyNumber":null,"ClaimNumber":null,"Deductible":null,"AccidentDate":null,"Inspection_Notes":"Contrato No \/ Rental Agreement: F3266342\r\nEconomico  \/ Stock: PO1254\r\nSeguro  \/ Coverage: CDW,PAI,TP\r\nCD. Que Renta \/ Rental Location: MTY50\r\nCD. Recibe \/ Return Location: MTY53\r\nKM Salida \/ Mileage: 10227\r\nGas Salida \/ Fuel Tank Level: F\r\nDatos de contacto \/ Contact info: HOTEL FIESTA INN VALLE","EStatus":{"Id":5,"Name":"Draft"},"EStatusReason":{"Name":null},"CreateUTCTime":"2021-12-13T15:15:21.317","ModifyUTCTime":"2021-12-13T15:15:21.317","EstimationServices":null,"EstimationQuestions":null}
