{"EntityText":"#: E-000-2239195 Date: 12\/13\/2021 Stock: ZE0209 RO: F3266811 PO:  (2020 SUZUKI ERTIGA MHYNC22S7LJ108794) Client: RICARDO","UTCTimestamp":"2022-03-28T04:25:34.067","InspectionId":"1001B98F-A666-4C44-A5CE-E034DFE381E3","InspectionNumber":"E-000-2239195","InspectionDate":"2021-12-13","InspectionType":{"Id":"33034816-D00A-49F6-8AA5-55D54FDE8907","Name":"Hoja de Inspeccion - check out"},"Amount":0.00,"ApprovedAmount":0.00,"DiscountAmount":0.00000,"TaxAmount":0.00000,"FeesAmount":0.00000,"Employee":{"Id":"7272EF35-BA42-4012-A525-ECB34FF20C5B","Name":"HERTZ R52M10TDL7W","ExternalID":null},"Client":{"Id":"3D450E1E-559F-4094-9841-1B318A59FB80","Name":"RICARDO","Address":"COLINA DE LA XIMENA 76","Phone":"5552709133","ExternalID":null},"Vehicle":{"VIN":"MHYNC22S7LJ108794","Year":2020,"Make":"SUZUKI","Model":"ERTIGA","PlateNo":"95-93-AVD","Vehicle":{"Color":null},"Mileage":63985,"PaintCode":null},"StockNo":"ZE0209","RONo":"F3266811","IsCompleted":false,"PONo":null,"SalesPerson":{"Id":null},"Sales":{"PersonName":null},"Owner":{"Id":null,"Name":null,"Address":"...","Phone":null},"Location":{"Name":null},"ServiceRequest":{"Id":"C84419F0-3F5C-EC11-8103-00155D9EC500","Number":"R-0007923625","LocalId":9958470},"Order":{"Id":null,"No":null},"Invoice":{"Id":null,"No":null},"Insurance":{"Id":null,"Name":null,"Address":null,"ContactInfo":""},"PolicyNumber":null,"ClaimNumber":null,"Deductible":null,"AccidentDate":null,"Inspection_Notes":"Contrato No \/ Rental Agreement: F3266811\r\nEconomico  \/ Stock: ZE0209\r\nSeguro  \/ Coverage: LDWPACK US,RS ASSIST.,HDI 15000\r\nCD. Que Renta \/ Rental Location: MTY52\r\nCD. Recibe \/ Return Location: MTY53\r\nKM Salida \/ Mileage: 63985\r\nGas Salida \/ Fuel Tank Level: F\r\nDatos de contacto \/ Contact info: NH SAN PEDRO","EStatus":{"Id":5,"Name":"Draft"},"EStatusReason":{"Name":null},"CreateUTCTime":"2021-12-13T18:10:28.830","ModifyUTCTime":"2021-12-13T18:10:28.830","EstimationServices":null,"EstimationQuestions":null}
