{"EntityText":"#: E-000-2239807 Date: 12\/13\/2021 Stock: B40561 RO: F3267018 PO:  (2020 CHE BEAT4P MA6CB5CD5LT032917) Client: EDGAR","UTCTimestamp":"2022-03-28T04:26:50.300","InspectionId":"10313EA3-C24C-49DD-8E13-04B671D7A15C","InspectionNumber":"E-000-2239807","InspectionDate":"2021-12-13","InspectionType":{"Id":"33034816-D00A-49F6-8AA5-55D54FDE8907","Name":"Hoja de Inspeccion - check out"},"Amount":0.00,"ApprovedAmount":0.00,"DiscountAmount":0.00000,"TaxAmount":0.00000,"FeesAmount":0.00000,"Employee":{"Id":"897AF737-C484-4D9C-9FEA-C21B99EABE11","Name":"HERTZ SAN50-01","ExternalID":null},"Client":{"Id":"71E48CC3-2D40-4C32-BB88-C6170A6683DE","Name":"EDGAR","Address":"14 PONIENTE 908","Phone":"2225010909","ExternalID":null},"Vehicle":{"VIN":"MA6CB5CD5LT032917","Year":2020,"Make":"CHE","Model":"BEAT4P","PlateNo":"99-54-AVD","Vehicle":{"Color":null},"Mileage":49410,"PaintCode":null},"StockNo":"B40561","RONo":"F3267018","IsCompleted":false,"PONo":null,"SalesPerson":{"Id":null},"Sales":{"PersonName":null},"Owner":{"Id":null,"Name":null,"Address":"...","Phone":null},"Location":{"Name":null},"ServiceRequest":{"Id":"B6DA82D8-4B5C-EC11-8103-00155D9EC500","Number":"R-0007923931","LocalId":9958885},"Order":{"Id":null,"No":null},"Invoice":{"Id":null,"No":null},"Insurance":{"Id":null,"Name":null,"Address":null,"ContactInfo":""},"PolicyNumber":null,"ClaimNumber":null,"Deductible":null,"AccidentDate":null,"Inspection_Notes":"Contrato No \/ Rental Agreement: F3267018\r\nEconomico  \/ Stock: B40561\r\nSeguro  \/ Coverage: LDW,B2B\r\nCD. Que Renta \/ Rental Location: SAN50\r\nCD. Recibe \/ Return Location: SAN50\r\nKM Salida \/ Mileage: 49410\r\nGas Salida \/ Fuel Tank Level: F\r\nDatos de contacto \/ Contact info: ROYAL SOLARIS","EStatus":{"Id":5,"Name":"Draft"},"EStatusReason":{"Name":null},"CreateUTCTime":"2021-12-13T19:35:38.997","ModifyUTCTime":"2021-12-13T19:35:38.997","EstimationServices":null,"EstimationQuestions":null}
