{"EntityText":"#: E-000-2238392 Date: 12\/13\/2021 Stock: PO1019 RO: F3266528 PO:  (2021 VW POLO MEX6A2606MT112338) Client: MONICA","UTCTimestamp":"2022-03-28T04:23:37.427","InspectionId":"1050E60B-9A21-4D33-904E-59498708F1DE","InspectionNumber":"E-000-2238392","InspectionDate":"2021-12-13","InspectionType":{"Id":"04A19838-AEEC-4B12-BC41-77C52A166A0E","Name":"Hoja de Inspecci�n - check in"},"Amount":0.00,"ApprovedAmount":0.00,"DiscountAmount":0.00000,"TaxAmount":0.00000,"FeesAmount":0.00000,"Employee":{"Id":"2ADEB04D-A4B1-499F-AA8E-815C1FD1885A","Name":"HERTZ CANZH1","ExternalID":null},"Client":{"Id":"7838E113-C707-4799-AD92-270A604C765F","Name":"MONICA","Address":"AV SANTA INES NUM 11","Phone":"7351120821","ExternalID":null},"Vehicle":{"VIN":"MEX6A2606MT112338","Year":2021,"Make":"VW","Model":"POLO","PlateNo":"YYK-879-D","Vehicle":{"Color":null},"Mileage":23960,"PaintCode":null},"StockNo":"PO1019","RONo":"F3266528","IsCompleted":false,"PONo":null,"SalesPerson":{"Id":null},"Sales":{"PersonName":null},"Owner":{"Id":null,"Name":null,"Address":"...","Phone":null},"Location":{"Name":null},"ServiceRequest":{"Id":"37CC2A3F-315C-EC11-8103-00155D9EC500","Number":"R-0007923223","LocalId":9957925},"Order":{"Id":null,"No":null},"Invoice":{"Id":null,"No":null},"Insurance":{"Id":null,"Name":null,"Address":null,"ContactInfo":""},"PolicyNumber":null,"ClaimNumber":null,"Deductible":null,"AccidentDate":null,"Inspection_Notes":"Contrato No \/ Rental Agreement: F3266528\r\nEconomico  \/ Stock: PO1019\r\nSeguro  \/ Coverage: LDW,B2B\r\nCD. Que Renta \/ Rental Location: CAN71\r\nCD. Recibe \/ Return Location: CAN71\r\nKM Salida \/ Mileage: 23960\r\nGas Salida \/ Fuel Tank Level: F\r\nDatos de contacto \/ Contact info: PARK ROYAL 2125","EStatus":{"Id":5,"Name":"Draft"},"EStatusReason":{"Name":null},"CreateUTCTime":"2021-12-13T16:25:20.190","ModifyUTCTime":"2021-12-13T16:25:20.190","EstimationServices":null,"EstimationQuestions":null}
