{"EntityText":"#: E-000-2240803 Date: 12\/13\/2021 Stock: RK2006 RO: F3267351 PO:  (2022 RENAULT KWID ICO 93Y1R3D57NJ029384) Client: CRISTIAN","UTCTimestamp":"2022-03-28T04:28:37.390","InspectionId":"10797F5B-7491-446F-B630-EA1DB03C292A","InspectionNumber":"E-000-2240803","InspectionDate":"2021-12-13","InspectionType":{"Id":"33034816-D00A-49F6-8AA5-55D54FDE8907","Name":"Hoja de Inspeccion - check out"},"Amount":0.00,"ApprovedAmount":0.00,"DiscountAmount":0.00000,"TaxAmount":0.00000,"FeesAmount":0.00000,"Employee":{"Id":"22A20387-4CB9-4CA1-8011-0915B3DFC79B","Name":"HERTZ MEX53","ExternalID":null},"Client":{"Id":"9DCF9616-652D-49F9-A36B-BBF2818C9AA0","Name":"CRISTIAN","Address":"AGUA FINA","Phone":"9567353119","ExternalID":null},"Vehicle":{"VIN":"93Y1R3D57NJ029384","Year":2022,"Make":"RENAULT","Model":"KWID ICO","PlateNo":"DAD-41-51","Vehicle":{"Color":null},"Mileage":1549,"PaintCode":null},"StockNo":"RK2006","RONo":"F3267351","IsCompleted":false,"PONo":null,"SalesPerson":{"Id":null},"Sales":{"PersonName":null},"Owner":{"Id":null,"Name":null,"Address":"...","Phone":null},"Location":{"Name":null},"ServiceRequest":{"Id":"4CF84977-5F5C-EC11-8103-00155D9EC500","Number":"R-0007924429","LocalId":9959763},"Order":{"Id":null,"No":null},"Invoice":{"Id":null,"No":null},"Insurance":{"Id":null,"Name":null,"Address":null,"ContactInfo":""},"PolicyNumber":null,"ClaimNumber":null,"Deductible":null,"AccidentDate":null,"Inspection_Notes":"Contrato No \/ Rental Agreement: F3267351\r\nEconomico  \/ Stock: RK2006\r\nSeguro  \/ Coverage: LDW,PAI,TP,B2B,ALI\r\nCD. Que Renta \/ Rental Location: MEX53\r\nCD. Recibe \/ Return Location: MEX50\r\nKM Salida \/ Mileage: 1549\r\nGas Salida \/ Fuel Tank Level: 1\/4\r\nDatos de contacto \/ Contact info: ","EStatus":{"Id":5,"Name":"Draft"},"EStatusReason":{"Name":null},"CreateUTCTime":"2021-12-13T21:56:04.460","ModifyUTCTime":"2021-12-13T21:56:04.460","EstimationServices":null,"EstimationQuestions":null}
