{"EntityText":"#: E-000-2241964 Date: 12\/13\/2021 Stock: VS1262 RO: F3267746 PO:  (2021 VW VIRTUS 9BWDL5BZ8MP019254) Client: RAUKOVIC BRANKO","UTCTimestamp":"2022-03-28T04:31:47.343","InspectionId":"1088185A-7021-4D8D-A1D0-CFE63739F5B7","InspectionNumber":"E-000-2241964","InspectionDate":"2021-12-13","InspectionType":{"Id":"04A19838-AEEC-4B12-BC41-77C52A166A0E","Name":"Hoja de Inspecci�n - check in"},"Amount":0.00,"ApprovedAmount":0.00,"DiscountAmount":0.00000,"TaxAmount":0.00000,"FeesAmount":0.00000,"Employee":{"Id":"D9181D69-A72F-4ED3-B334-455E1E58A55F","Name":"HERTZ F4KJL61QF193","ExternalID":null},"Client":{"Id":"B5B9765D-268E-47D8-89D2-9E624748DB68","Name":"RAUKOVIC BRANKO","Address":"OAK ST STE","Phone":"+14155537133","ExternalID":null},"Vehicle":{"VIN":"9BWDL5BZ8MP019254","Year":2021,"Make":"VW","Model":"VIRTUS","PlateNo":"A-574-TPH","Vehicle":{"Color":null},"Mileage":34979,"PaintCode":null},"StockNo":"VS1262","RONo":"F3267746","IsCompleted":false,"PONo":null,"SalesPerson":{"Id":null},"Sales":{"PersonName":null},"Owner":{"Id":null,"Name":null,"Address":"...","Phone":null},"Location":{"Name":null},"ServiceRequest":{"Id":"EE346E8B-815C-EC11-8103-00155D9EC500","Number":"R-0007925009","LocalId":9960677},"Order":{"Id":null,"No":null},"Invoice":{"Id":null,"No":null},"Insurance":{"Id":null,"Name":null,"Address":null,"ContactInfo":""},"PolicyNumber":null,"ClaimNumber":null,"Deductible":null,"AccidentDate":null,"Inspection_Notes":"Contrato No \/ Rental Agreement: F3267746\r\nEconomico  \/ Stock: VS1262\r\nSeguro  \/ Coverage: LDW,B2B\r\nCD. Que Renta \/ Rental Location: TCAN52\r\nCD. Recibe \/ Return Location: TCAN52\r\nKM Salida \/ Mileage: 34979\r\nGas Salida \/ Fuel Tank Level: F\r\nDatos de contacto \/ Contact info: HOTEL KRYSTAL CANCUN","EStatus":{"Id":5,"Name":"Draft"},"EStatusReason":{"Name":null},"CreateUTCTime":"2021-12-14T02:00:09.110","ModifyUTCTime":"2021-12-14T02:00:09.110","EstimationServices":null,"EstimationQuestions":null}
