{"EntityText":"#: E-000-2238330 Date: 12\/13\/2021 Stock: AU0803 RO: F3266507 PO:  (2020 CHE AVEOLT LSGHD52H6LD044321) Client: KATHARINA","UTCTimestamp":"2022-03-28T04:23:37.427","InspectionId":"10CB3645-ADDB-4201-9A76-555C82D2D35E","InspectionNumber":"E-000-2238330","InspectionDate":"2021-12-13","InspectionType":{"Id":"04A19838-AEEC-4B12-BC41-77C52A166A0E","Name":"Hoja de Inspecci�n - check in"},"Amount":0.00,"ApprovedAmount":0.00,"DiscountAmount":0.00000,"TaxAmount":0.00000,"FeesAmount":0.00000,"Employee":{"Id":"D8DE4A66-C3A6-4885-950A-1A40CBBC229C","Name":"HERTZ R52M10TCWQR","ExternalID":null},"Client":{"Id":"8C8EAC0A-1949-4A20-8AA8-EBD970C038D4","Name":"KATHARINA","Address":"LANDKREIS","Phone":"9984770790","ExternalID":null},"Vehicle":{"VIN":"LSGHD52H6LD044321","Year":2020,"Make":"CHE","Model":"AVEOLT","PlateNo":"YZA-345-C","Vehicle":{"Color":null},"Mileage":70364,"PaintCode":null},"StockNo":"AU0803","RONo":"F3266507","IsCompleted":false,"PONo":null,"SalesPerson":{"Id":null},"Sales":{"PersonName":null},"Owner":{"Id":null,"Name":null,"Address":"...","Phone":null},"Location":{"Name":null},"ServiceRequest":{"Id":"B236E4E3-2F5C-EC11-8103-00155D9EC500","Number":"R-0007923192","LocalId":9957862},"Order":{"Id":null,"No":null},"Invoice":{"Id":null,"No":null},"Insurance":{"Id":null,"Name":null,"Address":null,"ContactInfo":""},"PolicyNumber":null,"ClaimNumber":null,"Deductible":null,"AccidentDate":null,"Inspection_Notes":"Contrato No \/ Rental Agreement: F3266507\r\nEconomico  \/ Stock: AU0803\r\nSeguro  \/ Coverage: CDW\r\nCD. Que Renta \/ Rental Location: TMID51\r\nCD. Recibe \/ Return Location: TMID51\r\nKM Salida \/ Mileage: 70364\r\nGas Salida \/ Fuel Tank Level: 5\/8\r\nDatos de contacto \/ Contact info: PARTICULAR","EStatus":{"Id":5,"Name":"Draft"},"EStatusReason":{"Name":null},"CreateUTCTime":"2021-12-13T16:15:33.760","ModifyUTCTime":"2021-12-13T16:15:33.760","EstimationServices":null,"EstimationQuestions":null}
