{"EntityText":"#: E-000-2241555 Date: 12\/13\/2021 Stock: ZE0304 RO: F3267604 PO:  (2020 SUZUKI ERTIGAX MHYNC22S9LJ110515) Client: ISRRAEL","UTCTimestamp":"2022-03-28T04:30:31.747","InspectionId":"10F49918-3529-4DD7-9251-410C87D86242","InspectionNumber":"E-000-2241555","InspectionDate":"2021-12-13","InspectionType":{"Id":"33034816-D00A-49F6-8AA5-55D54FDE8907","Name":"Hoja de Inspeccion - check out"},"Amount":0.00,"ApprovedAmount":0.00,"DiscountAmount":0.00000,"TaxAmount":0.00000,"FeesAmount":0.00000,"Employee":{"Id":"5743A0B6-7B04-4574-95C1-7ABA2C19E73F","Name":"HERTZ AGU50","ExternalID":null},"Client":{"Id":"D578A5F3-1D2A-443E-BE80-CA708F3F0685","Name":"ISRRAEL","Address":"S HUNTER","Phone":"2099051503","ExternalID":null},"Vehicle":{"VIN":"MHYNC22S9LJ110515","Year":2020,"Make":"SUZUKI","Model":"ERTIGAX","PlateNo":"DAA-48-91","Vehicle":{"Color":null},"Mileage":75314,"PaintCode":null},"StockNo":"ZE0304","RONo":"F3267604","IsCompleted":false,"PONo":null,"SalesPerson":{"Id":null},"Sales":{"PersonName":null},"Owner":{"Id":null,"Name":null,"Address":"...","Phone":null},"Location":{"Name":null},"ServiceRequest":{"Id":"6F3B6830-725C-EC11-8103-00155D9EC500","Number":"R-0007924805","LocalId":9960394},"Order":{"Id":null,"No":null},"Invoice":{"Id":null,"No":null},"Insurance":{"Id":null,"Name":null,"Address":null,"ContactInfo":""},"PolicyNumber":null,"ClaimNumber":null,"Deductible":null,"AccidentDate":null,"Inspection_Notes":"Contrato No \/ Rental Agreement: F3267604\r\nEconomico  \/ Stock: ZE0304\r\nSeguro  \/ Coverage: LDW,B2B\r\nCD. Que Renta \/ Rental Location: DAGU51\r\nCD. Recibe \/ Return Location: DAGU51\r\nKM Salida \/ Mileage: 75314\r\nGas Salida \/ Fuel Tank Level: F\r\nDatos de contacto \/ Contact info: RENCOIN DE ROMOS","EStatus":{"Id":5,"Name":"Draft"},"EStatusReason":{"Name":null},"CreateUTCTime":"2021-12-14T00:10:10.180","ModifyUTCTime":"2021-12-14T00:10:10.180","EstimationServices":null,"EstimationQuestions":null}
