{"EntityText":"#: E-000-2241896 Date: 12\/13\/2021 Stock: CA1050 RO: F3266174 PO:  (2021 CHE CAVALILT LSGKB54H3MV047276) Client: DAVID OLEARY","UTCTimestamp":"2022-03-28T04:31:09.373","InspectionId":"113093D7-9AAD-4007-B2E4-C4B1677BF3B8","InspectionNumber":"E-000-2241896","InspectionDate":"2021-12-13","InspectionType":{"Id":"04A19838-AEEC-4B12-BC41-77C52A166A0E","Name":"Hoja de Inspecci�n - check in"},"Amount":0.00,"ApprovedAmount":0.00,"DiscountAmount":0.00000,"TaxAmount":0.00000,"FeesAmount":0.00000,"Employee":{"Id":"D9181D69-A72F-4ED3-B334-455E1E58A55F","Name":"HERTZ F4KJL61QF193","ExternalID":null},"Client":{"Id":"2809C69B-6E0B-4504-AB98-7DE6261ED78A","Name":"DAVID OLEARY","Address":"4617 S MOUNT SPRINGS CT","Phone":"801-560-2860","ExternalID":null},"Vehicle":{"VIN":"LSGKB54H3MV047276","Year":2021,"Make":"CHE","Model":"CAVALILT","PlateNo":"ZBZ-379-C","Vehicle":{"Color":null},"Mileage":30176,"PaintCode":null},"StockNo":"CA1050","RONo":"F3266174","IsCompleted":false,"PONo":null,"SalesPerson":{"Id":null},"Sales":{"PersonName":null},"Owner":{"Id":null,"Name":null,"Address":"...","Phone":null},"Location":{"Name":null},"ServiceRequest":{"Id":"000500C0-7E5C-EC11-8103-00155D9EC500","Number":"R-0007924975","LocalId":9960631},"Order":{"Id":null,"No":null},"Invoice":{"Id":null,"No":null},"Insurance":{"Id":null,"Name":null,"Address":null,"ContactInfo":""},"PolicyNumber":null,"ClaimNumber":null,"Deductible":null,"AccidentDate":null,"Inspection_Notes":"Contrato No \/ Rental Agreement: F3266174\r\nEconomico  \/ Stock: CA1050\r\nSeguro  \/ Coverage: ALI,LOST USE\r\nCD. Que Renta \/ Rental Location: CAN50\r\nCD. Recibe \/ Return Location: CAN50\r\nKM Salida \/ Mileage: 30176\r\nGas Salida \/ Fuel Tank Level: F\r\nDatos de contacto \/ Contact info: ALIA TULUM","EStatus":{"Id":5,"Name":"Draft"},"EStatusReason":{"Name":null},"CreateUTCTime":"2021-12-14T01:40:07.880","ModifyUTCTime":"2021-12-14T01:40:07.880","EstimationServices":null,"EstimationQuestions":null}
