{"EntityText":"#: E-000-2239790 Date: 12\/13\/2021 Stock: NK1193 RO: F3267009 PO:  (2021 NSN KICKSADV 3N8CP5HE7ML484476) Client: PATRICIO","UTCTimestamp":"2022-03-28T04:26:50.300","InspectionId":"115EE96F-2123-417A-96FF-D609780FC702","InspectionNumber":"E-000-2239790","InspectionDate":"2021-12-13","InspectionType":{"Id":"04A19838-AEEC-4B12-BC41-77C52A166A0E","Name":"Hoja de Inspecci�n - check in"},"Amount":0.00,"ApprovedAmount":0.00,"DiscountAmount":0.00000,"TaxAmount":0.00000,"FeesAmount":0.00000,"Employee":{"Id":"27F5B78B-5876-4682-9131-0B5EABA1D59B","Name":"FIREFLY FPDC60","ExternalID":null},"Client":{"Id":"5E6D0602-5C93-4849-B770-FF1ED1116CA5","Name":"PATRICIO","Address":"MAR DEAJO","Phone":"05493513682115","ExternalID":null},"Vehicle":{"VIN":"3N8CP5HE7ML484476","Year":2021,"Make":"NSN","Model":"KICKSADV","PlateNo":"A-076-TPJ","Vehicle":{"Color":null},"Mileage":27741,"PaintCode":null},"StockNo":"NK1193","RONo":"F3267009","IsCompleted":false,"PONo":null,"SalesPerson":{"Id":null},"Sales":{"PersonName":null},"Owner":{"Id":null,"Name":null,"Address":"...","Phone":null},"Location":{"Name":null},"ServiceRequest":{"Id":"87E9E8CB-4B5C-EC11-8103-00155D9EC500","Number":"R-0007923922","LocalId":9958876},"Order":{"Id":null,"No":null},"Invoice":{"Id":null,"No":null},"Insurance":{"Id":null,"Name":null,"Address":null,"ContactInfo":""},"PolicyNumber":null,"ClaimNumber":null,"Deductible":null,"AccidentDate":null,"Inspection_Notes":"Contrato No \/ Rental Agreement: F3267009\r\nEconomico  \/ Stock: NK1193\r\nSeguro  \/ Coverage: LDW,B2B\r\nCD. Que Renta \/ Rental Location: DCAN51\r\nCD. Recibe \/ Return Location: FPDC60\r\nKM Salida \/ Mileage: 27741\r\nGas Salida \/ Fuel Tank Level: F\r\nDatos de contacto \/ Contact info: NAALA HTL TULUM","EStatus":{"Id":5,"Name":"Draft"},"EStatusReason":{"Name":null},"CreateUTCTime":"2021-12-13T19:35:21.217","ModifyUTCTime":"2021-12-13T19:35:21.217","EstimationServices":null,"EstimationQuestions":null}
