{"EntityText":"#: E-000-2241904 Date: 12\/13\/2021 Stock: MR9021 RO: F3267736 PO:  (2019 MTSH MIRAGETM ML3AA28J9KH003433) Client: AARON","UTCTimestamp":"2022-03-28T04:31:09.373","InspectionId":"1174016D-66A5-4ADC-BA7B-276F51EFD722","InspectionNumber":"E-000-2241904","InspectionDate":"2021-12-13","InspectionType":{"Id":"04A19838-AEEC-4B12-BC41-77C52A166A0E","Name":"Hoja de Inspecci�n - check in"},"Amount":0.00,"ApprovedAmount":0.00,"DiscountAmount":0.00000,"TaxAmount":0.00000,"FeesAmount":0.00000,"Employee":{"Id":"D9181D69-A72F-4ED3-B334-455E1E58A55F","Name":"HERTZ F4KJL61QF193","ExternalID":null},"Client":{"Id":"70E515E8-61D3-4204-961F-9B902945B413","Name":"AARON","Address":"AV LOMAS DEL ANGEL","Phone":"2431035324","ExternalID":null},"Vehicle":{"VIN":"ML3AA28J9KH003433","Year":2019,"Make":"MTSH","Model":"MIRAGETM","PlateNo":"YWW-103-D","Vehicle":{"Color":null},"Mileage":52772,"PaintCode":null},"StockNo":"MR9021","RONo":"F3267736","IsCompleted":false,"PONo":null,"SalesPerson":{"Id":null},"Sales":{"PersonName":null},"Owner":{"Id":null,"Name":null,"Address":"...","Phone":null},"Location":{"Name":null},"ServiceRequest":{"Id":"D6494DC7-7E5C-EC11-8103-00155D9EC500","Number":"R-0007924979","LocalId":9960636},"Order":{"Id":null,"No":null},"Invoice":{"Id":null,"No":null},"Insurance":{"Id":null,"Name":null,"Address":null,"ContactInfo":""},"PolicyNumber":null,"ClaimNumber":null,"Deductible":null,"AccidentDate":null,"Inspection_Notes":"Contrato No \/ Rental Agreement: F3267736\r\nEconomico  \/ Stock: MR9021\r\nSeguro  \/ Coverage: LDW,B2B\r\nCD. Que Renta \/ Rental Location: TCAN52\r\nCD. Recibe \/ Return Location: TCAN52\r\nKM Salida \/ Mileage: 52772\r\nGas Salida \/ Fuel Tank Level: F\r\nDatos de contacto \/ Contact info: HTL FIESTA AMERICANA CONDESA","EStatus":{"Id":5,"Name":"Draft"},"EStatusReason":{"Name":null},"CreateUTCTime":"2021-12-14T01:40:17.083","ModifyUTCTime":"2021-12-14T01:40:17.083","EstimationServices":null,"EstimationQuestions":null}
