{"EntityText":"#: E-000-2239690 Date: 12\/13\/2021 Stock: X21064 RO: F3266973 PO:  (2021 NSN XTRAIL2R JN8BT27T1MW126693) Client: FELIPE","UTCTimestamp":"2022-03-28T04:26:09.920","InspectionId":"119BB852-54B5-46C2-AA21-0F18FB326D81","InspectionNumber":"E-000-2239690","InspectionDate":"2021-12-13","InspectionType":{"Id":"04A19838-AEEC-4B12-BC41-77C52A166A0E","Name":"Hoja de Inspecci�n - check in"},"Amount":0.00,"ApprovedAmount":0.00,"DiscountAmount":0.00000,"TaxAmount":0.00000,"FeesAmount":0.00000,"Employee":{"Id":"D9181D69-A72F-4ED3-B334-455E1E58A55F","Name":"HERTZ F4KJL61QF193","ExternalID":null},"Client":{"Id":"E1E3F344-6263-40CD-8884-4BCF19274241","Name":"FELIPE","Address":"CALLE 87","Phone":"573158808059","ExternalID":null},"Vehicle":{"VIN":"JN8BT27T1MW126693","Year":2021,"Make":"NSN","Model":"XTRAIL2R","PlateNo":"YXU-881-D","Vehicle":{"Color":null},"Mileage":29271,"PaintCode":null},"StockNo":"X21064","RONo":"F3266973","IsCompleted":false,"PONo":null,"SalesPerson":{"Id":null},"Sales":{"PersonName":null},"Owner":{"Id":null,"Name":null,"Address":"...","Phone":null},"Location":{"Name":null},"ServiceRequest":{"Id":"B6EAD212-495C-EC11-8103-00155D9EC500","Number":"R-0007923872","LocalId":9958803},"Order":{"Id":null,"No":null},"Invoice":{"Id":null,"No":null},"Insurance":{"Id":null,"Name":null,"Address":null,"ContactInfo":""},"PolicyNumber":null,"ClaimNumber":null,"Deductible":null,"AccidentDate":null,"Inspection_Notes":"Contrato No \/ Rental Agreement: F3266973\r\nEconomico  \/ Stock: X21064\r\nSeguro  \/ Coverage: LDW PACK,RS ASSIST.\r\nCD. Que Renta \/ Rental Location: CAN50\r\nCD. Recibe \/ Return Location: CAN50\r\nKM Salida \/ Mileage: 29271\r\nGas Salida \/ Fuel Tank Level: F\r\nDatos de contacto \/ Contact info: HOTEL MEREBA TULUM","EStatus":{"Id":5,"Name":"Draft"},"EStatusReason":{"Name":null},"CreateUTCTime":"2021-12-13T19:15:51.277","ModifyUTCTime":"2021-12-13T19:15:51.277","EstimationServices":null,"EstimationQuestions":null}
