{"EntityText":"#: E-000-2238046 Date: 12\/13\/2021 Stock: PO1055 RO: F3266401 PO:  (2021 VW POLO MEX6A2604MT111446) Client: PASCALE","UTCTimestamp":"2022-03-28T04:22:56.547","InspectionId":"119C4370-6D3C-48D1-B61D-11702E7FE411","InspectionNumber":"E-000-2238046","InspectionDate":"2021-12-13","InspectionType":{"Id":"04A19838-AEEC-4B12-BC41-77C52A166A0E","Name":"Hoja de Inspecci�n - check in"},"Amount":0.00,"ApprovedAmount":0.00,"DiscountAmount":0.00000,"TaxAmount":0.00000,"FeesAmount":0.00000,"Employee":{"Id":"61CE5BAC-018C-4298-8418-13C5E8D798C4","Name":"HERTZ TUL61","ExternalID":null},"Client":{"Id":"EB225BB2-D49D-48E7-93B9-88EDD4ABCA0F","Name":"PASCALE","Address":"RUE CHAMBORD","Phone":"9842025518","ExternalID":null},"Vehicle":{"VIN":"MEX6A2604MT111446","Year":2021,"Make":"VW","Model":"POLO","PlateNo":"YYG-896-D","Vehicle":{"Color":null},"Mileage":22704,"PaintCode":null},"StockNo":"PO1055","RONo":"F3266401","IsCompleted":false,"PONo":null,"SalesPerson":{"Id":null},"Sales":{"PersonName":null},"Owner":{"Id":null,"Name":null,"Address":"...","Phone":null},"Location":{"Name":null},"ServiceRequest":{"Id":"D264F83E-2A5C-EC11-8103-00155D9EC500","Number":"R-0007923050","LocalId":9957646},"Order":{"Id":null,"No":null},"Invoice":{"Id":null,"No":null},"Insurance":{"Id":null,"Name":null,"Address":null,"ContactInfo":""},"PolicyNumber":null,"ClaimNumber":null,"Deductible":null,"AccidentDate":null,"Inspection_Notes":"Contrato No \/ Rental Agreement: F3266401\r\nEconomico  \/ Stock: PO1055\r\nSeguro  \/ Coverage: LDW\r\nCD. Que Renta \/ Rental Location: TUL60\r\nCD. Recibe \/ Return Location: TUL60\r\nKM Salida \/ Mileage: 22704\r\nGas Salida \/ Fuel Tank Level: F\r\nDatos de contacto \/ Contact info: LA VELETA (CUYO)","EStatus":{"Id":2,"Name":"Archived"},"EStatusReason":{"Name":"Car Changed"},"CreateUTCTime":"2021-12-13T15:35:13.820","ModifyUTCTime":"2021-12-13T21:50:22.840","EstimationServices":null,"EstimationQuestions":null}
