{"EntityText":"#: E-000-2239640 Date: 12\/13\/2021 Stock: TA1534 RO: F3266956 PO:  (2021 VW TAOS 3VVHB6B28MM005711) Client: ELLEN","UTCTimestamp":"2022-03-28T04:26:09.920","InspectionId":"11CA1265-5BC5-44EF-9B2D-0EAA346BE89F","InspectionNumber":"E-000-2239640","InspectionDate":"2021-12-13","InspectionType":{"Id":"04A19838-AEEC-4B12-BC41-77C52A166A0E","Name":"Hoja de Inspecci�n - check in"},"Amount":0.00,"ApprovedAmount":0.00,"DiscountAmount":0.00000,"TaxAmount":0.00000,"FeesAmount":0.00000,"Employee":{"Id":"D9181D69-A72F-4ED3-B334-455E1E58A55F","Name":"HERTZ F4KJL61QF193","ExternalID":null},"Client":{"Id":"B53DDDBA-96E1-4632-8AF6-3C521B771394","Name":"ELLEN","Address":"CHRISTOPHER ST 3R","Phone":"8042176412","ExternalID":null},"Vehicle":{"VIN":"3VVHB6B28MM005711","Year":2021,"Make":"VW","Model":"TAOS","PlateNo":"YZD-833-D","Vehicle":{"Color":null},"Mileage":14277,"PaintCode":null},"StockNo":"TA1534","RONo":"F3266956","IsCompleted":false,"PONo":null,"SalesPerson":{"Id":null},"Sales":{"PersonName":null},"Owner":{"Id":null,"Name":null,"Address":"...","Phone":null},"Location":{"Name":null},"ServiceRequest":{"Id":"4129E3A1-485C-EC11-8103-00155D9EC500","Number":"R-0007923847","LocalId":9958771},"Order":{"Id":null,"No":null},"Invoice":{"Id":null,"No":null},"Insurance":{"Id":null,"Name":null,"Address":null,"ContactInfo":""},"PolicyNumber":null,"ClaimNumber":null,"Deductible":null,"AccidentDate":null,"Inspection_Notes":"Contrato No \/ Rental Agreement: F3266956\r\nEconomico  \/ Stock: TA1534\r\nSeguro  \/ Coverage: CDW2 PACK\r\nCD. Que Renta \/ Rental Location: CAN50\r\nCD. Recibe \/ Return Location: CAN50\r\nKM Salida \/ Mileage: 14277\r\nGas Salida \/ Fuel Tank Level: F\r\nDatos de contacto \/ Contact info: LA VELETTA TULUM","EStatus":{"Id":5,"Name":"Draft"},"EStatusReason":{"Name":null},"CreateUTCTime":"2021-12-13T19:12:41.863","ModifyUTCTime":"2021-12-13T19:12:41.863","EstimationServices":null,"EstimationQuestions":null}
