{"EntityText":"#: E-000-1923192 Date: 12\/13\/2021 Stock: CA1340 RO: F3156687 PO:  (2021 CHE CAVALIER LSGKB54H5MV047201) Client: KATELIN","UTCTimestamp":"2022-03-28T04:19:43.870","InspectionId":"11D99FF6-D4EC-45B4-9A2E-4AE5D3C34525","InspectionNumber":"E-000-1923192","InspectionDate":"2021-12-13","InspectionType":{"Id":"04A19838-AEEC-4B12-BC41-77C52A166A0E","Name":"Hoja de Inspecci�n - check in"},"Amount":0.00,"ApprovedAmount":0.00,"DiscountAmount":0.00000,"TaxAmount":0.00000,"FeesAmount":0.00000,"Employee":{"Id":"D43C5968-7DBA-4003-A590-1957E72842E4","Name":"HERTZ PDC61","ExternalID":null},"Client":{"Id":"FB3B9C9D-CFFB-4473-9651-478E66D26CEA","Name":"KATELIN","Address":"908 NUECES ST 23","Phone":"+15122938004","ExternalID":null},"Vehicle":{"VIN":"LSGKB54H5MV047201","Year":2021,"Make":"CHE","Model":"CAVALIER","PlateNo":"YXU-805-D","Vehicle":{"Color":null},"Mileage":19189,"PaintCode":null},"StockNo":"CA1340","RONo":"F3156687","IsCompleted":false,"PONo":null,"SalesPerson":{"Id":null},"Sales":{"PersonName":null},"Owner":{"Id":null,"Name":null,"Address":"...","Phone":null},"Location":{"Name":null},"ServiceRequest":{"Id":"1C0EBCD4-B027-EC11-80FE-00155D9EC500","Number":"R-0007765602","LocalId":9693920},"Order":{"Id":null,"No":null},"Invoice":{"Id":null,"No":null},"Insurance":{"Id":null,"Name":null,"Address":null,"ContactInfo":""},"PolicyNumber":null,"ClaimNumber":null,"Deductible":null,"AccidentDate":null,"Inspection_Notes":"Contrato No \/ Rental Agreement: F3156687\r\nEconomico  \/ Stock: CA1340\r\nSeguro  \/ Coverage: LDW PACK,RS ASSIST.\r\nCD. Que Renta \/ Rental Location: CAN50\r\nCD. Recibe \/ Return Location: CAN50\r\nKM Salida \/ Mileage: 19189\r\nGas Salida \/ Fuel Tank Level: F\r\nDatos de contacto \/ Contact info: AIRBNB ALDEA ZAMA TULUM","EStatus":{"Id":5,"Name":"Draft"},"EStatusReason":{"Name":null},"CreateUTCTime":"2021-10-07T20:55:07.547","ModifyUTCTime":"2021-10-07T20:55:07.547","EstimationServices":null,"EstimationQuestions":null}
