{"EntityText":"#: E-000-2238968 Date: 12\/13\/2021 Stock: RD1178 RO: F3266739 PO:  (2021 RENAULT DUSTER 93YHSB159MJ004132) Client: MARCOAN","UTCTimestamp":"2022-03-28T04:24:53.330","InspectionId":"11FB0CE9-5895-40BA-95E9-1D10E120CEDE","InspectionNumber":"E-000-2238968","InspectionDate":"2021-12-13","InspectionType":{"Id":"04A19838-AEEC-4B12-BC41-77C52A166A0E","Name":"Hoja de Inspecci�n - check in"},"Amount":0.00,"ApprovedAmount":0.00,"DiscountAmount":0.00000,"TaxAmount":0.00000,"FeesAmount":0.00000,"Employee":{"Id":"7F261772-48D3-4CE8-B309-14ECC176E3DE","Name":"HERTZ PDS50","ExternalID":null},"Client":{"Id":"50D3E2DA-8842-4573-8D6D-F7613DA24D39","Name":"MARCOAN","Address":"LIBERTAD","Phone":"5535098731","ExternalID":null},"Vehicle":{"VIN":"93YHSB159MJ004132","Year":2021,"Make":"RENAULT","Model":"DUSTER","PlateNo":"ENY-11-10","Vehicle":{"Color":null},"Mileage":2035,"PaintCode":null},"StockNo":"RD1178","RONo":"F3266739","IsCompleted":false,"PONo":null,"SalesPerson":{"Id":null},"Sales":{"PersonName":null},"Owner":{"Id":null,"Name":null,"Address":"...","Phone":null},"Location":{"Name":null},"ServiceRequest":{"Id":"5278AAB1-3B5C-EC11-8103-00155D9EC500","Number":"R-0007923511","LocalId":9958317},"Order":{"Id":null,"No":null},"Invoice":{"Id":null,"No":null},"Insurance":{"Id":null,"Name":null,"Address":null,"ContactInfo":""},"PolicyNumber":null,"ClaimNumber":null,"Deductible":null,"AccidentDate":null,"Inspection_Notes":"Contrato No \/ Rental Agreement: F3266739\r\nEconomico  \/ Stock: RD1178\r\nSeguro  \/ Coverage: CDW-2,B2B\r\nCD. Que Renta \/ Rental Location: PDS50\r\nCD. Recibe \/ Return Location: PDS50\r\nKM Salida \/ Mileage: 2035\r\nGas Salida \/ Fuel Tank Level: F\r\nDatos de contacto \/ Contact info: HOTEL HAMPTON PN","EStatus":{"Id":5,"Name":"Draft"},"EStatusReason":{"Name":null},"CreateUTCTime":"2021-12-13T17:40:09.113","ModifyUTCTime":"2021-12-13T17:40:09.113","EstimationServices":null,"EstimationQuestions":null}
