{"EntityText":"#: E-000-1734257 Date: 12\/13\/2021 Stock: AU1516 RO: F3091527 PO:  (2021 CHE AVEOLS LSGHD52H7MD079483) Client: FRANK","UTCTimestamp":"2022-03-28T04:19:39.813","InspectionId":"11FC2F64-8F12-4C98-8C9D-471172B1967F","InspectionNumber":"E-000-1734257","InspectionDate":"2021-12-13","InspectionType":{"Id":"33034816-D00A-49F6-8AA5-55D54FDE8907","Name":"Hoja de Inspeccion - check out"},"Amount":0.00,"ApprovedAmount":0.00,"DiscountAmount":0.00000,"TaxAmount":0.00000,"FeesAmount":0.00000,"Employee":{"Id":"B5BFE5E2-F78E-4B0D-ACD3-ECA6D64F269B","Name":"HERTZ LAP99","ExternalID":null},"Client":{"Id":"3F76FC51-4FA4-4BF9-A8F1-138BBA4ECE31","Name":"FRANK","Address":"860 SOUTH RD","Phone":"4157135673","ExternalID":null},"Vehicle":{"VIN":"LSGHD52H7MD079483","Year":2021,"Make":"CHE","Model":"AVEOLS","PlateNo":"28-53-AVE","Vehicle":{"Color":null},"Mileage":10377,"PaintCode":null},"StockNo":"AU1516","RONo":"F3091527","IsCompleted":false,"PONo":null,"SalesPerson":{"Id":null},"Sales":{"PersonName":null},"Owner":{"Id":null,"Name":null,"Address":"...","Phone":null},"Location":{"Name":null},"ServiceRequest":{"Id":"CCA1F8CE-1305-EC11-80FE-00155D9EC500","Number":"R-0007671105","LocalId":9531722},"Order":{"Id":null,"No":null},"Invoice":{"Id":null,"No":null},"Insurance":{"Id":null,"Name":null,"Address":null,"ContactInfo":""},"PolicyNumber":null,"ClaimNumber":null,"Deductible":null,"AccidentDate":null,"Inspection_Notes":"Contrato No \/ Rental Agreement: F3091527\r\nEconomico  \/ Stock: AU1516\r\nSeguro  \/ Coverage: \r\nCD. Que Renta \/ Rental Location: SAN50\r\nCD. Recibe \/ Return Location: SAN50\r\nKM Salida \/ Mileage: 10377\r\nGas Salida \/ Fuel Tank Level: F\r\nDatos de contacto \/ Contact info: COSTA BAJA RESORT","EStatus":{"Id":5,"Name":"Draft"},"EStatusReason":{"Name":null},"CreateUTCTime":"2021-08-24T19:45:21.523","ModifyUTCTime":"2021-08-24T19:45:21.523","EstimationServices":null,"EstimationQuestions":null}
