{"EntityText":"#: E-000-2237412 Date: 12\/13\/2021 Stock: AU1058 RO: F3266176 PO:  (2021 CHE AVEOLS LSGHD52H3MD025498) Client: SILVIA","UTCTimestamp":"2022-03-28T04:21:30.170","InspectionId":"121884A9-18B4-42C8-90C6-80E287C8AF55","InspectionNumber":"E-000-2237412","InspectionDate":"2021-12-13","InspectionType":{"Id":"04A19838-AEEC-4B12-BC41-77C52A166A0E","Name":"Hoja de Inspecci�n - check in"},"Amount":0.00,"ApprovedAmount":0.00,"DiscountAmount":0.00000,"TaxAmount":0.00000,"FeesAmount":0.00000,"Employee":{"Id":"D9181D69-A72F-4ED3-B334-455E1E58A55F","Name":"HERTZ F4KJL61QF193","ExternalID":null},"Client":{"Id":"B96B7CD9-E841-4F87-BECA-1346A39A82C6","Name":"SILVIA","Address":"BAXTER","Phone":"+19514833127","ExternalID":null},"Vehicle":{"VIN":"LSGHD52H3MD025498","Year":2021,"Make":"CHE","Model":"AVEOLS","PlateNo":"A-786-TNL","Vehicle":{"Color":null},"Mileage":42961,"PaintCode":null},"StockNo":"AU1058","RONo":"F3266176","IsCompleted":false,"PONo":null,"SalesPerson":{"Id":null},"Sales":{"PersonName":null},"Owner":{"Id":null,"Name":null,"Address":"...","Phone":null},"Location":{"Name":null},"ServiceRequest":{"Id":"11EB5977-195C-EC11-8103-00155D9EC500","Number":"R-0007922733","LocalId":9957165},"Order":{"Id":null,"No":null},"Invoice":{"Id":null,"No":null},"Insurance":{"Id":null,"Name":null,"Address":null,"ContactInfo":""},"PolicyNumber":null,"ClaimNumber":null,"Deductible":null,"AccidentDate":null,"Inspection_Notes":"Contrato No \/ Rental Agreement: F3266176\r\nEconomico  \/ Stock: AU1058\r\nSeguro  \/ Coverage: LDW,B2B\r\nCD. Que Renta \/ Rental Location: TCAN52\r\nCD. Recibe \/ Return Location: TCAN52\r\nKM Salida \/ Mileage: 42961\r\nGas Salida \/ Fuel Tank Level: F\r\nDatos de contacto \/ Contact info: AMARA CANCUN","EStatus":{"Id":5,"Name":"Draft"},"EStatusReason":{"Name":null},"CreateUTCTime":"2021-12-13T13:35:06.997","ModifyUTCTime":"2021-12-13T13:35:06.997","EstimationServices":null,"EstimationQuestions":null}
