{"EntityText":"#: E-000-2238359 Date: 12\/13\/2021 Stock: NM0486 RO: F3266515 PO:  (2020 NSN MARCHABS 3N1CK3CDXLL213295) Client: JULIO ROBERTO","UTCTimestamp":"2022-03-28T04:23:37.427","InspectionId":"121BEF76-3B55-428C-B813-A7D47F6453C4","InspectionNumber":"E-000-2238359","InspectionDate":"2021-12-13","InspectionType":{"Id":"33034816-D00A-49F6-8AA5-55D54FDE8907","Name":"Hoja de Inspeccion - check out"},"Amount":0.00,"ApprovedAmount":0.00,"DiscountAmount":0.00000,"TaxAmount":0.00000,"FeesAmount":0.00000,"Employee":{"Id":"4C1D4F7F-6DC2-4CCB-B1C9-068DC167B80B","Name":"HERTZ GDL50","ExternalID":null},"Client":{"Id":"69E0890E-DFB1-4F6B-B200-8EDC90E0F527","Name":"JULIO ROBERTO","Address":"PROL 5 DE MAYO","Phone":"7224143504","ExternalID":null},"Vehicle":{"VIN":"3N1CK3CDXLL213295","Year":2020,"Make":"NSN","Model":"MARCHABS","PlateNo":"YZC-132-C","Vehicle":{"Color":null},"Mileage":49266,"PaintCode":null},"StockNo":"NM0486","RONo":"F3266515","IsCompleted":false,"PONo":null,"SalesPerson":{"Id":null},"Sales":{"PersonName":null},"Owner":{"Id":null,"Name":null,"Address":"...","Phone":null},"Location":{"Name":null},"ServiceRequest":{"Id":"DEE08E8A-305C-EC11-8103-00155D9EC500","Number":"R-0007923207","LocalId":9957890},"Order":{"Id":null,"No":null},"Invoice":{"Id":null,"No":null},"Insurance":{"Id":null,"Name":null,"Address":null,"ContactInfo":""},"PolicyNumber":null,"ClaimNumber":null,"Deductible":null,"AccidentDate":null,"Inspection_Notes":"Contrato No \/ Rental Agreement: F3266515\r\nEconomico  \/ Stock: NM0486\r\nSeguro  \/ Coverage: CDW-2\r\nCD. Que Renta \/ Rental Location: DGUA51\r\nCD. Recibe \/ Return Location: DGUA51\r\nKM Salida \/ Mileage: 49266\r\nGas Salida \/ Fuel Tank Level: F\r\nDatos de contacto \/ Contact info: CASA AMIGO","EStatus":{"Id":5,"Name":"Draft"},"EStatusReason":{"Name":null},"CreateUTCTime":"2021-12-13T16:20:19.240","ModifyUTCTime":"2021-12-13T16:20:19.240","EstimationServices":null,"EstimationQuestions":null}
