{"EntityText":"#: E-000-2242064 Date: 12\/13\/2021 Stock: NK1043 RO: F3263868 PO:  (2021 NSN KICKSADV 3N8CP5HE3ML484720) Client: ANA SILVIA","UTCTimestamp":"2022-03-28T04:31:47.343","InspectionId":"1228B7EA-065E-40C7-AAF4-4E48FAA16BAD","InspectionNumber":"E-000-2242064","InspectionDate":"2021-12-13","InspectionType":{"Id":"04A19838-AEEC-4B12-BC41-77C52A166A0E","Name":"Hoja de Inspecci�n - check in"},"Amount":0.00,"ApprovedAmount":0.00,"DiscountAmount":0.00000,"TaxAmount":0.00000,"FeesAmount":0.00000,"Employee":{"Id":"91A96957-69FD-4329-B258-36721778DFDA","Name":"HERTZ LEO50","ExternalID":null},"Client":{"Id":"910AF78C-39E0-445A-ABE4-D3C3040AEF7A","Name":"ANA SILVIA","Address":"ABBOTT AVE","Phone":"2543491718","ExternalID":null},"Vehicle":{"VIN":"3N8CP5HE3ML484720","Year":2021,"Make":"NSN","Model":"KICKSADV","PlateNo":"DAC-12-67","Vehicle":{"Color":null},"Mileage":31019,"PaintCode":null},"StockNo":"NK1043","RONo":"F3263868","IsCompleted":false,"PONo":null,"SalesPerson":{"Id":null},"Sales":{"PersonName":null},"Owner":{"Id":null,"Name":null,"Address":"...","Phone":null},"Location":{"Name":null},"ServiceRequest":{"Id":"7CD15B08-855C-EC11-8103-00155D9EC500","Number":"R-0007925059","LocalId":9960734},"Order":{"Id":null,"No":null},"Invoice":{"Id":null,"No":null},"Insurance":{"Id":null,"Name":null,"Address":null,"ContactInfo":""},"PolicyNumber":null,"ClaimNumber":null,"Deductible":null,"AccidentDate":null,"Inspection_Notes":"Contrato No \/ Rental Agreement: F3263868\r\nEconomico  \/ Stock: NK1043\r\nSeguro  \/ Coverage: CDW-2,B2B,CDW2-LDW0%\r\nCD. Que Renta \/ Rental Location: TLEO52\r\nCD. Recibe \/ Return Location: TLEO52\r\nKM Salida \/ Mileage: 31019\r\nGas Salida \/ Fuel Tank Level: 5\/8\r\nDatos de contacto \/ Contact info: GTO","EStatus":{"Id":5,"Name":"Draft"},"EStatusReason":{"Name":null},"CreateUTCTime":"2021-12-14T02:25:06.383","ModifyUTCTime":"2021-12-14T02:25:06.383","EstimationServices":null,"EstimationQuestions":null}
