{"EntityText":"#: E-000-2240797 Date: 12\/13\/2021 Stock: AU0273 RO: F3267348 PO:  (2020 CHE AVEOLT LSGHD52H8LD039654) Client: VICTORAUSENC MORALES","UTCTimestamp":"2022-03-28T04:28:37.390","InspectionId":"125AEC4E-A79D-4F84-9FB6-0F10833AF1DE","InspectionNumber":"E-000-2240797","InspectionDate":"2021-12-13","InspectionType":{"Id":"33034816-D00A-49F6-8AA5-55D54FDE8907","Name":"Hoja de Inspeccion - check out"},"Amount":0.00,"ApprovedAmount":0.00,"DiscountAmount":0.00000,"TaxAmount":0.00000,"FeesAmount":0.00000,"Employee":{"Id":"7272EF35-BA42-4012-A525-ECB34FF20C5B","Name":"HERTZ R52M10TDL7W","ExternalID":null},"Client":{"Id":"FB59279B-24FF-44AB-BDAE-3DB88A56C52A","Name":"VICTORAUSENC MORALES","Address":"JOSE DE ESCANDON","Phone":"8331558010","ExternalID":null},"Vehicle":{"VIN":"LSGHD52H8LD039654","Year":2020,"Make":"CHE","Model":"AVEOLT","PlateNo":"ENR-60-75","Vehicle":{"Color":null},"Mileage":72305,"PaintCode":null},"StockNo":"AU0273","RONo":"F3267348","IsCompleted":false,"PONo":null,"SalesPerson":{"Id":null},"Sales":{"PersonName":null},"Owner":{"Id":null,"Name":null,"Address":"...","Phone":null},"Location":{"Name":null},"ServiceRequest":{"Id":"0F4D3870-5F5C-EC11-8103-00155D9EC500","Number":"R-0007924426","LocalId":9959760},"Order":{"Id":null,"No":null},"Invoice":{"Id":null,"No":null},"Insurance":{"Id":null,"Name":null,"Address":null,"ContactInfo":""},"PolicyNumber":null,"ClaimNumber":null,"Deductible":null,"AccidentDate":null,"Inspection_Notes":"Contrato No \/ Rental Agreement: F3267348\r\nEconomico  \/ Stock: AU0273\r\nSeguro  \/ Coverage: LDW,PAI,TP,B2B\r\nCD. Que Renta \/ Rental Location: MTY52\r\nCD. Recibe \/ Return Location: MTY53\r\nKM Salida \/ Mileage: 72305\r\nGas Salida \/ Fuel Tank Level: F\r\nDatos de contacto \/ Contact info: HOLIDAY INN FUNDIDORA","EStatus":{"Id":5,"Name":"Draft"},"EStatusReason":{"Name":null},"CreateUTCTime":"2021-12-13T21:55:53.773","ModifyUTCTime":"2021-12-13T21:55:53.773","EstimationServices":null,"EstimationQuestions":null}
