{"EntityText":"#: E-000-1757712 Date: 12\/13\/2021 Stock: PO1016 RO: CAN20565 PO:  (2021 VW POLO MEX6A2608MT113961) Client: ABEL OSORIO FONSECA","UTCTimestamp":"2022-03-28T04:19:39.813","InspectionId":"1260F842-6637-483B-8667-4F0A62310E6A","InspectionNumber":"E-000-1757712","InspectionDate":"2021-12-13","InspectionType":{"Id":"04A19838-AEEC-4B12-BC41-77C52A166A0E","Name":"Hoja de Inspecci�n - check in"},"Amount":0.00,"ApprovedAmount":0.00,"DiscountAmount":0.00000,"TaxAmount":0.00000,"FeesAmount":0.00000,"Employee":{"Id":"D43C5968-7DBA-4003-A590-1957E72842E4","Name":"HERTZ PDC61","ExternalID":null},"Client":{"Id":"47CDDB30-AAF4-4163-B61E-9C70EFA39B9C","Name":"ABEL OSORIO FONSECA","Address":"...","Phone":null,"ExternalID":null},"Vehicle":{"VIN":"MEX6A2608MT113961","Year":2021,"Make":"VW","Model":"POLO","PlateNo":"YYK-976-D","Vehicle":{"Color":null},"Mileage":9338,"PaintCode":null},"StockNo":"PO1016","RONo":"CAN20565","IsCompleted":false,"PONo":null,"SalesPerson":{"Id":null},"Sales":{"PersonName":null},"Owner":{"Id":null,"Name":null,"Address":"...","Phone":null},"Location":{"Name":null},"ServiceRequest":{"Id":"AC66ACEA-B009-EC11-80FE-00155D9EC500","Number":"R-0007682838","LocalId":9552315},"Order":{"Id":null,"No":null},"Invoice":{"Id":null,"No":null},"Insurance":{"Id":null,"Name":null,"Address":null,"ContactInfo":""},"PolicyNumber":null,"ClaimNumber":null,"Deductible":null,"AccidentDate":null,"Inspection_Notes":"Contrato No \/ Rental Agreement: CAN20565\r\nEconomico  \/ Stock: PO1016\r\nSeguro  \/ Coverage: \r\nCD. Que Renta \/ Rental Location: CAN61\r\nCD. Recibe \/ Return Location: CAN66\r\nKM Salida \/ Mileage: 9338\r\nGas Salida \/ Fuel Tank Level: F\r\nDatos de contacto \/ Contact info: ","EStatus":{"Id":5,"Name":"Draft"},"EStatusReason":{"Name":null},"CreateUTCTime":"2021-08-30T16:40:04.783","ModifyUTCTime":"2021-08-30T16:40:04.783","EstimationServices":null,"EstimationQuestions":null}
