{"EntityText":"#: E-000-2237184 Date: 12\/13\/2021 Stock: B50216 RO: F3266072 PO:  (2020 CHE BEAT5P MA6CB6CD8LT012005) Client: JULIOCESAR","UTCTimestamp":"2022-03-28T04:20:51.597","InspectionId":"1275E446-AAA5-4799-91A6-9C05DC23F7F5","InspectionNumber":"E-000-2237184","InspectionDate":"2021-12-13","InspectionType":{"Id":"04A19838-AEEC-4B12-BC41-77C52A166A0E","Name":"Hoja de Inspecci�n - check in"},"Amount":0.00,"ApprovedAmount":0.00,"DiscountAmount":0.00000,"TaxAmount":0.00000,"FeesAmount":0.00000,"Employee":{"Id":"D9181D69-A72F-4ED3-B334-455E1E58A55F","Name":"HERTZ F4KJL61QF193","ExternalID":null},"Client":{"Id":"5480F4F7-5C78-4DAD-8343-D6AE3A87FDFE","Name":"JULIOCESAR","Address":"CENTRO","Phone":"525565827474","ExternalID":null},"Vehicle":{"VIN":"MA6CB6CD8LT012005","Year":2020,"Make":"CHE","Model":"BEAT5P","PlateNo":"YZC-247-C","Vehicle":{"Color":null},"Mileage":64672,"PaintCode":null},"StockNo":"B50216","RONo":"F3266072","IsCompleted":false,"PONo":null,"SalesPerson":{"Id":null},"Sales":{"PersonName":null},"Owner":{"Id":null,"Name":null,"Address":"...","Phone":null},"Location":{"Name":null},"ServiceRequest":{"Id":"5CA4CB61-DE5B-EC11-8103-00155D9EC500","Number":"R-0007922619","LocalId":9956642},"Order":{"Id":null,"No":null},"Invoice":{"Id":null,"No":null},"Insurance":{"Id":null,"Name":null,"Address":null,"ContactInfo":""},"PolicyNumber":null,"ClaimNumber":null,"Deductible":null,"AccidentDate":null,"Inspection_Notes":"Contrato No \/ Rental Agreement: F3266072\r\nEconomico  \/ Stock: B50216\r\nSeguro  \/ Coverage: CDW PACK.,RS ASSIST.\r\nCD. Que Renta \/ Rental Location: CAN50\r\nCD. Recibe \/ Return Location: CAN50\r\nKM Salida \/ Mileage: 64672\r\nGas Salida \/ Fuel Tank Level: F\r\nDatos de contacto \/ Contact info: REGRESA MA�ANA MISMO","EStatus":{"Id":5,"Name":"Draft"},"EStatusReason":{"Name":null},"CreateUTCTime":"2021-12-13T06:32:03.340","ModifyUTCTime":"2021-12-13T06:32:03.340","EstimationServices":null,"EstimationQuestions":null}
