{"EntityText":"#: E-000-1974723 Date: 12\/13\/2021 Stock: NV1041 RO: MX806293 PO:  (2021 NSN VERSA 3N1CN8AE4MK860279) Client: ERICK PUENTE AVILA","UTCTimestamp":"2022-03-28T04:19:43.870","InspectionId":"12F4B78F-05AB-4E8B-9F10-D9CEEAB1CF31","InspectionNumber":"E-000-1974723","InspectionDate":"2021-12-13","InspectionType":{"Id":"33034816-D00A-49F6-8AA5-55D54FDE8907","Name":"Hoja de Inspeccion - check out"},"Amount":0.00,"ApprovedAmount":0.00,"DiscountAmount":0.00000,"TaxAmount":0.00000,"FeesAmount":0.00000,"Employee":{"Id":"C519D7A4-A4CA-46D5-9FFC-1CC4376FA44B","Name":"HERTZ R52M40KZAKK","ExternalID":null},"Client":{"Id":"A84971BE-2821-4AB7-A747-EDC4B44A6C92","Name":"ERICK PUENTE AVILA","Address":"...","Phone":null,"ExternalID":null},"Vehicle":{"VIN":"3N1CN8AE4MK860279","Year":2021,"Make":"NSN","Model":"VERSA","PlateNo":"EPD-65-50","Vehicle":{"Color":null},"Mileage":2471,"PaintCode":null},"StockNo":"NV1041","RONo":"MX806293","IsCompleted":false,"PONo":null,"SalesPerson":{"Id":null},"Sales":{"PersonName":null},"Owner":{"Id":null,"Name":null,"Address":"...","Phone":null},"Location":{"Name":null},"ServiceRequest":{"Id":"7D85424F-5B30-EC11-8100-00155D9EC500","Number":"R-0007791375","LocalId":9745962},"Order":{"Id":null,"No":null},"Invoice":{"Id":null,"No":null},"Insurance":{"Id":null,"Name":null,"Address":null,"ContactInfo":""},"PolicyNumber":null,"ClaimNumber":null,"Deductible":null,"AccidentDate":null,"Inspection_Notes":"Contrato No \/ Rental Agreement: MX806293\r\nEconomico  \/ Stock: NV1041\r\nSeguro  \/ Coverage: \r\nCD. Que Renta \/ Rental Location: MEX80\r\nCD. Recibe \/ Return Location: MEX80\r\nKM Salida \/ Mileage: 2471\r\nGas Salida \/ Fuel Tank Level: 1\/8\r\nDatos de contacto \/ Contact info: ","EStatus":{"Id":5,"Name":"Draft"},"EStatusReason":{"Name":null},"CreateUTCTime":"2021-10-18T21:35:29.140","ModifyUTCTime":"2021-10-18T21:35:29.140","EstimationServices":null,"EstimationQuestions":null}
