{"EntityText":"#: E-000-2240368 Date: 12\/13\/2021 Stock: AU1010 RO: F3267201 PO:  (2021 CHE AVEOLS LSGHD52H3MD025226) Client: EDGAR DANIEL","UTCTimestamp":"2022-03-28T04:28:03.503","InspectionId":"12FC9B95-E266-4E82-80AA-BE6FF1A954F5","InspectionNumber":"E-000-2240368","InspectionDate":"2021-12-13","InspectionType":{"Id":"04A19838-AEEC-4B12-BC41-77C52A166A0E","Name":"Hoja de Inspecci�n - check in"},"Amount":0.00,"ApprovedAmount":0.00,"DiscountAmount":0.00000,"TaxAmount":0.00000,"FeesAmount":0.00000,"Employee":{"Id":"897AF737-C484-4D9C-9FEA-C21B99EABE11","Name":"HERTZ SAN50-01","ExternalID":null},"Client":{"Id":"9B774683-2F19-4AE3-89C1-23C80D1EEC45","Name":"EDGAR DANIEL","Address":"PROL ZARAGOZA 13","Phone":"3511075994","ExternalID":null},"Vehicle":{"VIN":"LSGHD52H3MD025226","Year":2021,"Make":"CHE","Model":"AVEOLS","PlateNo":"11-38-AVE","Vehicle":{"Color":null},"Mileage":40952,"PaintCode":null},"StockNo":"AU1010","RONo":"F3267201","IsCompleted":false,"PONo":null,"SalesPerson":{"Id":null},"Sales":{"PersonName":null},"Owner":{"Id":null,"Name":null,"Address":"...","Phone":null},"Location":{"Name":null},"ServiceRequest":{"Id":"A3120F4F-565C-EC11-8103-00155D9EC500","Number":"R-0007924211","LocalId":9959445},"Order":{"Id":null,"No":null},"Invoice":{"Id":null,"No":null},"Insurance":{"Id":null,"Name":null,"Address":null,"ContactInfo":""},"PolicyNumber":null,"ClaimNumber":null,"Deductible":null,"AccidentDate":null,"Inspection_Notes":"Contrato No \/ Rental Agreement: F3267201\r\nEconomico  \/ Stock: AU1010\r\nSeguro  \/ Coverage: LDW,PAI,B2B,RS ASSIST.\r\nCD. Que Renta \/ Rental Location: SAN50\r\nCD. Recibe \/ Return Location: SAN50\r\nKM Salida \/ Mileage: 40952\r\nGas Salida \/ Fuel Tank Level: 5\/8\r\nDatos de contacto \/ Contact info: CABO  PULMO","EStatus":{"Id":5,"Name":"Draft"},"EStatusReason":{"Name":null},"CreateUTCTime":"2021-12-13T20:50:37.543","ModifyUTCTime":"2021-12-13T20:50:37.543","EstimationServices":null,"EstimationQuestions":null}
