{"EntityText":"#: E-000-2011421 Date: 12\/13\/2021 Stock: NV0300 RO: TLTO0071 PO:  (2020 NSN VERSASEN 3N1CN8AE7LK858962) Client: ADRIAN","UTCTimestamp":"2022-03-28T04:19:43.870","InspectionId":"13259197-9962-4168-8D4E-D4BEB08B645A","InspectionNumber":"E-000-2011421","InspectionDate":"2021-12-13","InspectionType":{"Id":"33034816-D00A-49F6-8AA5-55D54FDE8907","Name":"Hoja de Inspeccion - check out"},"Amount":0.00,"ApprovedAmount":0.00,"DiscountAmount":0.00000,"TaxAmount":0.00000,"FeesAmount":0.00000,"Employee":{"Id":"9A579DA3-F7DA-41C5-9C48-7BAAE449B578","Name":"HERTZ LTO60","ExternalID":null},"Client":{"Id":"905E2AF2-FD99-4716-A2C0-49DC0907A11B","Name":"ADRIAN","Address":"...","Phone":null,"ExternalID":null},"Vehicle":{"VIN":"3N1CN8AE7LK858962","Year":2020,"Make":"NSN","Model":"VERSASEN","PlateNo":"17-60-AVE","Vehicle":{"Color":null},"Mileage":16718,"PaintCode":null},"StockNo":"NV0300","RONo":"TLTO0071","IsCompleted":false,"PONo":null,"SalesPerson":{"Id":null},"Sales":{"PersonName":null},"Owner":{"Id":null,"Name":null,"Address":"...","Phone":null},"Location":{"Name":null},"ServiceRequest":{"Id":"23A1BCCB-8A36-EC11-8103-00155D9EC500","Number":"R-0007809728","LocalId":9776164},"Order":{"Id":null,"No":null},"Invoice":{"Id":null,"No":null},"Insurance":{"Id":null,"Name":null,"Address":null,"ContactInfo":""},"PolicyNumber":null,"ClaimNumber":null,"Deductible":null,"AccidentDate":null,"Inspection_Notes":"Contrato No \/ Rental Agreement: TLTO0071\r\nEconomico  \/ Stock: NV0300\r\nSeguro  \/ Coverage: \r\nCD. Que Renta \/ Rental Location: TLTO52\r\nCD. Recibe \/ Return Location: LTO50\r\nKM Salida \/ Mileage: 16718\r\nGas Salida \/ Fuel Tank Level: F\r\nDatos de contacto \/ Contact info: ","EStatus":{"Id":5,"Name":"Draft"},"EStatusReason":{"Name":null},"CreateUTCTime":"2021-10-26T18:30:30.330","ModifyUTCTime":"2021-10-26T18:30:30.330","EstimationServices":null,"EstimationQuestions":null}
