{"EntityText":"#: E-000-2240916 Date: 12\/13\/2021 Stock: TA1406 RO: F3267394 PO:  (2021 VW TAOS 3VVHB6B23MM006460) Client: JORGE","UTCTimestamp":"2022-03-28T04:29:14.223","InspectionId":"133A7E6B-E4CE-4B0E-B91B-1072CE142E86","InspectionNumber":"E-000-2240916","InspectionDate":"2021-12-13","InspectionType":{"Id":"04A19838-AEEC-4B12-BC41-77C52A166A0E","Name":"Hoja de Inspecci�n - check in"},"Amount":0.00,"ApprovedAmount":0.00,"DiscountAmount":0.00000,"TaxAmount":0.00000,"FeesAmount":0.00000,"Employee":{"Id":"58AD97DC-705C-4B70-9626-EC476DC4785D","Name":"HERTZ MTY53","ExternalID":null},"Client":{"Id":"13C3C75F-7DFA-4195-B860-9F4057D00034","Name":"JORGE","Address":"DE LA SAGRADA FAMILIA","Phone":"4421171128","ExternalID":null},"Vehicle":{"VIN":"3VVHB6B23MM006460","Year":2021,"Make":"VW","Model":"TAOS","PlateNo":"WFP-521-A","Vehicle":{"Color":null},"Mileage":16939,"PaintCode":null},"StockNo":"TA1406","RONo":"F3267394","IsCompleted":false,"PONo":null,"SalesPerson":{"Id":null},"Sales":{"PersonName":null},"Owner":{"Id":null,"Name":null,"Address":"...","Phone":null},"Location":{"Name":null},"ServiceRequest":{"Id":"F370868D-615C-EC11-8103-00155D9EC500","Number":"R-0007924485","LocalId":9959837},"Order":{"Id":null,"No":null},"Invoice":{"Id":null,"No":null},"Insurance":{"Id":null,"Name":null,"Address":null,"ContactInfo":""},"PolicyNumber":null,"ClaimNumber":null,"Deductible":null,"AccidentDate":null,"Inspection_Notes":"Contrato No \/ Rental Agreement: F3267394\r\nEconomico  \/ Stock: TA1406\r\nSeguro  \/ Coverage: LDWPACK US,RS ASSIST.\r\nCD. Que Renta \/ Rental Location: MTY52\r\nCD. Recibe \/ Return Location: MTY53\r\nKM Salida \/ Mileage: 16939\r\nGas Salida \/ Fuel Tank Level: F\r\nDatos de contacto \/ Contact info: FOURT POINTS L VISTA HERMOSA","EStatus":{"Id":5,"Name":"Draft"},"EStatusReason":{"Name":null},"CreateUTCTime":"2021-12-13T22:11:08.637","ModifyUTCTime":"2021-12-13T22:11:08.637","EstimationServices":null,"EstimationQuestions":null}
