{"EntityText":"#: E-000-2239994 Date: 12\/13\/2021 Stock: TR0100 RO: F3267076 PO:  (2020 CHE TRAX 3GNCJ7CE2LL166416) Client: JOHN","UTCTimestamp":"2022-03-28T04:26:50.300","InspectionId":"13438F3C-E9EC-4D46-BE1E-2968781EAB6D","InspectionNumber":"E-000-2239994","InspectionDate":"2021-12-13","InspectionType":{"Id":"04A19838-AEEC-4B12-BC41-77C52A166A0E","Name":"Hoja de Inspecci�n - check in"},"Amount":0.00,"ApprovedAmount":0.00,"DiscountAmount":0.00000,"TaxAmount":0.00000,"FeesAmount":0.00000,"Employee":{"Id":"897AF737-C484-4D9C-9FEA-C21B99EABE11","Name":"HERTZ SAN50-01","ExternalID":null},"Client":{"Id":"BDE7D995-6365-4F10-8B1D-6FFDE74624BA","Name":"JOHN","Address":"1650","Phone":"3012210880","ExternalID":null},"Vehicle":{"VIN":"3GNCJ7CE2LL166416","Year":2020,"Make":"CHE","Model":"TRAX","PlateNo":"97-23-AVD","Vehicle":{"Color":null},"Mileage":32760,"PaintCode":null},"StockNo":"TR0100","RONo":"F3267076","IsCompleted":false,"PONo":null,"SalesPerson":{"Id":null},"Sales":{"PersonName":null},"Owner":{"Id":null,"Name":null,"Address":"...","Phone":null},"Location":{"Name":null},"ServiceRequest":{"Id":"D19FAE49-4F5C-EC11-8103-00155D9EC500","Number":"R-0007924024","LocalId":9959176},"Order":{"Id":null,"No":null},"Invoice":{"Id":null,"No":null},"Insurance":{"Id":null,"Name":null,"Address":null,"ContactInfo":""},"PolicyNumber":null,"ClaimNumber":null,"Deductible":null,"AccidentDate":null,"Inspection_Notes":"Contrato No \/ Rental Agreement: F3267076\r\nEconomico  \/ Stock: TR0100\r\nSeguro  \/ Coverage: LDW PACK,RS ASSIST.\r\nCD. Que Renta \/ Rental Location: SAN50\r\nCD. Recibe \/ Return Location: SAN50\r\nKM Salida \/ Mileage: 32760\r\nGas Salida \/ Fuel Tank Level: F\r\nDatos de contacto \/ Contact info: PARADISUS","EStatus":{"Id":5,"Name":"Draft"},"EStatusReason":{"Name":null},"CreateUTCTime":"2021-12-13T20:00:25.200","ModifyUTCTime":"2021-12-13T20:00:25.200","EstimationServices":null,"EstimationQuestions":null}
