{"EntityText":"#: E-000-2237506 Date: 12\/13\/2021 Stock: CA1506 RO: TRC54653 PO:  (2021 CHE CAVALILT LSGKB54H7MV136610) Client: MANUEL WOO","UTCTimestamp":"2022-03-28T04:21:30.170","InspectionId":"135730EA-800D-4740-A161-2693C40A672F","InspectionNumber":"E-000-2237506","InspectionDate":"2021-12-13","InspectionType":{"Id":"04A19838-AEEC-4B12-BC41-77C52A166A0E","Name":"Hoja de Inspecci�n - check in"},"Amount":0.00,"ApprovedAmount":0.00,"DiscountAmount":0.00000,"TaxAmount":0.00000,"FeesAmount":0.00000,"Employee":{"Id":"EA2BC6AC-E616-416E-96D1-17D261275521","Name":"HERTZ TRC99","ExternalID":null},"Client":{"Id":"8B026377-1038-4AF3-959F-7CCB15B51BA9","Name":"MANUEL WOO","Address":"CTO DE LAS JOYAS","Phone":"8712119255","ExternalID":null},"Vehicle":{"VIN":"LSGKB54H7MV136610","Year":2021,"Make":"CHE","Model":"CAVALILT","PlateNo":"EPB-13-11","Vehicle":{"Color":null},"Mileage":27194,"PaintCode":null},"StockNo":"CA1506","RONo":"TRC54653","IsCompleted":false,"PONo":null,"SalesPerson":{"Id":null},"Sales":{"PersonName":null},"Owner":{"Id":null,"Name":null,"Address":"...","Phone":null},"Location":{"Name":null},"ServiceRequest":{"Id":"07167746-1C5C-EC11-8103-00155D9EC500","Number":"R-0007922780","LocalId":9957225},"Order":{"Id":null,"No":null},"Invoice":{"Id":null,"No":null},"Insurance":{"Id":null,"Name":null,"Address":null,"ContactInfo":""},"PolicyNumber":null,"ClaimNumber":null,"Deductible":null,"AccidentDate":null,"Inspection_Notes":"Contrato No \/ Rental Agreement: TRC54653\r\nEconomico  \/ Stock: CA1506\r\nSeguro  \/ Coverage: \r\nCD. Que Renta \/ Rental Location: TRC50\r\nCD. Recibe \/ Return Location: TRC50\r\nKM Salida \/ Mileage: 27194\r\nGas Salida \/ Fuel Tank Level: F\r\nDatos de contacto \/ Contact info: ","EStatus":{"Id":5,"Name":"Draft"},"EStatusReason":{"Name":null},"CreateUTCTime":"2021-12-13T13:55:15.643","ModifyUTCTime":"2021-12-13T13:55:15.643","EstimationServices":null,"EstimationQuestions":null}
