{"EntityText":"#: E-000-2241604 Date: 12\/13\/2021 Stock: AU1141 RO: F3267625 PO:  (2021 CHE AVEOLS LSGHD52H1MD079446) Client: STEVE","UTCTimestamp":"2022-03-28T04:30:31.747","InspectionId":"1358946D-20AC-4D2E-B6FC-9CFC7AD8B097","InspectionNumber":"E-000-2241604","InspectionDate":"2021-12-13","InspectionType":{"Id":"04A19838-AEEC-4B12-BC41-77C52A166A0E","Name":"Hoja de Inspecci�n - check in"},"Amount":0.00,"ApprovedAmount":0.00,"DiscountAmount":0.00000,"TaxAmount":0.00000,"FeesAmount":0.00000,"Employee":{"Id":"9A03E84F-1CDB-4896-8F93-0EF2E2748B89","Name":"HERTZ MEX62","ExternalID":null},"Client":{"Id":"EBB91885-3B45-4B08-9152-975E66E6F7AD","Name":"STEVE","Address":"MEXICALTZINGO","Phone":"7225406804","ExternalID":null},"Vehicle":{"VIN":"LSGHD52H1MD079446","Year":2021,"Make":"CHE","Model":"AVEOLS","PlateNo":"DAC-35-16","Vehicle":{"Color":null},"Mileage":33875,"PaintCode":null},"StockNo":"AU1141","RONo":"F3267625","IsCompleted":false,"PONo":null,"SalesPerson":{"Id":null},"Sales":{"PersonName":null},"Owner":{"Id":null,"Name":null,"Address":"...","Phone":null},"Location":{"Name":null},"ServiceRequest":{"Id":"58EE7D4C-745C-EC11-8103-00155D9EC500","Number":"R-0007924829","LocalId":9960429},"Order":{"Id":null,"No":null},"Invoice":{"Id":null,"No":null},"Insurance":{"Id":null,"Name":null,"Address":null,"ContactInfo":""},"PolicyNumber":null,"ClaimNumber":null,"Deductible":null,"AccidentDate":null,"Inspection_Notes":"Contrato No \/ Rental Agreement: F3267625\r\nEconomico  \/ Stock: AU1141\r\nSeguro  \/ Coverage: CDW,CDW,PAI,TP,PAI,TP\r\nCD. Que Renta \/ Rental Location: MEX62\r\nCD. Recibe \/ Return Location: MEX62\r\nKM Salida \/ Mileage: 33875\r\nGas Salida \/ Fuel Tank Level: 3\/4\r\nDatos de contacto \/ Contact info: ALFREDO GUTI GUTIERREZ","EStatus":{"Id":5,"Name":"Draft"},"EStatusReason":{"Name":null},"CreateUTCTime":"2021-12-14T00:25:12.107","ModifyUTCTime":"2021-12-14T00:25:12.107","EstimationServices":null,"EstimationQuestions":null}
