{"EntityText":"#: E-000-2241031 Date: 12\/13\/2021 Stock: RC2103 RO: F3267435 PO:  (2022 RENAULT CAP ICON 93YRH3CX4NJ067048) Client: RAFAEL","UTCTimestamp":"2022-03-28T04:29:14.223","InspectionId":"13585358-509E-4143-AD29-0DB72664E6C9","InspectionNumber":"E-000-2241031","InspectionDate":"2021-12-13","InspectionType":{"Id":"33034816-D00A-49F6-8AA5-55D54FDE8907","Name":"Hoja de Inspeccion - check out"},"Amount":0.00,"ApprovedAmount":0.00,"DiscountAmount":0.00000,"TaxAmount":0.00000,"FeesAmount":0.00000,"Employee":{"Id":"22A20387-4CB9-4CA1-8011-0915B3DFC79B","Name":"HERTZ MEX53","ExternalID":null},"Client":{"Id":"3436750C-F1DE-4113-81D6-CABC812045E5","Name":"RAFAEL","Address":"SEGUNDO PISO","Phone":"50684933293","ExternalID":null},"Vehicle":{"VIN":"93YRH3CX4NJ067048","Year":2022,"Make":"RENAULT","Model":"CAP ICON","PlateNo":"YZV-407-D","Vehicle":{"Color":null},"Mileage":38,"PaintCode":null},"StockNo":"RC2103","RONo":"F3267435","IsCompleted":false,"PONo":null,"SalesPerson":{"Id":null},"Sales":{"PersonName":null},"Owner":{"Id":null,"Name":null,"Address":"...","Phone":null},"Location":{"Name":null},"ServiceRequest":{"Id":"E5E61143-645C-EC11-8103-00155D9EC500","Number":"R-0007924543","LocalId":9959952},"Order":{"Id":null,"No":null},"Invoice":{"Id":null,"No":null},"Insurance":{"Id":null,"Name":null,"Address":null,"ContactInfo":""},"PolicyNumber":null,"ClaimNumber":null,"Deductible":null,"AccidentDate":null,"Inspection_Notes":"Contrato No \/ Rental Agreement: F3267435\r\nEconomico  \/ Stock: RC2103\r\nSeguro  \/ Coverage: CDW-2\r\nCD. Que Renta \/ Rental Location: MEX52\r\nCD. Recibe \/ Return Location: MEX52\r\nKM Salida \/ Mileage: 38\r\nGas Salida \/ Fuel Tank Level: F\r\nDatos de contacto \/ Contact info: ","EStatus":{"Id":5,"Name":"Draft"},"EStatusReason":{"Name":null},"CreateUTCTime":"2021-12-13T22:30:33.960","ModifyUTCTime":"2021-12-13T22:30:33.960","EstimationServices":null,"EstimationQuestions":null}
