{"EntityText":"#: E-000-2241906 Date: 12\/13\/2021 Stock: AU1504 RO: F3267737 PO:  (2021 CHE AVEOLS LSGHD52H0MD056336) Client: CESAR SILVA","UTCTimestamp":"2022-03-28T04:31:09.373","InspectionId":"137A0A00-9A28-475C-8ACF-B31D188CFAE5","InspectionNumber":"E-000-2241906","InspectionDate":"2021-12-13","InspectionType":{"Id":"04A19838-AEEC-4B12-BC41-77C52A166A0E","Name":"Hoja de Inspecci�n - check in"},"Amount":0.00,"ApprovedAmount":0.00,"DiscountAmount":0.00000,"TaxAmount":0.00000,"FeesAmount":0.00000,"Employee":{"Id":"D9181D69-A72F-4ED3-B334-455E1E58A55F","Name":"HERTZ F4KJL61QF193","ExternalID":null},"Client":{"Id":"2FA53C1A-CA73-477A-9B65-41B1D58672E0","Name":"CESAR SILVA","Address":"TOMMY AARON DRIVE","Phone":"9153143403","ExternalID":null},"Vehicle":{"VIN":"LSGHD52H0MD056336","Year":2021,"Make":"CHE","Model":"AVEOLS","PlateNo":"A-176-TPJ","Vehicle":{"Color":null},"Mileage":24424,"PaintCode":null},"StockNo":"AU1504","RONo":"F3267737","IsCompleted":false,"PONo":null,"SalesPerson":{"Id":null},"Sales":{"PersonName":null},"Owner":{"Id":null,"Name":null,"Address":"...","Phone":null},"Location":{"Name":null},"ServiceRequest":{"Id":"D9494DC7-7E5C-EC11-8103-00155D9EC500","Number":"R-0007924980","LocalId":9960637},"Order":{"Id":null,"No":null},"Invoice":{"Id":null,"No":null},"Insurance":{"Id":null,"Name":null,"Address":null,"ContactInfo":""},"PolicyNumber":null,"ClaimNumber":null,"Deductible":null,"AccidentDate":null,"Inspection_Notes":"Contrato No \/ Rental Agreement: F3267737\r\nEconomico  \/ Stock: AU1504\r\nSeguro  \/ Coverage: LDW PACK,RS ASSIST.\r\nCD. Que Renta \/ Rental Location: CAN50\r\nCD. Recibe \/ Return Location: CAN50\r\nKM Salida \/ Mileage: 24424\r\nGas Salida \/ Fuel Tank Level: F\r\nDatos de contacto \/ Contact info: FLAMINGO","EStatus":{"Id":5,"Name":"Draft"},"EStatusReason":{"Name":null},"CreateUTCTime":"2021-12-14T01:40:18.210","ModifyUTCTime":"2021-12-14T01:40:18.210","EstimationServices":null,"EstimationQuestions":null}
