{"EntityText":"#: E-000-2238186 Date: 12\/13\/2021 Stock: AU0863 RO: F3266458 PO:  (2020 CHE AVEOLT LSGHD52H3LD046852) Client: SCOTTSHELDON","UTCTimestamp":"2022-03-28T04:22:56.547","InspectionId":"13AED083-C7B1-4A1A-8641-F6783BAE2965","InspectionNumber":"E-000-2238186","InspectionDate":"2021-12-13","InspectionType":{"Id":"04A19838-AEEC-4B12-BC41-77C52A166A0E","Name":"Hoja de Inspecci�n - check in"},"Amount":0.00,"ApprovedAmount":0.00,"DiscountAmount":0.00000,"TaxAmount":0.00000,"FeesAmount":0.00000,"Employee":{"Id":"D9181D69-A72F-4ED3-B334-455E1E58A55F","Name":"HERTZ F4KJL61QF193","ExternalID":null},"Client":{"Id":"035320F6-7232-4C0A-8FF7-DD337F9C9F10","Name":"SCOTTSHELDON","Address":"16102","Phone":"0012159150610","ExternalID":null},"Vehicle":{"VIN":"LSGHD52H3LD046852","Year":2020,"Make":"CHE","Model":"AVEOLT","PlateNo":"YZA-541-C","Vehicle":{"Color":null},"Mileage":67721,"PaintCode":null},"StockNo":"AU0863","RONo":"F3266458","IsCompleted":false,"PONo":null,"SalesPerson":{"Id":null},"Sales":{"PersonName":null},"Owner":{"Id":null,"Name":null,"Address":"...","Phone":null},"Location":{"Name":null},"ServiceRequest":{"Id":"0A17BB12-2D5C-EC11-8103-00155D9EC500","Number":"R-0007923120","LocalId":9957743},"Order":{"Id":null,"No":null},"Invoice":{"Id":null,"No":null},"Insurance":{"Id":null,"Name":null,"Address":null,"ContactInfo":""},"PolicyNumber":null,"ClaimNumber":null,"Deductible":null,"AccidentDate":null,"Inspection_Notes":"Contrato No \/ Rental Agreement: F3266458\r\nEconomico  \/ Stock: AU0863\r\nSeguro  \/ Coverage: CDW PACK.,RS ASSIST.,HDI 15000\r\nCD. Que Renta \/ Rental Location: TCAN52\r\nCD. Recibe \/ Return Location: TCAN52\r\nKM Salida \/ Mileage: 67721\r\nGas Salida \/ Fuel Tank Level: F\r\nDatos de contacto \/ Contact info: COND YAAKUNAH LA VELETA","EStatus":{"Id":5,"Name":"Draft"},"EStatusReason":{"Name":null},"CreateUTCTime":"2021-12-13T15:55:27.980","ModifyUTCTime":"2021-12-13T15:55:27.980","EstimationServices":null,"EstimationQuestions":null}
