{"EntityText":"#: E-000-1963512 Date: 12\/13\/2021 Stock: NM0326 RO: F3170724 PO:  (2020 NSN MARCHABS 3N1CK3CD4LL212191) Client: ALEJANDRA","UTCTimestamp":"2022-03-28T04:19:43.870","InspectionId":"13F41D7B-2038-45F0-8A7B-74CBF84A2E83","InspectionNumber":"E-000-1963512","InspectionDate":"2021-12-13","InspectionType":{"Id":"04A19838-AEEC-4B12-BC41-77C52A166A0E","Name":"Hoja de Inspecci�n - check in"},"Amount":0.00,"ApprovedAmount":0.00,"DiscountAmount":0.00000,"TaxAmount":0.00000,"FeesAmount":0.00000,"Employee":{"Id":"D43C5968-7DBA-4003-A590-1957E72842E4","Name":"HERTZ PDC61","ExternalID":null},"Client":{"Id":"26E00C18-80F1-4914-9D54-B334DC147725","Name":"ALEJANDRA","Address":"115 COL LOMAS","Phone":"4441701660","ExternalID":null},"Vehicle":{"VIN":"3N1CK3CD4LL212191","Year":2020,"Make":"NSN","Model":"MARCHABS","PlateNo":"YZF-162-C","Vehicle":{"Color":null},"Mileage":52494,"PaintCode":null},"StockNo":"NM0326","RONo":"F3170724","IsCompleted":false,"PONo":null,"SalesPerson":{"Id":null},"Sales":{"PersonName":null},"Owner":{"Id":null,"Name":null,"Address":"...","Phone":null},"Location":{"Name":null},"ServiceRequest":{"Id":"CDF570D9-8C2E-EC11-80FE-00155D9EC500","Number":"R-0007785767","LocalId":9727505},"Order":{"Id":null,"No":null},"Invoice":{"Id":null,"No":null},"Insurance":{"Id":null,"Name":null,"Address":null,"ContactInfo":""},"PolicyNumber":null,"ClaimNumber":null,"Deductible":null,"AccidentDate":null,"Inspection_Notes":"Contrato No \/ Rental Agreement: F3170724\r\nEconomico  \/ Stock: NM0326\r\nSeguro  \/ Coverage: CDW-2\r\nCD. Que Renta \/ Rental Location: CAN50\r\nCD. Recibe \/ Return Location: CAN50\r\nKM Salida \/ Mileage: 52494\r\nGas Salida \/ Fuel Tank Level: F\r\nDatos de contacto \/ Contact info: TRS SOLARIS","EStatus":{"Id":5,"Name":"Draft"},"EStatusReason":{"Name":null},"CreateUTCTime":"2021-10-16T14:25:08.717","ModifyUTCTime":"2021-10-16T14:25:08.717","EstimationServices":null,"EstimationQuestions":null}
