{"EntityText":"#: E-000-2237537 Date: 12\/13\/2021 Stock: AU1027 RO: F3266220 PO:  (2021 CHE AVEOLS LSGHD52H1MD025015) Client: JAVIER MEDINA CHINAS","UTCTimestamp":"2022-03-28T04:21:30.170","InspectionId":"13F665EE-38EB-49C4-9618-62783BFEDD2E","InspectionNumber":"E-000-2237537","InspectionDate":"2021-12-13","InspectionType":{"Id":"33034816-D00A-49F6-8AA5-55D54FDE8907","Name":"Hoja de Inspeccion - check out"},"Amount":0.00,"ApprovedAmount":0.00,"DiscountAmount":0.00000,"TaxAmount":0.00000,"FeesAmount":0.00000,"Employee":{"Id":"22A20387-4CB9-4CA1-8011-0915B3DFC79B","Name":"HERTZ MEX53","ExternalID":null},"Client":{"Id":"E0E46F14-0DF5-421E-AC4E-A084B0A1EE8F","Name":"JAVIER MEDINA CHINAS","Address":"ENCORE CIR","Phone":"19079582773","ExternalID":null},"Vehicle":{"VIN":"LSGHD52H1MD025015","Year":2021,"Make":"CHE","Model":"AVEOLS","PlateNo":"YWL-024-D","Vehicle":{"Color":null},"Mileage":41448,"PaintCode":null},"StockNo":"AU1027","RONo":"F3266220","IsCompleted":false,"PONo":null,"SalesPerson":{"Id":null},"Sales":{"PersonName":null},"Owner":{"Id":null,"Name":null,"Address":"...","Phone":null},"Location":{"Name":null},"ServiceRequest":{"Id":"D16C59B2-1D5C-EC11-8103-00155D9EC500","Number":"R-0007922796","LocalId":9957261},"Order":{"Id":null,"No":null},"Invoice":{"Id":null,"No":null},"Insurance":{"Id":null,"Name":null,"Address":null,"ContactInfo":""},"PolicyNumber":null,"ClaimNumber":null,"Deductible":null,"AccidentDate":null,"Inspection_Notes":"Contrato No \/ Rental Agreement: F3266220\r\nEconomico  \/ Stock: AU1027\r\nSeguro  \/ Coverage: CDW-2\r\nCD. Que Renta \/ Rental Location: MEX53\r\nCD. Recibe \/ Return Location: MEX50\r\nKM Salida \/ Mileage: 41448\r\nGas Salida \/ Fuel Tank Level: 3\/4\r\nDatos de contacto \/ Contact info: ","EStatus":{"Id":5,"Name":"Draft"},"EStatusReason":{"Name":null},"CreateUTCTime":"2021-12-13T14:05:21.077","ModifyUTCTime":"2021-12-13T14:05:21.077","EstimationServices":null,"EstimationQuestions":null}
