{"EntityText":"#: E-000-2238702 Date: 12\/13\/2021 Stock: NK1430 RO: F3266639 PO:  (2021 NSN KICKSADV 3N8CP5HE6ML549799) Client: JESUS ALI","UTCTimestamp":"2022-03-28T04:24:18.940","InspectionId":"142F6BEA-6842-4637-9404-A899E18295A2","InspectionNumber":"E-000-2238702","InspectionDate":"2021-12-13","InspectionType":{"Id":"04A19838-AEEC-4B12-BC41-77C52A166A0E","Name":"Hoja de Inspecci�n - check in"},"Amount":0.00,"ApprovedAmount":0.00,"DiscountAmount":0.00000,"TaxAmount":0.00000,"FeesAmount":0.00000,"Employee":{"Id":"D9181D69-A72F-4ED3-B334-455E1E58A55F","Name":"HERTZ F4KJL61QF193","ExternalID":null},"Client":{"Id":"06F41907-D8BB-4382-A698-E83E45CCD249","Name":"JESUS ALI","Address":"OSAGE DR","Phone":"8324140584","ExternalID":null},"Vehicle":{"VIN":"3N8CP5HE6ML549799","Year":2021,"Make":"NSN","Model":"KICKSADV","PlateNo":"A-514-TPL","Vehicle":{"Color":null},"Mileage":791,"PaintCode":null},"StockNo":"NK1430","RONo":"F3266639","IsCompleted":false,"PONo":null,"SalesPerson":{"Id":null},"Sales":{"PersonName":null},"Owner":{"Id":null,"Name":null,"Address":"...","Phone":null},"Location":{"Name":null},"ServiceRequest":{"Id":"33120DD7-365C-EC11-8103-00155D9EC500","Number":"R-0007923378","LocalId":9958139},"Order":{"Id":null,"No":null},"Invoice":{"Id":null,"No":null},"Insurance":{"Id":null,"Name":null,"Address":null,"ContactInfo":""},"PolicyNumber":null,"ClaimNumber":null,"Deductible":null,"AccidentDate":null,"Inspection_Notes":"Contrato No \/ Rental Agreement: F3266639\r\nEconomico  \/ Stock: NK1430\r\nSeguro  \/ Coverage: LDW,RS ASSIST.,B2B,PAI\r\nCD. Que Renta \/ Rental Location: CAN50\r\nCD. Recibe \/ Return Location: CAN50\r\nKM Salida \/ Mileage: 791\r\nGas Salida \/ Fuel Tank Level: F\r\nDatos de contacto \/ Contact info: PARAISUS PDC","EStatus":{"Id":5,"Name":"Draft"},"EStatusReason":{"Name":null},"CreateUTCTime":"2021-12-13T17:05:19.647","ModifyUTCTime":"2021-12-13T17:05:19.647","EstimationServices":null,"EstimationQuestions":null}
