{"EntityText":"#: E-000-2239082 Date: 12\/13\/2021 Stock: TA1136 RO: F3266779 PO:  (2021 VW TAOS 3VVHB6B28MM000525) Client: ANGEL","UTCTimestamp":"2022-03-28T04:24:53.330","InspectionId":"14794A9F-2F55-4FB3-B412-DC201A449FFB","InspectionNumber":"E-000-2239082","InspectionDate":"2021-12-13","InspectionType":{"Id":"04A19838-AEEC-4B12-BC41-77C52A166A0E","Name":"Hoja de Inspecci�n - check in"},"Amount":0.00,"ApprovedAmount":0.00,"DiscountAmount":0.00000,"TaxAmount":0.00000,"FeesAmount":0.00000,"Employee":{"Id":"58AD97DC-705C-4B70-9626-EC476DC4785D","Name":"HERTZ MTY53","ExternalID":null},"Client":{"Id":"B386DCC6-E4BA-44CD-9C94-94A98818809C","Name":"ANGEL","Address":"CALLE YOLOPATLI","Phone":"5549557626","ExternalID":null},"Vehicle":{"VIN":"3VVHB6B28MM000525","Year":2021,"Make":"VW","Model":"TAOS","PlateNo":"EPA-79-89","Vehicle":{"Color":null},"Mileage":22592,"PaintCode":null},"StockNo":"TA1136","RONo":"F3266779","IsCompleted":false,"PONo":null,"SalesPerson":{"Id":null},"Sales":{"PersonName":null},"Owner":{"Id":null,"Name":null,"Address":"...","Phone":null},"Location":{"Name":null},"ServiceRequest":{"Id":"EE102AD3-3D5C-EC11-8103-00155D9EC500","Number":"R-0007923568","LocalId":9958396},"Order":{"Id":null,"No":null},"Invoice":{"Id":null,"No":null},"Insurance":{"Id":null,"Name":null,"Address":null,"ContactInfo":""},"PolicyNumber":null,"ClaimNumber":null,"Deductible":null,"AccidentDate":null,"Inspection_Notes":"Contrato No \/ Rental Agreement: F3266779\r\nEconomico  \/ Stock: TA1136\r\nSeguro  \/ Coverage: LDW,PAI,ALI,B2B\r\nCD. Que Renta \/ Rental Location: MTY52\r\nCD. Recibe \/ Return Location: MTY53\r\nKM Salida \/ Mileage: 22592\r\nGas Salida \/ Fuel Tank Level: F\r\nDatos de contacto \/ Contact info: MARRIOTT SALTILLO","EStatus":{"Id":5,"Name":"Draft"},"EStatusReason":{"Name":null},"CreateUTCTime":"2021-12-13T17:55:22.887","ModifyUTCTime":"2021-12-13T17:55:22.887","EstimationServices":null,"EstimationQuestions":null}
