{"EntityText":"#: E-000-2240852 Date: 12\/13\/2021 Stock: NK0396 RO: SLP82043 PO:  (2020 NSN KICKSADV 3N8CP5HD8LL569428) Client: JESUS SILVA","UTCTimestamp":"2022-03-28T04:29:14.223","InspectionId":"14D68DA4-45F2-4026-B083-ACF3F3A20D82","InspectionNumber":"E-000-2240852","InspectionDate":"2021-12-13","InspectionType":{"Id":"04A19838-AEEC-4B12-BC41-77C52A166A0E","Name":"Hoja de Inspecci�n - check in"},"Amount":0.00,"ApprovedAmount":0.00,"DiscountAmount":0.00000,"TaxAmount":0.00000,"FeesAmount":0.00000,"Employee":{"Id":"91A96957-69FD-4329-B258-36721778DFDA","Name":"HERTZ LEO50","ExternalID":null},"Client":{"Id":"384E1F80-DF71-454E-9239-16575FDF4D79","Name":"JESUS SILVA","Address":"...","Phone":null,"ExternalID":null},"Vehicle":{"VIN":"3N8CP5HD8LL569428","Year":2020,"Make":"NSN","Model":"KICKSADV","PlateNo":"YWS-132-D","Vehicle":{"Color":null},"Mileage":43073,"PaintCode":null},"StockNo":"NK0396","RONo":"SLP82043","IsCompleted":false,"PONo":null,"SalesPerson":{"Id":null},"Sales":{"PersonName":null},"Owner":{"Id":null,"Name":null,"Address":"...","Phone":null},"Location":{"Name":null},"ServiceRequest":{"Id":"40A52A27-605C-EC11-8103-00155D9EC500","Number":"R-0007924453","LocalId":9959794},"Order":{"Id":null,"No":null},"Invoice":{"Id":null,"No":null},"Insurance":{"Id":null,"Name":null,"Address":null,"ContactInfo":""},"PolicyNumber":null,"ClaimNumber":null,"Deductible":null,"AccidentDate":null,"Inspection_Notes":"Contrato No \/ Rental Agreement: SLP82043\r\nEconomico  \/ Stock: NK0396\r\nSeguro  \/ Coverage: \r\nCD. Que Renta \/ Rental Location: SLP60\r\nCD. Recibe \/ Return Location: LEO50\r\nKM Salida \/ Mileage: 43073\r\nGas Salida \/ Fuel Tank Level: F\r\nDatos de contacto \/ Contact info: ","EStatus":{"Id":5,"Name":"Draft"},"EStatusReason":{"Name":null},"CreateUTCTime":"2021-12-13T22:01:08.770","ModifyUTCTime":"2021-12-13T22:01:08.770","EstimationServices":null,"EstimationQuestions":null}
