{"EntityText":"#: E-000-2239990 Date: 12\/13\/2021 Stock: RD1234 RO: F3267074 PO:  (2021 RENAULT DUSTER 93YHSB154MJ004376) Client: DANIEL","UTCTimestamp":"2022-03-28T04:26:50.300","InspectionId":"14F36C60-BC1F-4BA1-A960-16C7F0FD4A94","InspectionNumber":"E-000-2239990","InspectionDate":"2021-12-13","InspectionType":{"Id":"04A19838-AEEC-4B12-BC41-77C52A166A0E","Name":"Hoja de Inspecci�n - check in"},"Amount":0.00,"ApprovedAmount":0.00,"DiscountAmount":0.00000,"TaxAmount":0.00000,"FeesAmount":0.00000,"Employee":{"Id":"E65CFBE2-ED52-4C96-B955-1F2EE1902072","Name":"HERTZ R52M40KZ7FX","ExternalID":null},"Client":{"Id":"F4124941-B5B4-4D86-85EC-80531204F887","Name":"DANIEL","Address":"DORIS AVE","Phone":"4085152049","ExternalID":null},"Vehicle":{"VIN":"93YHSB154MJ004376","Year":2021,"Make":"RENAULT","Model":"DUSTER","PlateNo":"ENW-96-46","Vehicle":{"Color":null},"Mileage":1878,"PaintCode":null},"StockNo":"RD1234","RONo":"F3267074","IsCompleted":false,"PONo":null,"SalesPerson":{"Id":null},"Sales":{"PersonName":null},"Owner":{"Id":null,"Name":null,"Address":"...","Phone":null},"Location":{"Name":null},"ServiceRequest":{"Id":"C19FAE49-4F5C-EC11-8103-00155D9EC500","Number":"R-0007924022","LocalId":9959174},"Order":{"Id":null,"No":null},"Invoice":{"Id":null,"No":null},"Insurance":{"Id":null,"Name":null,"Address":null,"ContactInfo":""},"PolicyNumber":null,"ClaimNumber":null,"Deductible":null,"AccidentDate":null,"Inspection_Notes":"Contrato No \/ Rental Agreement: F3267074\r\nEconomico  \/ Stock: RD1234\r\nSeguro  \/ Coverage: LDW\r\nCD. Que Renta \/ Rental Location: OAX50\r\nCD. Recibe \/ Return Location: OAX50\r\nKM Salida \/ Mileage: 1878\r\nGas Salida \/ Fuel Tank Level: F\r\nDatos de contacto \/ Contact info: SAN PABLO HUIXTEPEC","EStatus":{"Id":5,"Name":"Draft"},"EStatusReason":{"Name":null},"CreateUTCTime":"2021-12-13T20:00:22.840","ModifyUTCTime":"2021-12-13T20:00:22.840","EstimationServices":null,"EstimationQuestions":null}
