{"EntityText":"#: E-000-2241480 Date: 12\/13\/2021 Stock: MR9042 RO: F3267584 PO:  (2019 MTSH MIRAGES ML3AA28J0KH005040) Client: ALEKSANDRA","UTCTimestamp":"2022-03-28T04:30:31.747","InspectionId":"152579AC-8453-4D0D-BB09-87060D1237A0","InspectionNumber":"E-000-2241480","InspectionDate":"2021-12-13","InspectionType":{"Id":"04A19838-AEEC-4B12-BC41-77C52A166A0E","Name":"Hoja de Inspecci�n - check in"},"Amount":0.00,"ApprovedAmount":0.00,"DiscountAmount":0.00000,"TaxAmount":0.00000,"FeesAmount":0.00000,"Employee":{"Id":"D9181D69-A72F-4ED3-B334-455E1E58A55F","Name":"HERTZ F4KJL61QF193","ExternalID":null},"Client":{"Id":"887A1077-8015-454C-828E-C1CFC30251EB","Name":"ALEKSANDRA","Address":"SZCECIN","Phone":"+529988203133","ExternalID":null},"Vehicle":{"VIN":"ML3AA28J0KH005040","Year":2019,"Make":"MTSH","Model":"MIRAGES","PlateNo":"YZC-086-C","Vehicle":{"Color":null},"Mileage":64569,"PaintCode":null},"StockNo":"MR9042","RONo":"F3267584","IsCompleted":false,"PONo":null,"SalesPerson":{"Id":null},"Sales":{"PersonName":null},"Owner":{"Id":null,"Name":null,"Address":"...","Phone":null},"Location":{"Name":null},"ServiceRequest":{"Id":"BAC6A725-705C-EC11-8103-00155D9EC500","Number":"R-0007924767","LocalId":9960277},"Order":{"Id":null,"No":null},"Invoice":{"Id":null,"No":null},"Insurance":{"Id":null,"Name":null,"Address":null,"ContactInfo":""},"PolicyNumber":null,"ClaimNumber":null,"Deductible":null,"AccidentDate":null,"Inspection_Notes":"Contrato No \/ Rental Agreement: F3267584\r\nEconomico  \/ Stock: MR9042\r\nSeguro  \/ Coverage: CDW\r\nCD. Que Renta \/ Rental Location: DCAN51\r\nCD. Recibe \/ Return Location: DCAN51\r\nKM Salida \/ Mileage: 64569\r\nGas Salida \/ Fuel Tank Level: F\r\nDatos de contacto \/ Contact info: CACHITO DE CIELO TULUM HTL","EStatus":{"Id":5,"Name":"Draft"},"EStatusReason":{"Name":null},"CreateUTCTime":"2021-12-13T23:55:32.277","ModifyUTCTime":"2021-12-13T23:55:32.277","EstimationServices":null,"EstimationQuestions":null}
