{"EntityText":"#: E-000-2239410 Date: 12\/13\/2021 Stock: X21088 RO: F3266881 PO:  (2021 NSN XTRAIL2R JN8BT27T1MW126743) Client: MARIADELCA","UTCTimestamp":"2022-03-28T04:25:34.067","InspectionId":"1552DE68-9651-49FE-A12D-B34F2AEBEA58","InspectionNumber":"E-000-2239410","InspectionDate":"2021-12-13","InspectionType":{"Id":"04A19838-AEEC-4B12-BC41-77C52A166A0E","Name":"Hoja de Inspecci�n - check in"},"Amount":0.00,"ApprovedAmount":0.00,"DiscountAmount":0.00000,"TaxAmount":0.00000,"FeesAmount":0.00000,"Employee":{"Id":"8FB096ED-230D-4AB2-92AF-2175E1C2C723","Name":"HERTZ IXT50","ExternalID":null},"Client":{"Id":"0766C974-C6F7-45F8-A66F-1C4E5E803887","Name":"MARIADELCA","Address":"C BOSQUES DE VINCENES","Phone":"525522464551","ExternalID":null},"Vehicle":{"VIN":"JN8BT27T1MW126743","Year":2021,"Make":"NSN","Model":"XTRAIL2R","PlateNo":"DAC-35-12","Vehicle":{"Color":null},"Mileage":16443,"PaintCode":null},"StockNo":"X21088","RONo":"F3266881","IsCompleted":false,"PONo":null,"SalesPerson":{"Id":null},"Sales":{"PersonName":null},"Owner":{"Id":null,"Name":null,"Address":"...","Phone":null},"Location":{"Name":null},"ServiceRequest":{"Id":"78AF928B-445C-EC11-8103-00155D9EC500","Number":"R-0007923732","LocalId":9958615},"Order":{"Id":null,"No":null},"Invoice":{"Id":null,"No":null},"Insurance":{"Id":null,"Name":null,"Address":null,"ContactInfo":""},"PolicyNumber":null,"ClaimNumber":null,"Deductible":null,"AccidentDate":null,"Inspection_Notes":"Contrato No \/ Rental Agreement: F3266881\r\nEconomico  \/ Stock: X21088\r\nSeguro  \/ Coverage: LDW,B2B,ALI,PAI,LOST USE,RS ASSIST.\r\nCD. Que Renta \/ Rental Location: IXT50\r\nCD. Recibe \/ Return Location: IXT50\r\nKM Salida \/ Mileage: 16443\r\nGas Salida \/ Fuel Tank Level: 1\/4\r\nDatos de contacto \/ Contact info: QUINTA ANTIGUA","EStatus":{"Id":5,"Name":"Draft"},"EStatusReason":{"Name":null},"CreateUTCTime":"2021-12-13T18:43:25.237","ModifyUTCTime":"2021-12-13T18:43:25.237","EstimationServices":null,"EstimationQuestions":null}
