{"EntityText":"#: E-000-1674841 Date: 12\/13\/2021 Stock: VV1148 RO: LTO08812 PO:  (2021 VW VENTO MEX5A2605MT117588) Client: ALVARO","UTCTimestamp":"2022-03-28T04:19:39.813","InspectionId":"155B29BA-C48C-45D3-841F-1FBDDA964664","InspectionNumber":"E-000-1674841","InspectionDate":"2021-12-13","InspectionType":{"Id":"33034816-D00A-49F6-8AA5-55D54FDE8907","Name":"Hoja de Inspeccion - check out"},"Amount":0.00,"ApprovedAmount":0.00,"DiscountAmount":0.00000,"TaxAmount":0.00000,"FeesAmount":0.00000,"Employee":{"Id":"9F84651C-04B0-41AA-AA8C-58F07B386B67","Name":"HERTZ CLQ50","ExternalID":null},"Client":{"Id":"B3CCD5D4-95F2-4D35-B6F3-96F60B88A771","Name":"ALVARO","Address":"LANGOSTA","Phone":"6151065165","ExternalID":null},"Vehicle":{"VIN":"MEX5A2605MT117588","Year":2021,"Make":"VW","Model":"VENTO","PlateNo":"25-58-AVE","Vehicle":{"Color":null},"Mileage":8960,"PaintCode":null},"StockNo":"VV1148","RONo":"LTO08812","IsCompleted":false,"PONo":null,"SalesPerson":{"Id":null},"Sales":{"PersonName":null},"Owner":{"Id":null,"Name":null,"Address":"...","Phone":null},"Location":{"Name":null},"ServiceRequest":{"Id":"0B7C65AD-10FA-EB11-80FE-00155D9EC500","Number":"R-0007641372","LocalId":9477364},"Order":{"Id":null,"No":null},"Invoice":{"Id":null,"No":null},"Insurance":{"Id":null,"Name":null,"Address":null,"ContactInfo":""},"PolicyNumber":null,"ClaimNumber":null,"Deductible":null,"AccidentDate":null,"Inspection_Notes":"Contrato No \/ Rental Agreement: LTO08812\r\nEconomico  \/ Stock: VV1148\r\nSeguro  \/ Coverage: \r\nCD. Que Renta \/ Rental Location: LTO50\r\nCD. Recibe \/ Return Location: LTO60\r\nKM Salida \/ Mileage: 8960\r\nGas Salida \/ Fuel Tank Level: F\r\nDatos de contacto \/ Contact info: ","EStatus":{"Id":5,"Name":"Draft"},"EStatusReason":{"Name":null},"CreateUTCTime":"2021-08-10T19:25:15.967","ModifyUTCTime":"2021-08-10T19:25:15.967","EstimationServices":null,"EstimationQuestions":null}
