{"EntityText":"#: E-000-2237467 Date: 12\/13\/2021 Stock: VV1318 RO: F3266197 PO:  (2021 VW VENTO MEX5A2607MT126504) Client: GUSTAVO","UTCTimestamp":"2022-03-28T04:21:30.170","InspectionId":"156573E7-2596-4EC9-80CE-84407FFFAA16","InspectionNumber":"E-000-2237467","InspectionDate":"2021-12-13","InspectionType":{"Id":"33034816-D00A-49F6-8AA5-55D54FDE8907","Name":"Hoja de Inspeccion - check out"},"Amount":0.00,"ApprovedAmount":0.00,"DiscountAmount":0.00000,"TaxAmount":0.00000,"FeesAmount":0.00000,"Employee":{"Id":"2ADEB04D-A4B1-499F-AA8E-815C1FD1885A","Name":"HERTZ CANZH1","ExternalID":null},"Client":{"Id":"633C7CB6-1210-4CBF-9002-1503104269FB","Name":"GUSTAVO","Address":"BRASIL","Phone":"+5566999287560","ExternalID":null},"Vehicle":{"VIN":"MEX5A2607MT126504","Year":2021,"Make":"VW","Model":"VENTO","PlateNo":"YYP-742-D","Vehicle":{"Color":null},"Mileage":21050,"PaintCode":null},"StockNo":"VV1318","RONo":"F3266197","IsCompleted":false,"PONo":null,"SalesPerson":{"Id":null},"Sales":{"PersonName":null},"Owner":{"Id":null,"Name":null,"Address":"...","Phone":null},"Location":{"Name":null},"ServiceRequest":{"Id":"40AB07E7-1A5C-EC11-8103-00155D9EC500","Number":"R-0007922761","LocalId":9957195},"Order":{"Id":null,"No":null},"Invoice":{"Id":null,"No":null},"Insurance":{"Id":null,"Name":null,"Address":null,"ContactInfo":""},"PolicyNumber":null,"ClaimNumber":null,"Deductible":null,"AccidentDate":null,"Inspection_Notes":"Contrato No \/ Rental Agreement: F3266197\r\nEconomico  \/ Stock: VV1318\r\nSeguro  \/ Coverage: CDW-2,CDW-2,B2B,CDW2-LDW0%,RS ASSIST.\r\nCD. Que Renta \/ Rental Location: CAN71\r\nCD. Recibe \/ Return Location: CAN71\r\nKM Salida \/ Mileage: 21050\r\nGas Salida \/ Fuel Tank Level: F\r\nDatos de contacto \/ Contact info: RPYAL BEACH 2108","EStatus":{"Id":5,"Name":"Draft"},"EStatusReason":{"Name":null},"CreateUTCTime":"2021-12-13T13:45:22.533","ModifyUTCTime":"2021-12-13T13:45:22.533","EstimationServices":null,"EstimationQuestions":null}
