{"EntityText":"#: E-000-2240941 Date: 12\/13\/2021 Stock: B40196 RO: F3267401 PO:  (2020 CHE BEAT4P MA6CB5CD0LT016012) Client: ANDRES","UTCTimestamp":"2022-03-28T04:29:14.223","InspectionId":"1571254B-CAFF-4E20-A597-771194322AF0","InspectionNumber":"E-000-2240941","InspectionDate":"2021-12-13","InspectionType":{"Id":"33034816-D00A-49F6-8AA5-55D54FDE8907","Name":"Hoja de Inspeccion - check out"},"Amount":0.00,"ApprovedAmount":0.00,"DiscountAmount":0.00000,"TaxAmount":0.00000,"FeesAmount":0.00000,"Employee":{"Id":"4C1D4F7F-6DC2-4CCB-B1C9-068DC167B80B","Name":"HERTZ GDL50","ExternalID":null},"Client":{"Id":"F7334806-5EF2-4E7A-A254-8322D8458363","Name":"ANDRES","Address":"BLVD MANUEL AVILA CAMACHO","Phone":"5545222475","ExternalID":null},"Vehicle":{"VIN":"MA6CB5CD0LT016012","Year":2020,"Make":"CHE","Model":"BEAT4P","PlateNo":"DAA-36-12","Vehicle":{"Color":null},"Mileage":71364,"PaintCode":null},"StockNo":"B40196","RONo":"F3267401","IsCompleted":false,"PONo":null,"SalesPerson":{"Id":null},"Sales":{"PersonName":null},"Owner":{"Id":null,"Name":null,"Address":"...","Phone":null},"Location":{"Name":null},"ServiceRequest":{"Id":"9848E22B-625C-EC11-8103-00155D9EC500","Number":"R-0007924498","LocalId":9959857},"Order":{"Id":null,"No":null},"Invoice":{"Id":null,"No":null},"Insurance":{"Id":null,"Name":null,"Address":null,"ContactInfo":""},"PolicyNumber":null,"ClaimNumber":null,"Deductible":null,"AccidentDate":null,"Inspection_Notes":"Contrato No \/ Rental Agreement: F3267401\r\nEconomico  \/ Stock: B40196\r\nSeguro  \/ Coverage: LDW,B2B\r\nCD. Que Renta \/ Rental Location: GDL50\r\nCD. Recibe \/ Return Location: GDL50\r\nKM Salida \/ Mileage: 71364\r\nGas Salida \/ Fuel Tank Level: 3\/4\r\nDatos de contacto \/ Contact info: MARIA DEL CARMEN MIRANDA","EStatus":{"Id":5,"Name":"Draft"},"EStatusReason":{"Name":null},"CreateUTCTime":"2021-12-13T22:15:33.460","ModifyUTCTime":"2021-12-13T22:15:33.460","EstimationServices":null,"EstimationQuestions":null}
