{"EntityText":"#: E-000-2237375 Date: 12\/13\/2021 Stock: VJ1082 RO: F3266156 PO:  (2021 VW JETTACF 3VWHP6BUXMM024839) Client: GUILLERMO","UTCTimestamp":"2022-03-28T04:21:30.170","InspectionId":"159C3D44-6E17-4C0F-A561-13CD75B2E9E6","InspectionNumber":"E-000-2237375","InspectionDate":"2021-12-13","InspectionType":{"Id":"33034816-D00A-49F6-8AA5-55D54FDE8907","Name":"Hoja de Inspeccion - check out"},"Amount":0.00,"ApprovedAmount":0.00,"DiscountAmount":0.00000,"TaxAmount":0.00000,"FeesAmount":0.00000,"Employee":{"Id":"22A20387-4CB9-4CA1-8011-0915B3DFC79B","Name":"HERTZ MEX53","ExternalID":null},"Client":{"Id":"3E89BD0F-48B6-435E-925C-547284EFFB96","Name":"GUILLERMO","Address":"CALLE VOLCAN SAN MARTIN","Phone":"5543773732","ExternalID":null},"Vehicle":{"VIN":"3VWHP6BUXMM024839","Year":2021,"Make":"VW","Model":"JETTACF","PlateNo":"YWM-369-D","Vehicle":{"Color":null},"Mileage":51549,"PaintCode":null},"StockNo":"VJ1082","RONo":"F3266156","IsCompleted":false,"PONo":null,"SalesPerson":{"Id":null},"Sales":{"PersonName":null},"Owner":{"Id":null,"Name":null,"Address":"...","Phone":null},"Location":{"Name":null},"ServiceRequest":{"Id":"94A22B61-175C-EC11-8103-00155D9EC500","Number":"R-0007922715","LocalId":9957140},"Order":{"Id":null,"No":null},"Invoice":{"Id":null,"No":null},"Insurance":{"Id":null,"Name":null,"Address":null,"ContactInfo":""},"PolicyNumber":null,"ClaimNumber":null,"Deductible":null,"AccidentDate":null,"Inspection_Notes":"Contrato No \/ Rental Agreement: F3266156\r\nEconomico  \/ Stock: VJ1082\r\nSeguro  \/ Coverage: LDW,PAI,TP,B2B\r\nCD. Que Renta \/ Rental Location: MEX53\r\nCD. Recibe \/ Return Location: MEX50\r\nKM Salida \/ Mileage: 51549\r\nGas Salida \/ Fuel Tank Level: F\r\nDatos de contacto \/ Contact info: ","EStatus":{"Id":2,"Name":"Archived"},"EStatusReason":{"Name":"Car Changed"},"CreateUTCTime":"2021-12-13T13:20:08.383","ModifyUTCTime":"2021-12-13T13:45:08.720","EstimationServices":null,"EstimationQuestions":null}
