{"EntityText":"#: E-000-2016120 Date: 12\/13\/2021 Stock: NM0326 RO: F3188861 PO:  (2020 NSN MARCHABS 3N1CK3CD4LL212191) Client: VERA CAMACHO","UTCTimestamp":"2022-03-28T04:19:43.870","InspectionId":"15A41A34-2965-4E0B-BA38-0ABA50E34E08","InspectionNumber":"E-000-2016120","InspectionDate":"2021-12-13","InspectionType":{"Id":"04A19838-AEEC-4B12-BC41-77C52A166A0E","Name":"Hoja de Inspecci�n - check in"},"Amount":0.00,"ApprovedAmount":0.00,"DiscountAmount":0.00000,"TaxAmount":0.00000,"FeesAmount":0.00000,"Employee":{"Id":"D43C5968-7DBA-4003-A590-1957E72842E4","Name":"HERTZ PDC61","ExternalID":null},"Client":{"Id":"DAEA4520-0775-47F6-BB8B-7F946AB95111","Name":"VERA CAMACHO","Address":"ADALBERTO TEJEDA","Phone":"2292773054","ExternalID":null},"Vehicle":{"VIN":"3N1CK3CD4LL212191","Year":2020,"Make":"NSN","Model":"MARCHABS","PlateNo":"YZF-162-C","Vehicle":{"Color":null},"Mileage":53737,"PaintCode":null},"StockNo":"NM0326","RONo":"F3188861","IsCompleted":false,"PONo":null,"SalesPerson":{"Id":null},"Sales":{"PersonName":null},"Owner":{"Id":null,"Name":null,"Address":"...","Phone":null},"Location":{"Name":null},"ServiceRequest":{"Id":"062E88B8-4F37-EC11-8103-00155D9EC500","Number":"R-0007812077","LocalId":9780180},"Order":{"Id":null,"No":null},"Invoice":{"Id":null,"No":null},"Insurance":{"Id":null,"Name":null,"Address":null,"ContactInfo":""},"PolicyNumber":null,"ClaimNumber":null,"Deductible":null,"AccidentDate":null,"Inspection_Notes":"Contrato No \/ Rental Agreement: F3188861\r\nEconomico  \/ Stock: NM0326\r\nSeguro  \/ Coverage: LDW,B2B\r\nCD. Que Renta \/ Rental Location: CAN50\r\nCD. Recibe \/ Return Location: CAN50\r\nKM Salida \/ Mileage: 53737\r\nGas Salida \/ Fuel Tank Level: F\r\nDatos de contacto \/ Contact info: TRS SOLARIS","EStatus":{"Id":5,"Name":"Draft"},"EStatusReason":{"Name":null},"CreateUTCTime":"2021-10-27T18:00:18.560","ModifyUTCTime":"2021-10-27T18:00:18.560","EstimationServices":null,"EstimationQuestions":null}
