{"EntityText":"#: E-000-2046538 Date: 12\/13\/2021 Stock: MR9043 RO: F3199609 PO:  (2019 MTSH MIRAGES ML3AA28JXKH004350) Client: MARCELA ALEJANDRA","UTCTimestamp":"2022-03-28T04:19:43.870","InspectionId":"15B00809-1089-41BA-94D8-F8E47C3BFD54","InspectionNumber":"E-000-2046538","InspectionDate":"2021-12-13","InspectionType":{"Id":"04A19838-AEEC-4B12-BC41-77C52A166A0E","Name":"Hoja de Inspecci�n - check in"},"Amount":0.00,"ApprovedAmount":0.00,"DiscountAmount":0.00000,"TaxAmount":0.00000,"FeesAmount":0.00000,"Employee":{"Id":"D43C5968-7DBA-4003-A590-1957E72842E4","Name":"HERTZ PDC61","ExternalID":null},"Client":{"Id":"D74FC51A-F33C-4D53-A09A-275FDEC684F7","Name":"MARCELA ALEJANDRA","Address":"JUAN V OROZCO","Phone":"4493525825","ExternalID":null},"Vehicle":{"VIN":"ML3AA28JXKH004350","Year":2019,"Make":"MTSH","Model":"MIRAGES","PlateNo":"YZC-017-C","Vehicle":{"Color":null},"Mileage":50672,"PaintCode":null},"StockNo":"MR9043","RONo":"F3199609","IsCompleted":false,"PONo":null,"SalesPerson":{"Id":null},"Sales":{"PersonName":null},"Owner":{"Id":null,"Name":null,"Address":"...","Phone":null},"Location":{"Name":null},"ServiceRequest":{"Id":"2AF923C4-423C-EC11-8103-00155D9EC500","Number":"R-0007827288","LocalId":9805003},"Order":{"Id":null,"No":null},"Invoice":{"Id":null,"No":null},"Insurance":{"Id":null,"Name":null,"Address":null,"ContactInfo":""},"PolicyNumber":null,"ClaimNumber":null,"Deductible":null,"AccidentDate":null,"Inspection_Notes":"Contrato No \/ Rental Agreement: F3199609\r\nEconomico  \/ Stock: MR9043\r\nSeguro  \/ Coverage: CDW\r\nCD. Que Renta \/ Rental Location: CAN50\r\nCD. Recibe \/ Return Location: CAN50\r\nKM Salida \/ Mileage: 50672\r\nGas Salida \/ Fuel Tank Level: F\r\nDatos de contacto \/ Contact info: HTL PRESIDENTE INTERCONTINENTA","EStatus":{"Id":5,"Name":"Draft"},"EStatusReason":{"Name":null},"CreateUTCTime":"2021-11-03T01:10:08.907","ModifyUTCTime":"2021-11-03T01:10:08.907","EstimationServices":null,"EstimationQuestions":null}
