{"EntityText":"#: E-000-2238622 Date: 12\/13\/2021 Stock: RK1198 RO: MTY97278 PO:  (2021 RENAULT KWID 93Y1R3D57MJ932830) Client: HECTOR CHRIS MARTINEZ MATA","UTCTimestamp":"2022-03-28T04:24:18.940","InspectionId":"15C11D6B-23E7-4065-8155-2666B137DB2D","InspectionNumber":"E-000-2238622","InspectionDate":"2021-12-13","InspectionType":{"Id":"04A19838-AEEC-4B12-BC41-77C52A166A0E","Name":"Hoja de Inspecci�n - check in"},"Amount":0.00,"ApprovedAmount":0.00,"DiscountAmount":0.00000,"TaxAmount":0.00000,"FeesAmount":0.00000,"Employee":{"Id":"7272EF35-BA42-4012-A525-ECB34FF20C5B","Name":"HERTZ R52M10TDL7W","ExternalID":null},"Client":{"Id":"F38879DB-AC76-414D-AAE8-817DC99327E4","Name":"HECTOR CHRIS MARTINEZ MATA","Address":"...","Phone":null,"ExternalID":null},"Vehicle":{"VIN":"93Y1R3D57MJ932830","Year":2021,"Make":"RENAULT","Model":"KWID","PlateNo":"EPC-94-08","Vehicle":{"Color":null},"Mileage":10017,"PaintCode":null},"StockNo":"RK1198","RONo":"MTY97278","IsCompleted":false,"PONo":null,"SalesPerson":{"Id":null},"Sales":{"PersonName":null},"Owner":{"Id":null,"Name":null,"Address":"...","Phone":null},"Location":{"Name":null},"ServiceRequest":{"Id":"9C2C3F8A-355C-EC11-8103-00155D9EC500","Number":"R-0007923338","LocalId":9958086},"Order":{"Id":null,"No":null},"Invoice":{"Id":null,"No":null},"Insurance":{"Id":null,"Name":null,"Address":null,"ContactInfo":""},"PolicyNumber":null,"ClaimNumber":null,"Deductible":null,"AccidentDate":null,"Inspection_Notes":"Contrato No \/ Rental Agreement: MTY97278\r\nEconomico  \/ Stock: RK1198\r\nSeguro  \/ Coverage: \r\nCD. Que Renta \/ Rental Location: MTY50\r\nCD. Recibe \/ Return Location: MTY50\r\nKM Salida \/ Mileage: 10017\r\nGas Salida \/ Fuel Tank Level: F\r\nDatos de contacto \/ Contact info: ","EStatus":{"Id":5,"Name":"Draft"},"EStatusReason":{"Name":null},"CreateUTCTime":"2021-12-13T16:56:02.217","ModifyUTCTime":"2021-12-13T16:56:02.217","EstimationServices":null,"EstimationQuestions":null}
