{"EntityText":"#: E-000-2239794 Date: 12\/13\/2021 Stock: B51234 RO: F3267011 PO:  (2021 CHE BEAT5P MA6CB6FD8MT022918) Client: HUGO MICHELLE","UTCTimestamp":"2022-03-28T04:26:50.300","InspectionId":"15EDF050-79CA-460C-AE3A-02947BCE73E6","InspectionNumber":"E-000-2239794","InspectionDate":"2021-12-13","InspectionType":{"Id":"04A19838-AEEC-4B12-BC41-77C52A166A0E","Name":"Hoja de Inspecci�n - check in"},"Amount":0.00,"ApprovedAmount":0.00,"DiscountAmount":0.00000,"TaxAmount":0.00000,"FeesAmount":0.00000,"Employee":{"Id":"796293DB-D6D0-4F08-95E4-8F88E6103BDD","Name":"HERTZ TUX99","ExternalID":null},"Client":{"Id":"280205AD-E5ED-4EDE-BED9-D6A39AC84467","Name":"HUGO MICHELLE","Address":"C AHUIZOTL","Phone":"5528803490","ExternalID":null},"Vehicle":{"VIN":"MA6CB6FD8MT022918","Year":2021,"Make":"CHE","Model":"BEAT5P","PlateNo":"YYT-944-D","Vehicle":{"Color":null},"Mileage":19818,"PaintCode":null},"StockNo":"B51234","RONo":"F3267011","IsCompleted":false,"PONo":null,"SalesPerson":{"Id":null},"Sales":{"PersonName":null},"Owner":{"Id":null,"Name":null,"Address":"...","Phone":null},"Location":{"Name":null},"ServiceRequest":{"Id":"2D1175D2-4B5C-EC11-8103-00155D9EC500","Number":"R-0007923924","LocalId":9958878},"Order":{"Id":null,"No":null},"Invoice":{"Id":null,"No":null},"Insurance":{"Id":null,"Name":null,"Address":null,"ContactInfo":""},"PolicyNumber":null,"ClaimNumber":null,"Deductible":null,"AccidentDate":null,"Inspection_Notes":"Contrato No \/ Rental Agreement: F3267011\r\nEconomico  \/ Stock: B51234\r\nSeguro  \/ Coverage: LDW,B2B\r\nCD. Que Renta \/ Rental Location: TUX50\r\nCD. Recibe \/ Return Location: TUX50\r\nKM Salida \/ Mileage: 19818\r\nGas Salida \/ Fuel Tank Level: 1\/4\r\nDatos de contacto \/ Contact info: HOTEL PALAPAS PALACE","EStatus":{"Id":2,"Name":"Archived"},"EStatusReason":{"Name":"Car Changed"},"CreateUTCTime":"2021-12-13T19:35:30.340","ModifyUTCTime":"2021-12-13T19:40:13.103","EstimationServices":null,"EstimationQuestions":null}
