{"EntityText":"#: E-000-1998326 Date: 12\/13\/2021 Stock: X21024 RO: F3182740 PO:  (2021 NSN XTRAIL2R JN8BT27T7MW126147) Client: VICTOR","UTCTimestamp":"2022-03-28T04:19:43.870","InspectionId":"160ED486-6312-4091-840F-E56F361CDE74","InspectionNumber":"E-000-1998326","InspectionDate":"2021-12-13","InspectionType":{"Id":"04A19838-AEEC-4B12-BC41-77C52A166A0E","Name":"Hoja de Inspecci�n - check in"},"Amount":0.00,"ApprovedAmount":0.00,"DiscountAmount":0.00000,"TaxAmount":0.00000,"FeesAmount":0.00000,"Employee":{"Id":"6C81F84E-F932-420E-8999-E940DB7CAAD0","Name":"HERTZ R52M409R6PJ","ExternalID":null},"Client":{"Id":"48AF7231-0304-4850-BADE-8E81AF439E7B","Name":"VICTOR","Address":"CJJCLARK FLORES","Phone":"51716270","ExternalID":null},"Vehicle":{"VIN":"JN8BT27T7MW126147","Year":2021,"Make":"NSN","Model":"XTRAIL2R","PlateNo":"EPA-64-71","Vehicle":{"Color":null},"Mileage":27287,"PaintCode":null},"StockNo":"X21024","RONo":"F3182740","IsCompleted":false,"PONo":null,"SalesPerson":{"Id":null},"Sales":{"PersonName":null},"Owner":{"Id":null,"Name":null,"Address":"...","Phone":null},"Location":{"Name":null},"ServiceRequest":{"Id":"E3866B2D-3434-EC11-8103-00155D9EC500","Number":"R-0007803178","LocalId":9766067},"Order":{"Id":null,"No":null},"Invoice":{"Id":null,"No":null},"Insurance":{"Id":null,"Name":null,"Address":null,"ContactInfo":""},"PolicyNumber":null,"ClaimNumber":null,"Deductible":null,"AccidentDate":null,"Inspection_Notes":"Contrato No \/ Rental Agreement: F3182740\r\nEconomico  \/ Stock: X21024\r\nSeguro  \/ Coverage: CDW-2,B2B,CDW2-LDW0%\r\nCD. Que Renta \/ Rental Location: SLP50\r\nCD. Recibe \/ Return Location: SLP50\r\nKM Salida \/ Mileage: 27287\r\nGas Salida \/ Fuel Tank Level: F\r\nDatos de contacto \/ Contact info: TRANSITO LOCAL","EStatus":{"Id":5,"Name":"Draft"},"EStatusReason":{"Name":null},"CreateUTCTime":"2021-10-23T19:05:28.753","ModifyUTCTime":"2021-10-23T19:05:28.753","EstimationServices":null,"EstimationQuestions":null}
