{"EntityText":"#: E-000-2241307 Date: 12\/13\/2021 Stock: VV1232 RO: F3266391 PO:  (2021 VW VENTO MEX5A2609MT107226) Client: PARAMVIR BOPARAI","UTCTimestamp":"2022-03-28T04:29:53.097","InspectionId":"1611501F-A8C1-49D7-893A-AA9894DE26B5","InspectionNumber":"E-000-2241307","InspectionDate":"2021-12-13","InspectionType":{"Id":"33034816-D00A-49F6-8AA5-55D54FDE8907","Name":"Hoja de Inspeccion - check out"},"Amount":0.00,"ApprovedAmount":0.00,"DiscountAmount":0.00000,"TaxAmount":0.00000,"FeesAmount":0.00000,"Employee":{"Id":"D9181D69-A72F-4ED3-B334-455E1E58A55F","Name":"HERTZ F4KJL61QF193","ExternalID":null},"Client":{"Id":"232CAC67-EC70-4C64-AF1B-BF028B82DCF6","Name":"PARAMVIR BOPARAI","Address":"24570 LORENZO GLAZE TRAIL","Phone":"2812162233","ExternalID":null},"Vehicle":{"VIN":"MEX5A2609MT107226","Year":2021,"Make":"VW","Model":"VENTO","PlateNo":"YYK-538-D","Vehicle":{"Color":null},"Mileage":20969,"PaintCode":null},"StockNo":"VV1232","RONo":"F3266391","IsCompleted":false,"PONo":null,"SalesPerson":{"Id":null},"Sales":{"PersonName":null},"Owner":{"Id":null,"Name":null,"Address":"...","Phone":null},"Location":{"Name":null},"ServiceRequest":{"Id":"EA16BE34-6B5C-EC11-8103-00155D9EC500","Number":"R-0007924681","LocalId":9960163},"Order":{"Id":null,"No":null},"Invoice":{"Id":null,"No":null},"Insurance":{"Id":null,"Name":null,"Address":null,"ContactInfo":""},"PolicyNumber":null,"ClaimNumber":null,"Deductible":null,"AccidentDate":null,"Inspection_Notes":"Contrato No \/ Rental Agreement: F3266391\r\nEconomico  \/ Stock: VV1232\r\nSeguro  \/ Coverage: CDW2 PACK\r\nCD. Que Renta \/ Rental Location: CAN50\r\nCD. Recibe \/ Return Location: CAN50\r\nKM Salida \/ Mileage: 20969\r\nGas Salida \/ Fuel Tank Level: F\r\nDatos de contacto \/ Contact info: HTL FIESTA AMERICANA CONDESA","EStatus":{"Id":5,"Name":"Draft"},"EStatusReason":{"Name":null},"CreateUTCTime":"2021-12-13T23:20:14.230","ModifyUTCTime":"2021-12-13T23:20:14.230","EstimationServices":null,"EstimationQuestions":null}
