{"EntityText":"#: E-000-2241830 Date: 12\/13\/2021 Stock: JG0007 RO: F3267709 PO:  (2020 JEEP GLADIATO 1C6HJTFG3LL186178) Client: HERIBERTO EFRAIN","UTCTimestamp":"2022-03-28T04:31:09.373","InspectionId":"162D4E52-8F43-4E16-98E1-1F9E6FE6B49A","InspectionNumber":"E-000-2241830","InspectionDate":"2021-12-13","InspectionType":{"Id":"04A19838-AEEC-4B12-BC41-77C52A166A0E","Name":"Hoja de Inspecci�n - check in"},"Amount":0.00,"ApprovedAmount":0.00,"DiscountAmount":0.00000,"TaxAmount":0.00000,"FeesAmount":0.00000,"Employee":{"Id":"5743A0B6-7B04-4574-95C1-7ABA2C19E73F","Name":"HERTZ AGU50","ExternalID":null},"Client":{"Id":"E31D58A8-30C0-4445-9E0D-8EF33D255FB6","Name":"HERIBERTO EFRAIN","Address":"PRIEGO","Phone":"5520933572","ExternalID":null},"Vehicle":{"VIN":"1C6HJTFG3LL186178","Year":2020,"Make":"JEEP","Model":"GLADIATO","PlateNo":"YR-7824-C","Vehicle":{"Color":null},"Mileage":34139,"PaintCode":null},"StockNo":"JG0007","RONo":"F3267709","IsCompleted":false,"PONo":null,"SalesPerson":{"Id":null},"Sales":{"PersonName":null},"Owner":{"Id":null,"Name":null,"Address":"...","Phone":null},"Location":{"Name":null},"ServiceRequest":{"Id":"AA4E6148-7B5C-EC11-8103-00155D9EC500","Number":"R-0007924942","LocalId":9960594},"Order":{"Id":null,"No":null},"Invoice":{"Id":null,"No":null},"Insurance":{"Id":null,"Name":null,"Address":null,"ContactInfo":""},"PolicyNumber":null,"ClaimNumber":null,"Deductible":null,"AccidentDate":null,"Inspection_Notes":"Contrato No \/ Rental Agreement: F3267709\r\nEconomico  \/ Stock: JG0007\r\nSeguro  \/ Coverage: CDW\r\nCD. Que Renta \/ Rental Location: DAGU51\r\nCD. Recibe \/ Return Location: DAGU51\r\nKM Salida \/ Mileage: 34139\r\nGas Salida \/ Fuel Tank Level: F\r\nDatos de contacto \/ Contact info: AGUASLIENTES","EStatus":{"Id":5,"Name":"Draft"},"EStatusReason":{"Name":null},"CreateUTCTime":"2021-12-14T01:15:20.670","ModifyUTCTime":"2021-12-14T01:15:20.670","EstimationServices":null,"EstimationQuestions":null}
