{"EntityText":"#: E-000-2215746 Date: 12\/13\/2021 Stock: AS0667 RO: F3258618 PO:  (2020 CHE AVEOLS LSGHD52H3LD092052) Client: CARLOS","UTCTimestamp":"2022-03-28T04:20:00.600","InspectionId":"1645FABD-87DC-42FA-9348-4BD60E70D055","InspectionNumber":"E-000-2215746","InspectionDate":"2021-12-13","InspectionType":{"Id":"04A19838-AEEC-4B12-BC41-77C52A166A0E","Name":"Hoja de Inspecci�n - check in"},"Amount":0.00,"ApprovedAmount":0.00,"DiscountAmount":0.00000,"TaxAmount":0.00000,"FeesAmount":0.00000,"Employee":{"Id":"E65CFBE2-ED52-4C96-B955-1F2EE1902072","Name":"HERTZ R52M40KZ7FX","ExternalID":null},"Client":{"Id":"F09DB2C4-FAD2-4AA2-A4BF-892782989636","Name":"CARLOS","Address":"SIN","Phone":"5510031970","ExternalID":null},"Vehicle":{"VIN":"LSGHD52H3LD092052","Year":2020,"Make":"CHE","Model":"AVEOLS","PlateNo":"ZCY-724-C","Vehicle":{"Color":null},"Mileage":44094,"PaintCode":null},"StockNo":"AS0667","RONo":"F3258618","IsCompleted":false,"PONo":null,"SalesPerson":{"Id":null},"Sales":{"PersonName":null},"Owner":{"Id":null,"Name":null,"Address":"...","Phone":null},"Location":{"Name":null},"ServiceRequest":{"Id":"0364E4D7-6258-EC11-8103-00155D9EC500","Number":"R-0007911899","LocalId":9941385},"Order":{"Id":null,"No":null},"Invoice":{"Id":null,"No":null},"Insurance":{"Id":null,"Name":null,"Address":null,"ContactInfo":""},"PolicyNumber":null,"ClaimNumber":null,"Deductible":null,"AccidentDate":null,"Inspection_Notes":"Contrato No \/ Rental Agreement: F3258618\r\nEconomico  \/ Stock: AS0667\r\nSeguro  \/ Coverage: \r\nCD. Que Renta \/ Rental Location: OAX50\r\nCD. Recibe \/ Return Location: OAX50\r\nKM Salida \/ Mileage: 44094\r\nGas Salida \/ Fuel Tank Level: F\r\nDatos de contacto \/ Contact info: AIRBNB EN OAXACA","EStatus":{"Id":5,"Name":"Draft"},"EStatusReason":{"Name":null},"CreateUTCTime":"2021-12-08T20:10:14.467","ModifyUTCTime":"2021-12-08T20:10:14.467","EstimationServices":null,"EstimationQuestions":null}
