{"EntityText":"#: E-000-2239324 Date: 12\/13\/2021 Stock: SU9204 RO: F3266860 PO:  (2019 CHE SUBRBANB 1GNSC8KC3KR303611) Client: JOSE","UTCTimestamp":"2022-03-28T04:25:34.067","InspectionId":"16462939-27FE-4605-BF0E-2A214AE3AF8F","InspectionNumber":"E-000-2239324","InspectionDate":"2021-12-13","InspectionType":{"Id":"04A19838-AEEC-4B12-BC41-77C52A166A0E","Name":"Hoja de Inspecci�n - check in"},"Amount":0.00,"ApprovedAmount":0.00,"DiscountAmount":0.00000,"TaxAmount":0.00000,"FeesAmount":0.00000,"Employee":{"Id":"91A96957-69FD-4329-B258-36721778DFDA","Name":"HERTZ LEO50","ExternalID":null},"Client":{"Id":"48BE1F0A-55BC-445C-A97D-8AD5F7B0E25C","Name":"JOSE","Address":"BLUE RIDGE PL","Phone":"9728017653","ExternalID":null},"Vehicle":{"VIN":"1GNSC8KC3KR303611","Year":2019,"Make":"CHE","Model":"SUBRBANB","PlateNo":"YZE-588-C","Vehicle":{"Color":null},"Mileage":78373,"PaintCode":null},"StockNo":"SU9204","RONo":"F3266860","IsCompleted":false,"PONo":null,"SalesPerson":{"Id":null},"Sales":{"PersonName":null},"Owner":{"Id":null,"Name":null,"Address":"...","Phone":null},"Location":{"Name":null},"ServiceRequest":{"Id":"8BD2E684-435C-EC11-8103-00155D9EC500","Number":"R-0007923689","LocalId":9958563},"Order":{"Id":null,"No":null},"Invoice":{"Id":null,"No":null},"Insurance":{"Id":null,"Name":null,"Address":null,"ContactInfo":""},"PolicyNumber":null,"ClaimNumber":null,"Deductible":null,"AccidentDate":null,"Inspection_Notes":"Contrato No \/ Rental Agreement: F3266860\r\nEconomico  \/ Stock: SU9204\r\nSeguro  \/ Coverage: LDW PACK,RS ASSIST.\r\nCD. Que Renta \/ Rental Location: TLEO52\r\nCD. Recibe \/ Return Location: TLEO52\r\nKM Salida \/ Mileage: 78373\r\nGas Salida \/ Fuel Tank Level: F\r\nDatos de contacto \/ Contact info: SLP","EStatus":{"Id":5,"Name":"Draft"},"EStatusReason":{"Name":null},"CreateUTCTime":"2021-12-13T18:36:09.843","ModifyUTCTime":"2021-12-13T18:36:09.843","EstimationServices":null,"EstimationQuestions":null}
