{"EntityText":"#: E-000-2239310 Date: 12\/13\/2021 Stock: VJ1023 RO: F3266853 PO:  (2021 VW JETTACF 3VWHP6BU3MM019739) Client: JESUS ANTONIO","UTCTimestamp":"2022-03-28T04:25:34.067","InspectionId":"164DC48B-F138-447F-88B9-D5B09379BF65","InspectionNumber":"E-000-2239310","InspectionDate":"2021-12-13","InspectionType":{"Id":"04A19838-AEEC-4B12-BC41-77C52A166A0E","Name":"Hoja de Inspecci�n - check in"},"Amount":0.00,"ApprovedAmount":0.00,"DiscountAmount":0.00000,"TaxAmount":0.00000,"FeesAmount":0.00000,"Employee":{"Id":"D9181D69-A72F-4ED3-B334-455E1E58A55F","Name":"HERTZ F4KJL61QF193","ExternalID":null},"Client":{"Id":"88449675-AA60-4045-B558-51292E3B762B","Name":"JESUS ANTONIO","Address":"CREEKFRONT RD","Phone":"+1904886026","ExternalID":null},"Vehicle":{"VIN":"3VWHP6BU3MM019739","Year":2021,"Make":"VW","Model":"JETTACF","PlateNo":"A-557-TPH","Vehicle":{"Color":null},"Mileage":41340,"PaintCode":null},"StockNo":"VJ1023","RONo":"F3266853","IsCompleted":false,"PONo":null,"SalesPerson":{"Id":null},"Sales":{"PersonName":null},"Owner":{"Id":null,"Name":null,"Address":"...","Phone":null},"Location":{"Name":null},"ServiceRequest":{"Id":"4FD19F7E-435C-EC11-8103-00155D9EC500","Number":"R-0007923682","LocalId":9958554},"Order":{"Id":null,"No":null},"Invoice":{"Id":null,"No":null},"Insurance":{"Id":null,"Name":null,"Address":null,"ContactInfo":""},"PolicyNumber":null,"ClaimNumber":null,"Deductible":null,"AccidentDate":null,"Inspection_Notes":"Contrato No \/ Rental Agreement: F3266853\r\nEconomico  \/ Stock: VJ1023\r\nSeguro  \/ Coverage: CDW-2\r\nCD. Que Renta \/ Rental Location: TCAN52\r\nCD. Recibe \/ Return Location: TCAN52\r\nKM Salida \/ Mileage: 41340\r\nGas Salida \/ Fuel Tank Level: F\r\nDatos de contacto \/ Contact info: HTL CRYSTAL CANCUN","EStatus":{"Id":5,"Name":"Draft"},"EStatusReason":{"Name":null},"CreateUTCTime":"2021-12-13T18:35:55","ModifyUTCTime":"2021-12-13T18:35:55","EstimationServices":null,"EstimationQuestions":null}
