{"EntityText":"#: E-000-2241662 Date: 12\/13\/2021 Stock: PO1348 RO: F3267585 PO:  (2021 VW POLOCS MEX6L2605MT153926) Client: EDGAR MAURICIO","UTCTimestamp":"2022-03-28T04:31:09.373","InspectionId":"1657B9FD-A6C0-49E6-BCC2-254964AB84B6","InspectionNumber":"E-000-2241662","InspectionDate":"2021-12-13","InspectionType":{"Id":"04A19838-AEEC-4B12-BC41-77C52A166A0E","Name":"Hoja de Inspecci�n - check in"},"Amount":0.00,"ApprovedAmount":0.00,"DiscountAmount":0.00000,"TaxAmount":0.00000,"FeesAmount":0.00000,"Employee":{"Id":"91A96957-69FD-4329-B258-36721778DFDA","Name":"HERTZ LEO50","ExternalID":null},"Client":{"Id":"CDA5AB05-1ECB-444D-BF2D-E5ECA8ECAC7A","Name":"EDGAR MAURICIO","Address":"HDA DE LA FLORES","Phone":"4721024940","ExternalID":null},"Vehicle":{"VIN":"MEX6L2605MT153926","Year":2021,"Make":"VW","Model":"POLOCS","PlateNo":"ENX-75-93","Vehicle":{"Color":null},"Mileage":5,"PaintCode":null},"StockNo":"PO1348","RONo":"F3267585","IsCompleted":false,"PONo":null,"SalesPerson":{"Id":null},"Sales":{"PersonName":null},"Owner":{"Id":null,"Name":null,"Address":"...","Phone":null},"Location":{"Name":null},"ServiceRequest":{"Id":"27DCA860-765C-EC11-8103-00155D9EC500","Number":"R-0007924858","LocalId":9960472},"Order":{"Id":null,"No":null},"Invoice":{"Id":null,"No":null},"Insurance":{"Id":null,"Name":null,"Address":null,"ContactInfo":""},"PolicyNumber":null,"ClaimNumber":null,"Deductible":null,"AccidentDate":null,"Inspection_Notes":"Contrato No \/ Rental Agreement: F3267585\r\nEconomico  \/ Stock: PO1348\r\nSeguro  \/ Coverage: LDW,B2B,RS ASSIST.,PAI\r\nCD. Que Renta \/ Rental Location: LEO50\r\nCD. Recibe \/ Return Location: LEO50\r\nKM Salida \/ Mileage: 5\r\nGas Salida \/ Fuel Tank Level: F\r\nDatos de contacto \/ Contact info: GTO","EStatus":{"Id":5,"Name":"Draft"},"EStatusReason":{"Name":null},"CreateUTCTime":"2021-12-14T00:40:07.793","ModifyUTCTime":"2021-12-14T00:40:07.793","EstimationServices":null,"EstimationQuestions":null}
