{"EntityText":"#: E-000-2238611 Date: 12\/13\/2021 Stock: B51119 RO: F3266615 PO:  (2021 CHE BEAT5P MA6CB6FD8MT022921) Client: FELIX SALAS","UTCTimestamp":"2022-03-28T04:24:18.940","InspectionId":"1666DE44-0EA5-47B5-B2B1-C61F5641CA50","InspectionNumber":"E-000-2238611","InspectionDate":"2021-12-13","InspectionType":{"Id":"33034816-D00A-49F6-8AA5-55D54FDE8907","Name":"Hoja de Inspeccion - check out"},"Amount":0.00,"ApprovedAmount":0.00,"DiscountAmount":0.00000,"TaxAmount":0.00000,"FeesAmount":0.00000,"Employee":{"Id":"7272EF35-BA42-4012-A525-ECB34FF20C5B","Name":"HERTZ R52M10TDL7W","ExternalID":null},"Client":{"Id":"AF6FB32E-1356-4884-97B6-9540E652B86A","Name":"FELIX SALAS","Address":"CALLE1","Phone":"5563500100","ExternalID":null},"Vehicle":{"VIN":"MA6CB6FD8MT022921","Year":2021,"Make":"CHE","Model":"BEAT5P","PlateNo":"EPA-79-23","Vehicle":{"Color":null},"Mileage":22525,"PaintCode":null},"StockNo":"B51119","RONo":"F3266615","IsCompleted":false,"PONo":null,"SalesPerson":{"Id":null},"Sales":{"PersonName":null},"Owner":{"Id":null,"Name":null,"Address":"...","Phone":null},"Location":{"Name":null},"ServiceRequest":{"Id":"662C3F8A-355C-EC11-8103-00155D9EC500","Number":"R-0007923333","LocalId":9958081},"Order":{"Id":null,"No":null},"Invoice":{"Id":null,"No":null},"Insurance":{"Id":null,"Name":null,"Address":null,"ContactInfo":""},"PolicyNumber":null,"ClaimNumber":null,"Deductible":null,"AccidentDate":null,"Inspection_Notes":"Contrato No \/ Rental Agreement: F3266615\r\nEconomico  \/ Stock: B51119\r\nSeguro  \/ Coverage: CDW-2\r\nCD. Que Renta \/ Rental Location: MTY50\r\nCD. Recibe \/ Return Location: MTY53\r\nKM Salida \/ Mileage: 22525\r\nGas Salida \/ Fuel Tank Level: F\r\nDatos de contacto \/ Contact info: HOTEL CITY EXPRESS","EStatus":{"Id":5,"Name":"Draft"},"EStatusReason":{"Name":null},"CreateUTCTime":"2021-12-13T16:55:57.420","ModifyUTCTime":"2021-12-13T16:55:57.420","EstimationServices":null,"EstimationQuestions":null}
