{"EntityText":"#: E-000-2237350 Date: 12\/13\/2021 Stock: NV0311 RO: F3266140 PO:  (2020 NSN VERSASEN 3N1CN8AE8LK858047) Client: MARIOHERIBE","UTCTimestamp":"2022-03-28T04:21:30.170","InspectionId":"16834353-6F3D-4579-832C-355BBE5613E8","InspectionNumber":"E-000-2237350","InspectionDate":"2021-12-13","InspectionType":{"Id":"04A19838-AEEC-4B12-BC41-77C52A166A0E","Name":"Hoja de Inspecci�n - check in"},"Amount":0.00,"ApprovedAmount":0.00,"DiscountAmount":0.00000,"TaxAmount":0.00000,"FeesAmount":0.00000,"Employee":{"Id":"22A20387-4CB9-4CA1-8011-0915B3DFC79B","Name":"HERTZ MEX53","ExternalID":null},"Client":{"Id":"CEFCFBB6-ED6E-4AC9-B7D2-CA908B3A4CE5","Name":"MARIOHERIBE","Address":"CAMPOS HERMANOS","Phone":"5516923862","ExternalID":null},"Vehicle":{"VIN":"3N1CN8AE8LK858047","Year":2020,"Make":"NSN","Model":"VERSASEN","PlateNo":"YWP-611-D","Vehicle":{"Color":null},"Mileage":43364,"PaintCode":null},"StockNo":"NV0311","RONo":"F3266140","IsCompleted":false,"PONo":null,"SalesPerson":{"Id":null},"Sales":{"PersonName":null},"Owner":{"Id":null,"Name":null,"Address":"...","Phone":null},"Location":{"Name":null},"ServiceRequest":{"Id":"5F85654F-155C-EC11-8103-00155D9EC500","Number":"R-0007922702","LocalId":9957121},"Order":{"Id":null,"No":null},"Invoice":{"Id":null,"No":null},"Insurance":{"Id":null,"Name":null,"Address":null,"ContactInfo":""},"PolicyNumber":null,"ClaimNumber":null,"Deductible":null,"AccidentDate":null,"Inspection_Notes":"Contrato No \/ Rental Agreement: F3266140\r\nEconomico  \/ Stock: NV0311\r\nSeguro  \/ Coverage: LDW,PAI\r\nCD. Que Renta \/ Rental Location: MEX53\r\nCD. Recibe \/ Return Location: MEX50\r\nKM Salida \/ Mileage: 43364\r\nGas Salida \/ Fuel Tank Level: F\r\nDatos de contacto \/ Contact info: ","EStatus":{"Id":5,"Name":"Draft"},"EStatusReason":{"Name":null},"CreateUTCTime":"2021-12-13T13:05:17.057","ModifyUTCTime":"2021-12-13T13:05:17.057","EstimationServices":null,"EstimationQuestions":null}
