{"EntityText":"#: E-000-2240206 Date: 12\/13\/2021 Stock: TA1183 RO: F3267136 PO:  (2021 VW TAOS 3VVHB6B29MM007953) Client: JOSE ALEJANDRO","UTCTimestamp":"2022-03-28T04:27:26.117","InspectionId":"169D5E6F-5EE6-416D-8181-1DF88CA88C15","InspectionNumber":"E-000-2240206","InspectionDate":"2021-12-13","InspectionType":{"Id":"04A19838-AEEC-4B12-BC41-77C52A166A0E","Name":"Hoja de Inspecci�n - check in"},"Amount":0.00,"ApprovedAmount":0.00,"DiscountAmount":0.00000,"TaxAmount":0.00000,"FeesAmount":0.00000,"Employee":{"Id":"D9181D69-A72F-4ED3-B334-455E1E58A55F","Name":"HERTZ F4KJL61QF193","ExternalID":null},"Client":{"Id":"B4640993-FEC0-442C-88E0-F0D88D828864","Name":"JOSE ALEJANDRO","Address":"RTNO 02 MZ 4 LT 07","Phone":"9981593216","ExternalID":null},"Vehicle":{"VIN":"3VVHB6B29MM007953","Year":2021,"Make":"VW","Model":"TAOS","PlateNo":"YYK-099-D","Vehicle":{"Color":null},"Mileage":20149,"PaintCode":null},"StockNo":"TA1183","RONo":"F3267136","IsCompleted":false,"PONo":null,"SalesPerson":{"Id":null},"Sales":{"PersonName":null},"Owner":{"Id":null,"Name":null,"Address":"...","Phone":null},"Location":{"Name":null},"ServiceRequest":{"Id":"DE7B7D7F-535C-EC11-8103-00155D9EC500","Number":"R-0007924130","LocalId":9959334},"Order":{"Id":null,"No":null},"Invoice":{"Id":null,"No":null},"Insurance":{"Id":null,"Name":null,"Address":null,"ContactInfo":""},"PolicyNumber":null,"ClaimNumber":null,"Deductible":null,"AccidentDate":null,"Inspection_Notes":"Contrato No \/ Rental Agreement: F3267136\r\nEconomico  \/ Stock: TA1183\r\nSeguro  \/ Coverage: LDW,B2B\r\nCD. Que Renta \/ Rental Location: TCAN52\r\nCD. Recibe \/ Return Location: TCAN52\r\nKM Salida \/ Mileage: 20149\r\nGas Salida \/ Fuel Tank Level: F\r\nDatos de contacto \/ Contact info: CASA DE FAMILIARES","EStatus":{"Id":5,"Name":"Draft"},"EStatusReason":{"Name":null},"CreateUTCTime":"2021-12-13T20:30:26.180","ModifyUTCTime":"2021-12-13T20:30:26.180","EstimationServices":null,"EstimationQuestions":null}
