{"EntityText":"#: E-000-2239034 Date: 12\/13\/2021 Stock: NM0538 RO: F3266760 PO:  (2020 NSN MARCHABS 3N1CK3CD8LL214509) Client: CARLOS ALBERTO","UTCTimestamp":"2022-03-28T04:24:53.330","InspectionId":"169DC00F-2C0B-47AE-800B-187B7E57E765","InspectionNumber":"E-000-2239034","InspectionDate":"2021-12-13","InspectionType":{"Id":"04A19838-AEEC-4B12-BC41-77C52A166A0E","Name":"Hoja de Inspecci�n - check in"},"Amount":0.00,"ApprovedAmount":0.00,"DiscountAmount":0.00000,"TaxAmount":0.00000,"FeesAmount":0.00000,"Employee":{"Id":"42113174-7AA0-4B7A-96DE-4539A896DFE6","Name":"HERTZ R52M40KZ87E","ExternalID":null},"Client":{"Id":"D98FF102-952B-40AC-AF78-73972EC0B984","Name":"CARLOS ALBERTO","Address":"AV UNIVERSIDAD","Phone":"5579133984","ExternalID":null},"Vehicle":{"VIN":"3N1CK3CD8LL214509","Year":2020,"Make":"NSN","Model":"MARCHABS","PlateNo":"YZF-174-C","Vehicle":{"Color":null},"Mileage":53096,"PaintCode":null},"StockNo":"NM0538","RONo":"F3266760","IsCompleted":false,"PONo":null,"SalesPerson":{"Id":null},"Sales":{"PersonName":null},"Owner":{"Id":null,"Name":null,"Address":"...","Phone":null},"Location":{"Name":null},"ServiceRequest":{"Id":"7E6CB119-3D5C-EC11-8103-00155D9EC500","Number":"R-0007923544","LocalId":9958368},"Order":{"Id":null,"No":null},"Invoice":{"Id":null,"No":null},"Insurance":{"Id":null,"Name":null,"Address":null,"ContactInfo":""},"PolicyNumber":null,"ClaimNumber":null,"Deductible":null,"AccidentDate":null,"Inspection_Notes":"Contrato No \/ Rental Agreement: F3266760\r\nEconomico  \/ Stock: NM0538\r\nSeguro  \/ Coverage: CDW-2\r\nCD. Que Renta \/ Rental Location: DCTM51\r\nCD. Recibe \/ Return Location: DCTM51\r\nKM Salida \/ Mileage: 53096\r\nGas Salida \/ Fuel Tank Level: F\r\nDatos de contacto \/ Contact info: APARTAMENTTOS STONE","EStatus":{"Id":5,"Name":"Draft"},"EStatusReason":{"Name":null},"CreateUTCTime":"2021-12-13T17:50:13.200","ModifyUTCTime":"2021-12-13T17:50:13.200","EstimationServices":null,"EstimationQuestions":null}
