{"EntityText":"#: E-000-2242103 Date: 12\/13\/2021 Stock: NV1010 RO: F3267804 PO:  (2021 NSN VERSA 3N1CN8AE5ML900802) Client: SAMUEL","UTCTimestamp":"2022-03-28T04:31:47.343","InspectionId":"16AAC4BD-A141-4BF7-8742-AF8268B428A4","InspectionNumber":"E-000-2242103","InspectionDate":"2021-12-13","InspectionType":{"Id":"33034816-D00A-49F6-8AA5-55D54FDE8907","Name":"Hoja de Inspeccion - check out"},"Amount":0.00,"ApprovedAmount":0.00,"DiscountAmount":0.00000,"TaxAmount":0.00000,"FeesAmount":0.00000,"Employee":{"Id":"7272EF35-BA42-4012-A525-ECB34FF20C5B","Name":"HERTZ R52M10TDL7W","ExternalID":null},"Client":{"Id":"1B7225E5-0CAD-4E47-9EB2-2E360218A964","Name":"SAMUEL","Address":"ANILLO PERIFERICO","Phone":"5573357741","ExternalID":null},"Vehicle":{"VIN":"3N1CN8AE5ML900802","Year":2021,"Make":"NSN","Model":"VERSA","PlateNo":"EPD-27-36","Vehicle":{"Color":null},"Mileage":7990,"PaintCode":null},"StockNo":"NV1010","RONo":"F3267804","IsCompleted":false,"PONo":null,"SalesPerson":{"Id":null},"Sales":{"PersonName":null},"Owner":{"Id":null,"Name":null,"Address":"...","Phone":null},"Location":{"Name":null},"ServiceRequest":{"Id":"DA912521-875C-EC11-8103-00155D9EC500","Number":"R-0007925079","LocalId":9960781},"Order":{"Id":null,"No":null},"Invoice":{"Id":null,"No":null},"Insurance":{"Id":null,"Name":null,"Address":null,"ContactInfo":""},"PolicyNumber":null,"ClaimNumber":null,"Deductible":null,"AccidentDate":null,"Inspection_Notes":"Contrato No \/ Rental Agreement: F3267804\r\nEconomico  \/ Stock: NV1010\r\nSeguro  \/ Coverage: CDW-2,B2B,CDW2-LDW0%,PAI,RS ASSIST.\r\nCD. Que Renta \/ Rental Location: MTY50\r\nCD. Recibe \/ Return Location: MTY53\r\nKM Salida \/ Mileage: 7990\r\nGas Salida \/ Fuel Tank Level: F\r\nDatos de contacto \/ Contact info: IBIS APTO","EStatus":{"Id":5,"Name":"Draft"},"EStatusReason":{"Name":null},"CreateUTCTime":"2021-12-14T02:40:07.090","ModifyUTCTime":"2021-12-14T02:40:07.090","EstimationServices":null,"EstimationQuestions":null}
