{"EntityText":"#: E-000-2242023 Date: 12\/13\/2021 Stock: CA1355 RO: F3267780 PO:  (2021 CHE CAVALILT LSGKB54H4MV047271) Client: ADRIAN","UTCTimestamp":"2022-03-28T04:31:47.343","InspectionId":"16CEBF96-6C66-482B-AB6E-CC9EBC093543","InspectionNumber":"E-000-2242023","InspectionDate":"2021-12-13","InspectionType":{"Id":"33034816-D00A-49F6-8AA5-55D54FDE8907","Name":"Hoja de Inspeccion - check out"},"Amount":0.00,"ApprovedAmount":0.00,"DiscountAmount":0.00000,"TaxAmount":0.00000,"FeesAmount":0.00000,"Employee":{"Id":"7272EF35-BA42-4012-A525-ECB34FF20C5B","Name":"HERTZ R52M10TDL7W","ExternalID":null},"Client":{"Id":"803ADB9A-D4BD-4D7E-B2FC-19BAF25BD2E4","Name":"ADRIAN","Address":"C BOSQUES RINCON","Phone":"8111918207","ExternalID":null},"Vehicle":{"VIN":"LSGKB54H4MV047271","Year":2021,"Make":"CHE","Model":"CAVALILT","PlateNo":"EPA-80-25","Vehicle":{"Color":null},"Mileage":25948,"PaintCode":null},"StockNo":"CA1355","RONo":"F3267780","IsCompleted":false,"PONo":null,"SalesPerson":{"Id":null},"Sales":{"PersonName":null},"Owner":{"Id":null,"Name":null,"Address":"...","Phone":null},"Location":{"Name":null},"ServiceRequest":{"Id":"34E4D6AA-835C-EC11-8103-00155D9EC500","Number":"R-0007925039","LocalId":9960709},"Order":{"Id":null,"No":null},"Invoice":{"Id":null,"No":null},"Insurance":{"Id":null,"Name":null,"Address":null,"ContactInfo":""},"PolicyNumber":null,"ClaimNumber":null,"Deductible":null,"AccidentDate":null,"Inspection_Notes":"Contrato No \/ Rental Agreement: F3267780\r\nEconomico  \/ Stock: CA1355\r\nSeguro  \/ Coverage: LDW,TP,B2B\r\nCD. Que Renta \/ Rental Location: MTY52\r\nCD. Recibe \/ Return Location: MTY53\r\nKM Salida \/ Mileage: 25948\r\nGas Salida \/ Fuel Tank Level: F\r\nDatos de contacto \/ Contact info: MISMO DOM","EStatus":{"Id":5,"Name":"Draft"},"EStatusReason":{"Name":null},"CreateUTCTime":"2021-12-14T02:15:19.923","ModifyUTCTime":"2021-12-14T02:15:19.923","EstimationServices":null,"EstimationQuestions":null}
