{"EntityText":"#: E-000-1781023 Date: 12\/13\/2021 Stock: AU0904 RO: NTO66668 PO:  (2020 CHE AVEOLT LSGHD52H4LD043572) Client: ALDO NORBERT ROJAS CARRASCO","UTCTimestamp":"2022-03-28T04:19:39.813","InspectionId":"16D2D737-64B5-491F-9468-2146DDCF1740","InspectionNumber":"E-000-1781023","InspectionDate":"2021-12-13","InspectionType":{"Id":"33034816-D00A-49F6-8AA5-55D54FDE8907","Name":"Hoja de Inspeccion - check out"},"Amount":0.00,"ApprovedAmount":0.00,"DiscountAmount":0.00000,"TaxAmount":0.00000,"FeesAmount":0.00000,"Employee":{"Id":"0C424B04-09C4-4FE9-8068-20B1B7429997","Name":"HERTZ MEX67","ExternalID":null},"Client":{"Id":"059343FB-D395-4DB5-8FBB-3F2FA0170772","Name":"ALDO NORBERT ROJAS CARRASCO","Address":"...","Phone":null,"ExternalID":null},"Vehicle":{"VIN":"LSGHD52H4LD043572","Year":2020,"Make":"CHE","Model":"AVEOLT","PlateNo":"96-63-AVD","Vehicle":{"Color":null},"Mileage":70179,"PaintCode":null},"StockNo":"AU0904","RONo":"NTO66668","IsCompleted":false,"PONo":null,"SalesPerson":{"Id":null},"Sales":{"PersonName":null},"Owner":{"Id":null,"Name":null,"Address":"...","Phone":null},"Location":{"Name":null},"ServiceRequest":{"Id":"E9364CEE-B70D-EC11-80FE-00155D9EC500","Number":"R-0007694502","LocalId":9573264},"Order":{"Id":null,"No":null},"Invoice":{"Id":null,"No":null},"Insurance":{"Id":null,"Name":null,"Address":null,"ContactInfo":""},"PolicyNumber":null,"ClaimNumber":null,"Deductible":null,"AccidentDate":null,"Inspection_Notes":"Contrato No \/ Rental Agreement: NTO66668\r\nEconomico  \/ Stock: AU0904\r\nSeguro  \/ Coverage: \r\nCD. Que Renta \/ Rental Location: TOL51\r\nCD. Recibe \/ Return Location: TOL51\r\nKM Salida \/ Mileage: 70179\r\nGas Salida \/ Fuel Tank Level: 7\/8\r\nDatos de contacto \/ Contact info: ","EStatus":{"Id":5,"Name":"Draft"},"EStatusReason":{"Name":null},"CreateUTCTime":"2021-09-04T19:40:20.913","ModifyUTCTime":"2021-09-04T19:40:20.913","EstimationServices":null,"EstimationQuestions":null}
