{"EntityText":"#: E-000-2242164 Date: 12\/13\/2021 Stock: B51024 RO: F3267823 PO:  (2021 CHE BEAT5P MA6CB6FD6MT016826) Client: EMILIANO","UTCTimestamp":"2022-03-28T04:31:47.343","InspectionId":"17265F52-DE61-4021-8F0A-6175C91E2346","InspectionNumber":"E-000-2242164","InspectionDate":"2021-12-13","InspectionType":{"Id":"04A19838-AEEC-4B12-BC41-77C52A166A0E","Name":"Hoja de Inspecci�n - check in"},"Amount":0.00,"ApprovedAmount":0.00,"DiscountAmount":0.00000,"TaxAmount":0.00000,"FeesAmount":0.00000,"Employee":{"Id":"58AD97DC-705C-4B70-9626-EC476DC4785D","Name":"HERTZ MTY53","ExternalID":null},"Client":{"Id":"55DBE232-D35D-43E9-86B6-E9BC7176808B","Name":"EMILIANO","Address":"PASEO DEL ALMENDRO","Phone":"9931667167","ExternalID":null},"Vehicle":{"VIN":"MA6CB6FD6MT016826","Year":2021,"Make":"CHE","Model":"BEAT5P","PlateNo":"EPA-79-05","Vehicle":{"Color":null},"Mileage":28056,"PaintCode":null},"StockNo":"B51024","RONo":"F3267823","IsCompleted":false,"PONo":null,"SalesPerson":{"Id":null},"Sales":{"PersonName":null},"Owner":{"Id":null,"Name":null,"Address":"...","Phone":null},"Location":{"Name":null},"ServiceRequest":{"Id":"01ADAE55-8B5C-EC11-8103-00155D9EC500","Number":"R-0007925109","LocalId":9960824},"Order":{"Id":null,"No":null},"Invoice":{"Id":null,"No":null},"Insurance":{"Id":null,"Name":null,"Address":null,"ContactInfo":""},"PolicyNumber":null,"ClaimNumber":null,"Deductible":null,"AccidentDate":null,"Inspection_Notes":"Contrato No \/ Rental Agreement: F3267823\r\nEconomico  \/ Stock: B51024\r\nSeguro  \/ Coverage: CDW-2,CDW2 - CDW\r\nCD. Que Renta \/ Rental Location: MTY52\r\nCD. Recibe \/ Return Location: MTY53\r\nKM Salida \/ Mileage: 28056\r\nGas Salida \/ Fuel Tank Level: F\r\nDatos de contacto \/ Contact info: HOLIDAY INN TEC","EStatus":{"Id":5,"Name":"Draft"},"EStatusReason":{"Name":null},"CreateUTCTime":"2021-12-14T03:10:11.950","ModifyUTCTime":"2021-12-14T03:10:11.950","EstimationServices":null,"EstimationQuestions":null}
