{"EntityText":"#: E-000-2241682 Date: 12\/13\/2021 Stock: AU0695 RO: F3267654 PO:  (2020 CHE AVEOLT LSGHD52H9LD002290) Client: ANDI","UTCTimestamp":"2022-03-28T04:31:09.373","InspectionId":"172D12F7-0664-4479-A562-6950E77BE5E1","InspectionNumber":"E-000-2241682","InspectionDate":"2021-12-13","InspectionType":{"Id":"04A19838-AEEC-4B12-BC41-77C52A166A0E","Name":"Hoja de Inspecci�n - check in"},"Amount":0.00,"ApprovedAmount":0.00,"DiscountAmount":0.00000,"TaxAmount":0.00000,"FeesAmount":0.00000,"Employee":{"Id":"D9181D69-A72F-4ED3-B334-455E1E58A55F","Name":"HERTZ F4KJL61QF193","ExternalID":null},"Client":{"Id":"B721532E-454D-4E8B-84BB-0BB2A8027BFB","Name":"ANDI","Address":"1511 17 TH AVE 6","Phone":"0014143397903","ExternalID":null},"Vehicle":{"VIN":"LSGHD52H9LD002290","Year":2020,"Make":"CHE","Model":"AVEOLT","PlateNo":"YZB-708-C","Vehicle":{"Color":null},"Mileage":45380,"PaintCode":null},"StockNo":"AU0695","RONo":"F3267654","IsCompleted":false,"PONo":null,"SalesPerson":{"Id":null},"Sales":{"PersonName":null},"Owner":{"Id":null,"Name":null,"Address":"...","Phone":null},"Location":{"Name":null},"ServiceRequest":{"Id":"1FDFD713-775C-EC11-8103-00155D9EC500","Number":"R-0007924868","LocalId":9960487},"Order":{"Id":null,"No":null},"Invoice":{"Id":null,"No":null},"Insurance":{"Id":null,"Name":null,"Address":null,"ContactInfo":""},"PolicyNumber":null,"ClaimNumber":null,"Deductible":null,"AccidentDate":null,"Inspection_Notes":"Contrato No \/ Rental Agreement: F3267654\r\nEconomico  \/ Stock: AU0695\r\nSeguro  \/ Coverage: CDW\r\nCD. Que Renta \/ Rental Location: CAN50\r\nCD. Recibe \/ Return Location: CAN50\r\nKM Salida \/ Mileage: 45380\r\nGas Salida \/ Fuel Tank Level: F\r\nDatos de contacto \/ Contact info: HAVEN RIVIERA CANCUN","EStatus":{"Id":5,"Name":"Draft"},"EStatusReason":{"Name":null},"CreateUTCTime":"2021-12-14T00:45:14.290","ModifyUTCTime":"2021-12-14T00:45:14.290","EstimationServices":null,"EstimationQuestions":null}
