{"EntityText":"#: E-000-2239321 Date: 12\/13\/2021 Stock: CA1328 RO: F3266859 PO:  (2021 CHE CAVALILT LSGKB54H9MV136348) Client: CARLOS","UTCTimestamp":"2022-03-28T04:25:34.067","InspectionId":"173762BA-5B5A-4FAE-A3C5-F80BEC5F74BC","InspectionNumber":"E-000-2239321","InspectionDate":"2021-12-13","InspectionType":{"Id":"33034816-D00A-49F6-8AA5-55D54FDE8907","Name":"Hoja de Inspeccion - check out"},"Amount":0.00,"ApprovedAmount":0.00,"DiscountAmount":0.00000,"TaxAmount":0.00000,"FeesAmount":0.00000,"Employee":{"Id":"7272EF35-BA42-4012-A525-ECB34FF20C5B","Name":"HERTZ R52M10TDL7W","ExternalID":null},"Client":{"Id":"2975BE7B-84EB-464B-A425-8144AF933BBD","Name":"CARLOS","Address":"C AGROPECUARIA","Phone":"6451156285","ExternalID":null},"Vehicle":{"VIN":"LSGKB54H9MV136348","Year":2021,"Make":"CHE","Model":"CAVALILT","PlateNo":"EPB-12-95","Vehicle":{"Color":null},"Mileage":24510,"PaintCode":null},"StockNo":"CA1328","RONo":"F3266859","IsCompleted":false,"PONo":null,"SalesPerson":{"Id":null},"Sales":{"PersonName":null},"Owner":{"Id":null,"Name":null,"Address":"...","Phone":null},"Location":{"Name":null},"ServiceRequest":{"Id":"81D2E684-435C-EC11-8103-00155D9EC500","Number":"R-0007923688","LocalId":9958562},"Order":{"Id":null,"No":null},"Invoice":{"Id":null,"No":null},"Insurance":{"Id":null,"Name":null,"Address":null,"ContactInfo":""},"PolicyNumber":null,"ClaimNumber":null,"Deductible":null,"AccidentDate":null,"Inspection_Notes":"Contrato No \/ Rental Agreement: F3266859\r\nEconomico  \/ Stock: CA1328\r\nSeguro  \/ Coverage: LDWPACK US,RS ASSIST.,HDI 5000\r\nCD. Que Renta \/ Rental Location: MTY50\r\nCD. Recibe \/ Return Location: MTY53\r\nKM Salida \/ Mileage: 24510\r\nGas Salida \/ Fuel Tank Level: F\r\nDatos de contacto \/ Contact info: HOTEL HOLIDAY INN","EStatus":{"Id":5,"Name":"Draft"},"EStatusReason":{"Name":null},"CreateUTCTime":"2021-12-13T18:36:07.030","ModifyUTCTime":"2021-12-13T18:36:07.030","EstimationServices":null,"EstimationQuestions":null}
