{"EntityText":"#: E-000-2238931 Date: 12\/13\/2021 Stock: CX1160 RO: F3266727 PO:  (2021 CHE ONIX 3G1MA5E20ML119013) Client: SANDRA VALADEZ","UTCTimestamp":"2022-03-28T04:24:53.330","InspectionId":"1742242B-95C9-4681-B85D-74F7ED315FB6","InspectionNumber":"E-000-2238931","InspectionDate":"2021-12-13","InspectionType":{"Id":"33034816-D00A-49F6-8AA5-55D54FDE8907","Name":"Hoja de Inspeccion - check out"},"Amount":0.00,"ApprovedAmount":0.00,"DiscountAmount":0.00000,"TaxAmount":0.00000,"FeesAmount":0.00000,"Employee":{"Id":"7272EF35-BA42-4012-A525-ECB34FF20C5B","Name":"HERTZ R52M10TDL7W","ExternalID":null},"Client":{"Id":"5F04F8D0-8479-4AE3-862D-1AC6A4B5DD5C","Name":"SANDRA VALADEZ","Address":"PASEO DE SAN JACINTO 20","Phone":"5513620280","ExternalID":null},"Vehicle":{"VIN":"3G1MA5E20ML119013","Year":2021,"Make":"CHE","Model":"ONIX","PlateNo":"DAB-82-74","Vehicle":{"Color":null},"Mileage":35297,"PaintCode":null},"StockNo":"CX1160","RONo":"F3266727","IsCompleted":false,"PONo":null,"SalesPerson":{"Id":null},"Sales":{"PersonName":null},"Owner":{"Id":null,"Name":null,"Address":"...","Phone":null},"Location":{"Name":null},"ServiceRequest":{"Id":"DD48D7FF-3A5C-EC11-8103-00155D9EC500","Number":"R-0007923493","LocalId":9958295},"Order":{"Id":null,"No":null},"Invoice":{"Id":null,"No":null},"Insurance":{"Id":null,"Name":null,"Address":null,"ContactInfo":""},"PolicyNumber":null,"ClaimNumber":null,"Deductible":null,"AccidentDate":null,"Inspection_Notes":"Contrato No \/ Rental Agreement: F3266727\r\nEconomico  \/ Stock: CX1160\r\nSeguro  \/ Coverage: CDW-2\r\nCD. Que Renta \/ Rental Location: MTY52\r\nCD. Recibe \/ Return Location: MTY53\r\nKM Salida \/ Mileage: 35297\r\nGas Salida \/ Fuel Tank Level: F\r\nDatos de contacto \/ Contact info: CITY EXPRESS VALLE","EStatus":{"Id":5,"Name":"Draft"},"EStatusReason":{"Name":null},"CreateUTCTime":"2021-12-13T17:35:08.803","ModifyUTCTime":"2021-12-13T17:35:08.803","EstimationServices":null,"EstimationQuestions":null}
