{"EntityText":"#: E-000-2237726 Date: 12\/13\/2021 Stock: VV0470 RO: F3266286 PO:  (2020 VW VENTO MEX512606LT036291) Client: GOMEZ CARLOS","UTCTimestamp":"2022-03-28T04:22:10.483","InspectionId":"174E8BEF-6D81-48F1-8454-67D5E5A1D8ED","InspectionNumber":"E-000-2237726","InspectionDate":"2021-12-13","InspectionType":{"Id":"04A19838-AEEC-4B12-BC41-77C52A166A0E","Name":"Hoja de Inspecci�n - check in"},"Amount":0.00,"ApprovedAmount":0.00,"DiscountAmount":0.00000,"TaxAmount":0.00000,"FeesAmount":0.00000,"Employee":{"Id":"D8DE4A66-C3A6-4885-950A-1A40CBBC229C","Name":"HERTZ R52M10TCWQR","ExternalID":null},"Client":{"Id":"63A1ABE5-CCD5-42C6-BB93-E8710C1909B6","Name":"GOMEZ CARLOS","Address":"MOGUER","Phone":"9622209446","ExternalID":null},"Vehicle":{"VIN":"MEX512606LT036291","Year":2020,"Make":"VW","Model":"VENTO","PlateNo":"YXZ-532-C","Vehicle":{"Color":null},"Mileage":65587,"PaintCode":null},"StockNo":"VV0470","RONo":"F3266286","IsCompleted":false,"PONo":null,"SalesPerson":{"Id":null},"Sales":{"PersonName":null},"Owner":{"Id":null,"Name":null,"Address":"...","Phone":null},"Location":{"Name":null},"ServiceRequest":{"Id":"62A85C06-245C-EC11-8103-00155D9EC500","Number":"R-0007922890","LocalId":9957415},"Order":{"Id":null,"No":null},"Invoice":{"Id":null,"No":null},"Insurance":{"Id":null,"Name":null,"Address":null,"ContactInfo":""},"PolicyNumber":null,"ClaimNumber":null,"Deductible":null,"AccidentDate":null,"Inspection_Notes":"Contrato No \/ Rental Agreement: F3266286\r\nEconomico  \/ Stock: VV0470\r\nSeguro  \/ Coverage: LDW,B2B\r\nCD. Que Renta \/ Rental Location: MER50\r\nCD. Recibe \/ Return Location: MER50\r\nKM Salida \/ Mileage: 65587\r\nGas Salida \/ Fuel Tank Level: F\r\nDatos de contacto \/ Contact info: HOLIDAY IN MERIDA","EStatus":{"Id":5,"Name":"Draft"},"EStatusReason":{"Name":null},"CreateUTCTime":"2021-12-13T14:50:35.770","ModifyUTCTime":"2021-12-13T14:50:35.770","EstimationServices":null,"EstimationQuestions":null}
