{"EntityText":"#: E-000-2239745 Date: 12\/13\/2021 Stock: AU1609 RO: F3266940 PO:  (2021 CHE AVEOLS LSGHD52H2MD098913) Client: LUCAS ARMANDO HERALDEZ CHAVEZ","UTCTimestamp":"2022-03-28T04:26:50.300","InspectionId":"1757BA1F-0708-4980-A533-E7444702D731","InspectionNumber":"E-000-2239745","InspectionDate":"2021-12-13","InspectionType":{"Id":"33034816-D00A-49F6-8AA5-55D54FDE8907","Name":"Hoja de Inspeccion - check out"},"Amount":0.00,"ApprovedAmount":0.00,"DiscountAmount":0.00000,"TaxAmount":0.00000,"FeesAmount":0.00000,"Employee":{"Id":"4C1D4F7F-6DC2-4CCB-B1C9-068DC167B80B","Name":"HERTZ GDL50","ExternalID":null},"Client":{"Id":"EC182830-1EEB-4FEE-835C-18584FD3CAA7","Name":"LUCAS ARMANDO HERALDEZ CHAVEZ","Address":"BUENOS AIRE","Phone":"6674743263","ExternalID":null},"Vehicle":{"VIN":"LSGHD52H2MD098913","Year":2021,"Make":"CHE","Model":"AVEOLS","PlateNo":"DAC-33-74","Vehicle":{"Color":null},"Mileage":26125,"PaintCode":null},"StockNo":"AU1609","RONo":"F3266940","IsCompleted":false,"PONo":null,"SalesPerson":{"Id":null},"Sales":{"PersonName":null},"Owner":{"Id":null,"Name":null,"Address":"...","Phone":null},"Location":{"Name":null},"ServiceRequest":{"Id":"7FE4D662-4A5C-EC11-8103-00155D9EC500","Number":"R-0007923900","LocalId":9958847},"Order":{"Id":null,"No":null},"Invoice":{"Id":null,"No":null},"Insurance":{"Id":null,"Name":null,"Address":null,"ContactInfo":""},"PolicyNumber":null,"ClaimNumber":null,"Deductible":null,"AccidentDate":null,"Inspection_Notes":"Contrato No \/ Rental Agreement: F3266940\r\nEconomico  \/ Stock: AU1609\r\nSeguro  \/ Coverage: LDW,PAI,TP,B2B\r\nCD. Que Renta \/ Rental Location: GDL50\r\nCD. Recibe \/ Return Location: GDL50\r\nKM Salida \/ Mileage: 26125\r\nGas Salida \/ Fuel Tank Level: F\r\nDatos de contacto \/ Contact info: MARIA IRENE","EStatus":{"Id":5,"Name":"Draft"},"EStatusReason":{"Name":null},"CreateUTCTime":"2021-12-13T19:25:10.720","ModifyUTCTime":"2021-12-13T19:25:10.720","EstimationServices":null,"EstimationQuestions":null}
