{"EntityText":"#: E-000-2124045 Date: 12\/13\/2021 Stock: B51219 RO: MXI10993 PO:  (2021 CHE BEAT5P MA6CB6FD5MT012167) Client: MARIO SALCEDO","UTCTimestamp":"2022-03-28T04:19:48.133","InspectionId":"1766ED20-979D-4D9F-9D76-5FA00F0EDC09","InspectionNumber":"E-000-2124045","InspectionDate":"2021-12-13","InspectionType":{"Id":"33034816-D00A-49F6-8AA5-55D54FDE8907","Name":"Hoja de Inspeccion - check out"},"Amount":0.00,"ApprovedAmount":0.00,"DiscountAmount":0.00000,"TaxAmount":0.00000,"FeesAmount":0.00000,"Employee":{"Id":"A3FA764F-59C5-4A11-BDC2-8F157B708CCB","Name":"HERTZ MXI50","ExternalID":null},"Client":{"Id":"498A55AD-66C8-45E0-9FB3-36360E9CB5BB","Name":"MARIO SALCEDO","Address":"...","Phone":null,"ExternalID":null},"Vehicle":{"VIN":"MA6CB6FD5MT012167","Year":2021,"Make":"CHE","Model":"BEAT5P","PlateNo":"DAC-29-80","Vehicle":{"Color":null},"Mileage":19326,"PaintCode":null},"StockNo":"B51219","RONo":"MXI10993","IsCompleted":false,"PONo":null,"SalesPerson":{"Id":null},"Sales":{"PersonName":null},"Owner":{"Id":null,"Name":null,"Address":"...","Phone":null},"Location":{"Name":null},"ServiceRequest":{"Id":"086FC647-1449-EC11-8103-00155D9EC500","Number":"R-0007866048","LocalId":9868904},"Order":{"Id":null,"No":null},"Invoice":{"Id":null,"No":null},"Insurance":{"Id":null,"Name":null,"Address":null,"ContactInfo":""},"PolicyNumber":null,"ClaimNumber":null,"Deductible":null,"AccidentDate":null,"Inspection_Notes":"Contrato No \/ Rental Agreement: MXI10993\r\nEconomico  \/ Stock: B51219\r\nSeguro  \/ Coverage: \r\nCD. Que Renta \/ Rental Location: MXI50\r\nCD. Recibe \/ Return Location: MXI60\r\nKM Salida \/ Mileage: 19326\r\nGas Salida \/ Fuel Tank Level: 3\/4\r\nDatos de contacto \/ Contact info: ","EStatus":{"Id":5,"Name":"Draft"},"EStatusReason":{"Name":null},"CreateUTCTime":"2021-11-19T08:40:04.367","ModifyUTCTime":"2021-11-19T08:40:04.367","EstimationServices":null,"EstimationQuestions":null}
