{"EntityText":"#: E-000-2242425 Date: 12\/13\/2021 Stock: TA1410 RO: TJ001839 PO:  (2021 VW TAOS 3VVHB6B28MM006521) Client: ROBERTO GODINEZ","UTCTimestamp":"2022-03-28T04:32:19.930","InspectionId":"178B0359-69C1-4152-9A8E-85616892A705","InspectionNumber":"E-000-2242425","InspectionDate":"2021-12-13","InspectionType":{"Id":"33034816-D00A-49F6-8AA5-55D54FDE8907","Name":"Hoja de Inspeccion - check out"},"Amount":0.00,"ApprovedAmount":0.00,"DiscountAmount":0.00000,"TaxAmount":0.00000,"FeesAmount":0.00000,"Employee":{"Id":"ED630168-DBE6-4645-A153-00A57C5D54A6","Name":"HERTZ TIJ51","ExternalID":null},"Client":{"Id":"1BD6D0AF-3FA5-4937-8D41-CD03A1A44DAD","Name":"ROBERTO GODINEZ","Address":"...","Phone":null,"ExternalID":null},"Vehicle":{"VIN":"3VVHB6B28MM006521","Year":2021,"Make":"VW","Model":"TAOS","PlateNo":"DAC-73-65","Vehicle":{"Color":null},"Mileage":22330,"PaintCode":null},"StockNo":"TA1410","RONo":"TJ001839","IsCompleted":false,"PONo":null,"SalesPerson":{"Id":null},"Sales":{"PersonName":null},"Owner":{"Id":null,"Name":null,"Address":"...","Phone":null},"Location":{"Name":null},"ServiceRequest":{"Id":"C43E2298-9F5C-EC11-8103-00155D9EC500","Number":"R-0007925240","LocalId":9960984},"Order":{"Id":null,"No":null},"Invoice":{"Id":null,"No":null},"Insurance":{"Id":null,"Name":null,"Address":null,"ContactInfo":""},"PolicyNumber":null,"ClaimNumber":null,"Deductible":null,"AccidentDate":null,"Inspection_Notes":"Contrato No \/ Rental Agreement: TJ001839\r\nEconomico  \/ Stock: TA1410\r\nSeguro  \/ Coverage: \r\nCD. Que Renta \/ Rental Location: TIJ51\r\nCD. Recibe \/ Return Location: TIJ51\r\nKM Salida \/ Mileage: 22330\r\nGas Salida \/ Fuel Tank Level: 7\/8\r\nDatos de contacto \/ Contact info: ","EStatus":{"Id":5,"Name":"Draft"},"EStatusReason":{"Name":null},"CreateUTCTime":"2021-12-14T05:35:10.200","ModifyUTCTime":"2021-12-14T05:35:10.200","EstimationServices":null,"EstimationQuestions":null}
