{"EntityText":"#: E-000-2242037 Date: 12\/13\/2021 Stock: AS0667 RO: F3267784 PO:  (2020 CHE AVEOLS LSGHD52H3LD092052) Client: JULIA","UTCTimestamp":"2022-03-28T04:31:47.343","InspectionId":"178D02CC-CB30-4CBE-85B9-B97032CC5926","InspectionNumber":"E-000-2242037","InspectionDate":"2021-12-13","InspectionType":{"Id":"33034816-D00A-49F6-8AA5-55D54FDE8907","Name":"Hoja de Inspeccion - check out"},"Amount":0.00,"ApprovedAmount":0.00,"DiscountAmount":0.00000,"TaxAmount":0.00000,"FeesAmount":0.00000,"Employee":{"Id":"E65CFBE2-ED52-4C96-B955-1F2EE1902072","Name":"HERTZ R52M40KZ7FX","ExternalID":null},"Client":{"Id":"C781B564-61FF-408C-93AE-094E35D5A58F","Name":"JULIA","Address":"S 261ST PL","Phone":"9513109310","ExternalID":null},"Vehicle":{"VIN":"LSGHD52H3LD092052","Year":2020,"Make":"CHE","Model":"AVEOLS","PlateNo":"ZCY-724-C","Vehicle":{"Color":null},"Mileage":44354,"PaintCode":null},"StockNo":"AS0667","RONo":"F3267784","IsCompleted":false,"PONo":null,"SalesPerson":{"Id":null},"Sales":{"PersonName":null},"Owner":{"Id":null,"Name":null,"Address":"...","Phone":null},"Location":{"Name":null},"ServiceRequest":{"Id":"B870715B-845C-EC11-8103-00155D9EC500","Number":"R-0007925046","LocalId":9960718},"Order":{"Id":null,"No":null},"Invoice":{"Id":null,"No":null},"Insurance":{"Id":null,"Name":null,"Address":null,"ContactInfo":""},"PolicyNumber":null,"ClaimNumber":null,"Deductible":null,"AccidentDate":null,"Inspection_Notes":"Contrato No \/ Rental Agreement: F3267784\r\nEconomico  \/ Stock: AS0667\r\nSeguro  \/ Coverage: LDW\r\nCD. Que Renta \/ Rental Location: OAX50\r\nCD. Recibe \/ Return Location: OAX50\r\nKM Salida \/ Mileage: 44354\r\nGas Salida \/ Fuel Tank Level: F\r\nDatos de contacto \/ Contact info: CASA FAM ROSARIO","EStatus":{"Id":5,"Name":"Draft"},"EStatusReason":{"Name":null},"CreateUTCTime":"2021-12-14T02:20:11.997","ModifyUTCTime":"2021-12-14T02:20:11.997","EstimationServices":null,"EstimationQuestions":null}
