{"EntityText":"#: E-000-2237710 Date: 12\/13\/2021 Stock: VV1202 RO: F3266278 PO:  (2021 VW VENTO MEX5A2601MT118415) Client: VICTOR HUGO","UTCTimestamp":"2022-03-28T04:22:10.483","InspectionId":"179D03CD-4D57-4C54-84C7-9E141CE04FBF","InspectionNumber":"E-000-2237710","InspectionDate":"2021-12-13","InspectionType":{"Id":"04A19838-AEEC-4B12-BC41-77C52A166A0E","Name":"Hoja de Inspecci�n - check in"},"Amount":0.00,"ApprovedAmount":0.00,"DiscountAmount":0.00000,"TaxAmount":0.00000,"FeesAmount":0.00000,"Employee":{"Id":"D9181D69-A72F-4ED3-B334-455E1E58A55F","Name":"HERTZ F4KJL61QF193","ExternalID":null},"Client":{"Id":"648FB1EF-9F6D-4509-80B7-C1594B78ADD5","Name":"VICTOR HUGO","Address":"CALLE TAMUIN 18","Phone":"5527368740","ExternalID":null},"Vehicle":{"VIN":"MEX5A2601MT118415","Year":2021,"Make":"VW","Model":"VENTO","PlateNo":"YYK-350-D","Vehicle":{"Color":null},"Mileage":23455,"PaintCode":null},"StockNo":"VV1202","RONo":"F3266278","IsCompleted":false,"PONo":null,"SalesPerson":{"Id":null},"Sales":{"PersonName":null},"Owner":{"Id":null,"Name":null,"Address":"...","Phone":null},"Location":{"Name":null},"ServiceRequest":{"Id":"A9554500-245C-EC11-8103-00155D9EC500","Number":"R-0007922882","LocalId":9957407},"Order":{"Id":null,"No":null},"Invoice":{"Id":null,"No":null},"Insurance":{"Id":null,"Name":null,"Address":null,"ContactInfo":""},"PolicyNumber":null,"ClaimNumber":null,"Deductible":null,"AccidentDate":null,"Inspection_Notes":"Contrato No \/ Rental Agreement: F3266278\r\nEconomico  \/ Stock: VV1202\r\nSeguro  \/ Coverage: LDW,B2B,RS ASSIST.\r\nCD. Que Renta \/ Rental Location: CAN63\r\nCD. Recibe \/ Return Location: CAN50\r\nKM Salida \/ Mileage: 23455\r\nGas Salida \/ Fuel Tank Level: 7\/8\r\nDatos de contacto \/ Contact info: IMPERIAL LAS PERLAS","EStatus":{"Id":5,"Name":"Draft"},"EStatusReason":{"Name":null},"CreateUTCTime":"2021-12-13T14:50:27.100","ModifyUTCTime":"2021-12-13T14:50:27.100","EstimationServices":null,"EstimationQuestions":null}
