{"EntityText":"#: E-000-2240943 Date: 12\/13\/2021 Stock: VR8040 RO: F3267402 PO:  (2018 VW TRANSPOR WV2DMW7H5JH039434) Client: JUDITH","UTCTimestamp":"2022-03-28T04:29:14.223","InspectionId":"17B65372-E3D9-4838-90F3-4BC851CEB505","InspectionNumber":"E-000-2240943","InspectionDate":"2021-12-13","InspectionType":{"Id":"33034816-D00A-49F6-8AA5-55D54FDE8907","Name":"Hoja de Inspeccion - check out"},"Amount":0.00,"ApprovedAmount":0.00,"DiscountAmount":0.00000,"TaxAmount":0.00000,"FeesAmount":0.00000,"Employee":{"Id":"897AF737-C484-4D9C-9FEA-C21B99EABE11","Name":"HERTZ SAN50-01","ExternalID":null},"Client":{"Id":"F2A900B4-B4C9-4823-8B60-A18E8DF0B148","Name":"JUDITH","Address":"120 MONTE AVE","Phone":"5109284845","ExternalID":null},"Vehicle":{"VIN":"WV2DMW7H5JH039434","Year":2018,"Make":"VW","Model":"TRANSPOR","PlateNo":"76-45-AVD","Vehicle":{"Color":null},"Mileage":70733,"PaintCode":null},"StockNo":"VR8040","RONo":"F3267402","IsCompleted":false,"PONo":null,"SalesPerson":{"Id":null},"Sales":{"PersonName":null},"Owner":{"Id":null,"Name":null,"Address":"...","Phone":null},"Location":{"Name":null},"ServiceRequest":{"Id":"1224E431-625C-EC11-8103-00155D9EC500","Number":"R-0007924499","LocalId":9959858},"Order":{"Id":null,"No":null},"Invoice":{"Id":null,"No":null},"Insurance":{"Id":null,"Name":null,"Address":null,"ContactInfo":""},"PolicyNumber":null,"ClaimNumber":null,"Deductible":null,"AccidentDate":null,"Inspection_Notes":"Contrato No \/ Rental Agreement: F3267402\r\nEconomico  \/ Stock: VR8040\r\nSeguro  \/ Coverage: LDW,B2B,ALI,PAI,RS ASSIST.\r\nCD. Que Renta \/ Rental Location: SAN50\r\nCD. Recibe \/ Return Location: SAN50\r\nKM Salida \/ Mileage: 70733\r\nGas Salida \/ Fuel Tank Level: F\r\nDatos de contacto \/ Contact info: QUERENCIA","EStatus":{"Id":2,"Name":"Archived"},"EStatusReason":{"Name":"Car Changed"},"CreateUTCTime":"2021-12-13T22:15:36.803","ModifyUTCTime":"2021-12-14T17:40:12.303","EstimationServices":null,"EstimationQuestions":null}
